id,name,island,status,distM,googleResult,googleType,query
1,Παλμύρα,Athens area (mainland),WRONG_PLACE,7740,Palmyra Beach Hotel,hotel,"Παλμύρα, Athens area"
4,Α' Πλαζ Αλίμου «Στολίδι»,Athens area (mainland),WRONG_TYPE,209,Bolivar Beach Club,night_club,"Α' Πλαζ Αλίμου «Στολίδι», Athens area"
14,Β' πλαζ Βούλας,Athens area (mainland),WRONG_PLACE,2452,"A"" Πλαζ Βούλας",beach,"Β' πλαζ Βούλας, Athens area"
15,Μικρό Καβούρι,Athens area (mainland),WRONG_PLACE,1787,Νηρηίδες - Zen Beach,restaurant,"Μικρό Καβούρι, Athens area"
17,Μεγάλο Καβούρι,Athens area (mainland),WRONG_TYPE,709,Μεγάλο Καβούρι,,"Μεγάλο Καβούρι, Athens area"
18,Zen Beach / Νηρηίδες,Athens area (mainland),WRONG_TYPE,16,Νηρηίδες - Zen Beach,restaurant,"Zen Beach / Νηρηίδες, Athens area"
19,Astir Beach / Αστέρας Βουλιαγμένης,Athens area (mainland),WRONG_TYPE,127,Astir Beach,resort_hotel,"Astir Beach / Αστέρας Βουλιαγμένης, Athens area"
21,Παναγίτσα η Δύτισσα,Athens area (mainland),WRONG_PLACE,24153,Ιερός Ναός Κοιμήσεως της Θεοτόκου (Παναγίτσα),church,"Παναγίτσα η Δύτισσα, Athens area"
22,Λιμανάκια Βουλιαγμένης,Athens area (mainland),WRONG_TYPE,142,Β' Λιμανακια,bus_stop,"Λιμανάκια Βουλιαγμένης, Athens area"
23,Λιμανάκια Βουλιαγμένης Γυμνιστών,Athens area (mainland),WRONG_TYPE,415,Β' Λιμανακια,bus_stop,"Λιμανάκια Βουλιαγμένης Γυμνιστών, Athens area"
3025,Άλιμος Λουτρά,Athens area (mainland),WRONG_TYPE,133,Λουτρά Αλίμου,tram_stop,"Άλιμος Λουτρά, Athens area"
25,Παραλία Αγριλέζας,East Attica (mainland),WRONG_PLACE,23777,Αγριλέζας,,"Παραλία Αγριλέζας, East Attica"
27,Παραλία Αγίας Παρασκευής,East Attica (mainland),WRONG_PLACE,68806,Παραλία Αγία Παρασκευή,beach,"Παραλία Αγίας Παρασκευής, East Attica"
28,Παραλία Αγίου Κωνσταντίνου,East Attica (mainland),WRONG_PLACE,52046,Πλατεία Αγίου Κωνσταντίνου (Γλυφάδας),park,"Παραλία Αγίου Κωνσταντίνου, East Attica"
29,Παραλία Αγκώνα,East Attica (mainland),WRONG_TYPE,299,Αγκώνα,,"Παραλία Αγκώνα, East Attica"
30,Μικρό Σέσι,East Attica (mainland),WRONG_TYPE,41,Snack Bar Μικρό Σέσι,snack_bar,"Μικρό Σέσι, East Attica"
31,Θέρετρο Αξιωματικών Ναυτικού,East Attica (mainland),WRONG_TYPE,357,ΝΒΝΕ/ΘΑΝ (Ναυτική Βάση Νοτίου Ευβοϊκού / Θέρετρο Αξιωματικών Ναυτικού),resort_hotel,"Θέρετρο Αξιωματικών Ναυτικού, East Attica"
35,Όρμος Ληδάκι,East Attica (mainland),WRONG_TYPE,13,´Ορμος Ληδάκι,tourist_attraction,"Όρμος Ληδάκι, East Attica"
41,Παραλία Χαμολιά,East Attica (mainland),WRONG_PLACE,2091,Παραλία Χαμολιά,beach,"Παραλία Χαμολιά, East Attica"
45,Νησίδα Κεκροπούλα,East Attica (mainland),WRONG_PLACE,18073,Κέκρωψ SeaSideFood,restaurant,"Νησίδα Κεκροπούλα, East Attica"
46,Αυλάκι,East Attica (mainland),WRONG_TYPE,422,Αυλάκι,,"Αυλάκι, East Attica"
47,Πανόραμα,East Attica (mainland),WRONG_PLACE,16172,Πανόραμα,,"Πανόραμα, East Attica"
50,Λομπάρδα / Mojito Bay,East Attica (mainland),WRONG_PLACE,23241,Sunset cocktail beach bar,cocktail_bar,"Λομπάρδα / Mojito Bay, East Attica"
51,Ηλιόπουλος,East Attica (mainland),WRONG_PLACE,29908,Iliopoulos Hardware,home_goods_store,"Ηλιόπουλος, East Attica"
54,Γαλάζια Ακτή,East Attica (mainland),WRONG_PLACE,2058,Γαλάζια Ακτή,,"Γαλάζια Ακτή, East Attica"
55,Αρμυρίκια,East Attica (mainland),WRONG_PLACE,16644,Ταβέρνα Άρτεμις,restaurant,"Αρμυρίκια, East Attica"
56,Πόρτο Εννέα,East Attica (mainland),WRONG_TYPE,195,Πόρτο Εννιά,,"Πόρτο Εννέα, East Attica"
57,Πεύκο,East Attica (mainland),WRONG_PLACE,20665,Πεύκου,,"Πεύκο, East Attica"
58,Lagonissi Grand Resort,East Attica (mainland),WRONG_TYPE,126,"Grand Resort Lagonissi, The Leading Hotels of the World",resort_hotel,"Lagonissi Grand Resort, East Attica"
59,Καλοπήγαδο,East Attica (mainland),WRONG_TYPE,729,Καλοπήγαδο,,"Καλοπήγαδο, East Attica"
60,Ευκάλυπτα,East Attica (mainland),WRONG_PLACE,2266,Τα Ευκάλυπτα,restaurant,"Ευκάλυπτα, East Attica"
61,Τσονίμα,East Attica (mainland),WRONG_TYPE,328,Τσονίμα,,"Τσονίμα, East Attica"
65,Μαύρο Λιθάρι / Eden Beach,East Attica (mainland),WRONG_TYPE,845,Μαύρο Λιθάρι Beach Bar,cafe,"Μαύρο Λιθάρι / Eden Beach, East Attica"
67,Όρμος Αγίου Νικολάου,East Attica (mainland),WRONG_PLACE,33636,Ιερός Ναός Αγίου Νικολάου,church,"Όρμος Αγίου Νικολάου, East Attica"
68,Σκαλάκια Αναβύσσου,East Attica (mainland),WRONG_TYPE,53,Nisos Café Bar,bar,"Σκαλάκια Αναβύσσου, East Attica"
69,Παραλία Αγίου Νικολάου,East Attica (mainland),WRONG_PLACE,76625,Παραλία Αγίου Νικολάου,tourist_attraction,"Παραλία Αγίου Νικολάου, East Attica"
70,Θυμάρι,East Attica (mainland),WRONG_TYPE,1091,Θυμάρι,,"Θυμάρι, East Attica"
72,Πασά,East Attica (mainland),WRONG_PLACE,23446,East Attica Cruises- Resalto Terminal,transportation_service,"Πασά, East Attica"
73,Τσίου,East Attica (mainland),WRONG_PLACE,23755,East Attica Cruises- Resalto Terminal,transportation_service,"Τσίου, East Attica"
74,Ασημάκη,East Attica (mainland),WRONG_PLACE,27115,Ασημάκη Παλαιστού,,"Ασημάκη, East Attica"
75,Χάρακας,East Attica (mainland),WRONG_TYPE,820,Χάρακας,,"Χάρακας, East Attica"
78,Άγιος Πέτρος,East Attica (mainland),WRONG_PLACE,54952,Άγιος Πετρος,,"Άγιος Πέτρος, East Attica"
3006,Πόρτο Ράφτη Αυλάκι,East Attica (mainland),WRONG_TYPE,1351,Αυλάκι,,"Πόρτο Ράφτη Αυλάκι, East Attica"
3026,ΚΑΑΥ Άγιος Ανδρέας,East Attica (mainland),WRONG_TYPE,327,Κ.Α.Α.Υ. ΑΓ. ΑΝΔΡΕΑ,resort_hotel,"ΚΑΑΥ Άγιος Ανδρέας, East Attica"
3027,Ωρωπός Άγιοι Απόστολοι Καλάμου,East Attica (mainland),WRONG_PLACE,3608,"Άγιοι Απόστολοι,Καλάμου",housing_complex,"Ωρωπός Άγιοι Απόστολοι Καλάμου, East Attica"
3028,Ωρωπός Σκάλα Ωρωπού,East Attica (mainland),WRONG_TYPE,1335,Σκάλα Ωρωπού,,"Ωρωπός Σκάλα Ωρωπού, East Attica"
3029,Ωρωπός Χαλκούτσι,East Attica (mainland),WRONG_PLACE,1792,Χαλκούτσι,,"Ωρωπός Χαλκούτσι, East Attica"
81,Αγία Μαρίνα,Aegina,WRONG_TYPE,495,Αγία Μαρίνα,,"Αγία Μαρίνα, Aegina"
82,Αιγινήτισσα,Aegina,WRONG_TYPE,256,Ψαροταβέρνα Αιγινήτισσα,seafood_restaurant,"Αιγινήτισσα, Aegina"
83,Αύρα,Aegina,WRONG_TYPE,95,Avra Hotel,hotel,"Αύρα, Aegina"
84,Βοτσαλωτή Παραλία,Aegina,WRONG_PLACE,5728,Solemare beach bar,,"Βοτσαλωτή Παραλία, Aegina"
85,Κλειδί,Aegina,WRONG_PLACE,8499,Κλειδοτεχνοκίνηση Αίγινας - Ζαχάρογλου,locksmith,"Κλειδί, Aegina"
88,Παραλία Καμάρες,Aegina,WRONG_TYPE,36,Kamares Beach Bar Aegina,bar,"Παραλία Καμάρες, Aegina"
94,Σουβάλα,Aegina,WRONG_TYPE,404,Σουβάλα,,"Σουβάλα, Aegina"
97,Ξεκοφτή,Agistri,WRONG_PLACE,4262,Agistri Beach,lodging,"Ξεκοφτή, Agistri"
104,Καουμίθι,Hydra,WRONG_PLACE,6795,Windmill Hydra Bar,cocktail_bar,"Καουμίθι, Hydra"
105,Μανδράκι,Hydra,WRONG_TYPE,282,Μανδρακι,,"Μανδράκι, Hydra"
110,Άγιος Νικόλαος,Kythira,WRONG_PLACE,21332,Άγιος Νικόλαος Κρασάς,church,"Άγιος Νικόλαος, Kythira"
111,Καλάμι,Kythira,WRONG_PLACE,14006,Καλάμι,natural_feature,"Καλάμι, Kythira"
112,Αμμούτσι,Kythira,NO_RESULT,,,,"Αμμούτσι, Kythira"
113,Καλόγεροι,Kythira,WRONG_PLACE,366600,Καλόγεροι,,"Καλόγεροι, Kythira"
115,Βλυχάδα Πλατιάς Άμμου,Kythira,WRONG_TYPE,968,Πλατεία Άμμος,,"Βλυχάδα Πλατιάς Άμμου, Kythira"
116,Ῥουτσούνας,Kythira,WRONG_PLACE,25242,Χώρα Κύθηρα,service,"Ῥουτσούνας, Kythira"
117,Πλατιά Άμμος,Kythira,WRONG_TYPE,98,Πλατεία Άμμος,,"Πλατιά Άμμος, Kythira"
119,Αγία Πατρικία,Kythira,WRONG_TYPE,299,Αγία Πατρικία,church,"Αγία Πατρικία, Kythira"
122,Παραλια Καλαμίτσι,Kythira,WRONG_PLACE,9371,Παραλία Καλάμι,beach,"Παραλια Καλαμίτσι, Kythira"
125,Λίμνη (Αγίας Πελαγίας),Kythira,WRONG_PLACE,2620,Αγία Πελαγία,church,"Λίμνη (Αγίας Πελαγίας), Kythira"
127,Παραλία Δίπορος,Kythira,NO_RESULT,,,,"Παραλία Δίπορος, Kythira"
128,Πετρίτης,Kythira,WRONG_PLACE,14999,Πετραδι,lodging,"Πετρίτης, Kythira"
131,Διακόφτι,Kythira,WRONG_TYPE,219,Διακόφτι,,"Διακόφτι, Kythira"
133,Λιμνιώνας,Kythira,WRONG_TYPE,100,Λιμνιώνας,,"Λιμνιώνας, Kythira"
137,Βλυχάδα Ανατολική,Kythira,NO_RESULT,,,,"Βλυχάδα Ανατολική, Kythira"
141,Κακόπετρα,Kythira,WRONG_TYPE,16,Κακόπετρα,,"Κακόπετρα, Kythira"
144,Καψάλι,Kythira,WRONG_TYPE,214,Καψάλι,,"Καψάλι, Kythira"
146,Καψάλι Πίσω Γιαλός,Kythira,WRONG_TYPE,230,Πίσω Γιαλός,,"Καψάλι Πίσω Γιαλός, Kythira"
148,Στενό Αυλάκι,Kythira,WRONG_TYPE,13,Στενό Αυλάκι,,"Στενό Αυλάκι, Kythira"
150,Βρουλέα,Kythira,WRONG_PLACE,13513,Βρουλέα,beach,"Βρουλέα, Kythira"
151,Ξεροπόταμος,Kythira,WRONG_PLACE,40178,Χώρα Κύθηρα,service,"Ξεροπόταμος, Kythira"
3005,Κύθηρα Καψάλι,Kythira,WRONG_TYPE,749,Καψάλι,,"Κύθηρα Καψάλι, Kythira"
153,Άγιος Στέφανος,Poros,WRONG_PLACE,79227,Πόρου,,"Άγιος Στέφανος, Poros"
154,Αλυκή,Poros,WRONG_PLACE,156707,Αλυκή,,"Αλυκή, Poros"
162,Πλάκα,Poros,WRONG_TYPE,24,PLAKA Beach Bar & Resto,restaurant,"Πλάκα, Poros"
163,Μικρό Λαμπρανό,Salamina,WRONG_PLACE,8562,ΛΑΜΠΡΑΝΟ ΕΛΛΑΣ Α.Ε.,point_of_interest,"Μικρό Λαμπρανό, Salamina"
164,Παραλία Αγίου Νικολάου,Salamina,WRONG_PLACE,9330,Παραλία Αγίου Νικολάου,beach,"Παραλία Αγίου Νικολάου, Salamina"
166,Αγία Μαρίνα,Spetses,WRONG_TYPE,162,Αγία Μαρίνα,church,"Αγία Μαρίνα, Spetses"
168,Άγιοι Ανάργυροι,Spetses,WRONG_TYPE,192,Άγιοι Ανάργυροι,,"Άγιοι Ανάργυροι, Spetses"
171,Καΐκι,Spetses,WRONG_TYPE,56,Καΐκι Beach Club,bar,"Καΐκι, Spetses"
172,Καμάρες,Spetses,WRONG_PLACE,5106,Mimoza,hotel,"Καμάρες, Spetses"
173,Κουζουνός,Spetses,WRONG_PLACE,2125,Κουζουνος,,"Κουζουνός, Spetses"
174,Λιγονέρι,Spetses,WRONG_TYPE,1009,Λιγονέρι,,"Λιγονέρι, Spetses"
178,Ακτή Αγάπης,Methana,WRONG_TYPE,123,Ακτή Αγάπης,,"Ακτή Αγάπης, Methana"
179,Παραλία Νισάκι,Methana,WRONG_TYPE,237,nisaki rooms & apartments,bed_and_breakfast,"Παραλία Νισάκι, Methana"
180,Βοτσαλάκια,Methana,WRONG_PLACE,48011,Votsalakia Hotel & Suites,extended_stay_hotel,"Βοτσαλάκια, Methana"
181,Νήσιζα,Methana,WRONG_PLACE,35902,Νήσιζα,island,"Νήσιζα, Methana"
182,Παραλία Περάματος,Piraeus area,WRONG_PLACE,363256,Παραλία Πέραμα,tourist_attraction,"Παραλία Περάματος, Piraeus area"
183,Κράκαρης,Piraeus area,WRONG_TYPE,128,Είσοδος Κράκαρη - Πολυχώρος Λιπασμάτων,visitor_center,"Κράκαρης, Piraeus area"
185,Πλαζ Καλαμπάκα,Piraeus area,WRONG_TYPE,89,Καλαμπακα,bus_stop,"Πλαζ Καλαμπάκα, Piraeus area"
187,Ακρογιάλι,West Attica (mainland),WRONG_PLACE,55451,Ακρογιάλι Παλαιά Φώκαια,restaurant,"Ακρογιάλι, West Attica"
188,Παραλία Κινέτας,West Attica (mainland),WRONG_PLACE,2047,Παραλία Κινέτας,beach,"Παραλία Κινέτας, West Attica"
189,Παραλία Πόρτο Γερμενό,West Attica (mainland),WRONG_PLACE,1585,Προσήλι (Πόρτο Γερμενό),beach,"Παραλία Πόρτο Γερμενό, West Attica"
192,Ψάθα,West Attica (mainland),WRONG_TYPE,310,Ψάθα,,"Ψάθα, West Attica"
193,Αγία Ειρήνη Καρύστου,Evia,WRONG_PLACE,20121,Παραλία Αγία Ειρήνη,beach,"Αγία Ειρήνη Καρύστου, Evia"
195,Αγία Παρασκευή,Evia,WRONG_PLACE,49635,Αγία Παρασκευή,,"Αγία Παρασκευή, Evia"
196,Άγιος Αθανάσιος,Evia,WRONG_PLACE,88020,Άγιος Αθανάσιος,,"Άγιος Αθανάσιος, Evia"
197,Άγιος Αντώνιος,Evia,WRONG_PLACE,57309,Ιερά Γυναικεία Κοινοβιακή Μονή Αγ. Αντωνίου Αχλαδερής Ευβοίας,place_of_worship,"Άγιος Αντώνιος, Evia"
198,Άγιος Βασίλειος,Evia,WRONG_PLACE,82714,Άγιος Βασίλειος,,"Άγιος Βασίλειος, Evia"
199,Άγιος Δημήτριος,Evia,WRONG_PLACE,157379,Άγιος Δημήτριος,,"Άγιος Δημήτριος, Evia"
200,Άγιος Μηνάς,Evia,WRONG_TYPE,571,Άγιος Μήνας,,"Άγιος Μηνάς, Evia"
201,Άγιος Νικόλαος,Evia,WRONG_PLACE,50191,Άγιος Νικόλαος,,"Άγιος Νικόλαος, Evia"
202,Αγκάλη,Evia,WRONG_PLACE,2018,Αγκάλη,,"Αγκάλη, Evia"
203,Ακρωτήρι,Evia,WRONG_PLACE,2248,Ακρωτήρι,,"Ακρωτήρι, Evia"
207,Αράλιμος,Evia,WRONG_TYPE,103,Ταβέρνα Ακρογιάλι,restaurant,"Αράλιμος, Evia"
211,Βαλοπούλα,Evia,WRONG_TYPE,37,Βαλοπούλα Δροσιάς,tourist_attraction,"Βαλοπούλα, Evia"
217,Γιαννίτσι,Evia,WRONG_PLACE,1736,Γιαννίτσι,,"Γιαννίτσι, Evia"
218,Γρεγολίμανο,Evia,WRONG_TYPE,316,Γρεγολίμανο,,"Γρεγολίμανο, Evia"
220,Ελιά,Evia,WRONG_PLACE,155972,Elia Apartments,hotel,"Ελιά, Evia"
222,Ζέφυρος,Evia,WRONG_TYPE,111,Ζέφυρος - Cafe | Restaurant | Events,restaurant,"Ζέφυρος, Evia"
224,Κάβος,Evia,WRONG_PLACE,169755,Κάβος,,"Κάβος, Evia"
225,Κακιά,Evia,WRONG_PLACE,22887,Evia Riviera Resort by Anayia All Inclusive Resorts,hotel,"Κακιά, Evia"
227,Καλάμι,Evia,WRONG_PLACE,20682,παραλία καλάμι,beach,"Καλάμι, Evia"
228,Καλαμίτσι,Evia,WRONG_PLACE,40243,Παραλία Καλαμίτσι,natural_feature,"Καλαμίτσι, Evia"
229,Κάλαμος,Evia,WRONG_TYPE,91,Κάλαμος,,"Κάλαμος, Evia"
230,Καναπίτσα,Evia,WRONG_PLACE,75269,Καναπίτσα,,"Καναπίτσα, Evia"
232,Κεφάλα,Evia,WRONG_TYPE,173,Kefala Cape,lodging,"Κεφάλα, Evia"
233,Κλιμάκι,Evia,WRONG_TYPE,329,Κλιμάκι,,"Κλιμάκι, Evia"
234,Κοκκινιάς,Evia,WRONG_PLACE,86897,Κοκκινιάς,,"Κοκκινιάς, Evia"
235,Κορασίδα,Evia,WRONG_TYPE,702,Κορασίδα,,"Κορασίδα, Evia"
236,Κόσκινα,Evia,WRONG_PLACE,2611,Κοσκινά,,"Κόσκινα, Evia"
237,Κουρέντι,Evia,WRONG_TYPE,73,ΚΟΥΡΕΝΤΙ,bus_stop,"Κουρέντι, Evia"
240,Λευκή Ακτή,Evia,WRONG_PLACE,177330,Παραλία Λεύκη,scenic_spot,"Λευκή Ακτή, Evia"
241,Λημνιώνας Μαρμαρίου,Evia,WRONG_PLACE,82524,Παραλία Λιμνιώνας,beach,"Λημνιώνας Μαρμαρίου, Evia"
245,Λιβαδάκια,Evia,WRONG_PLACE,86074,Παραλία Λιβαδάκι,beach,"Λιβαδάκια, Evia"
247,Λιμνιώνα,Evia,WRONG_PLACE,67637,Λιμνιώνας,,"Λιμνιώνα, Evia"
250,Λινάρι,Evia,WRONG_PLACE,113004,Στενό Λινάρι,beach,"Λινάρι, Evia"
254,Μάρμαρα,Evia,WRONG_PLACE,11754,Μαρμάρι,,"Μάρμαρα, Evia"
257,Μικρή Κεφάλα,Evia,WRONG_TYPE,125,Kefala Cape,lodging,"Μικρή Κεφάλα, Evia"
258,Μνήματα,Evia,WRONG_PLACE,81984,Δύο Πύργοι Μύτικα,historical_landmark,"Μνήματα, Evia"
259,Μπουρνόντας,Evia,WRONG_TYPE,603,Μπουρνώντας,,"Μπουρνόντας, Evia"
261,Νησιώτισσα,Evia,WRONG_PLACE,120430,Νησιώτισσα | Ταβέρνα - Βριλήσσια,seafood_restaurant,"Νησιώτισσα, Evia"
262,Παπαθανασίου,Evia,WRONG_TYPE,171,Παπαθανασίου,,"Παπαθανασίου, Evia"
263,Παραλία Αγίου Νικολάου,Evia,WRONG_PLACE,30618,Παραλία Αγίου Νικολάου,,"Παραλία Αγίου Νικολάου, Evia"
266,Παραλία Αχλαδίου (Φραγκάκη),Evia,WRONG_TYPE,505,Achladi Beach Apartments,resort_hotel,"Παραλία Αχλαδίου (Φραγκάκη), Evia"
270,Παραλία Εύα,Evia,WRONG_PLACE,85285,Παραλία Πόρτο Πεύκο,tourist_attraction,"Παραλία Εύα, Evia"
275,Παραλία Μουρτιάς,Evia,WRONG_PLACE,29209,Παραλία Μουρτιά,beach,"Παραλία Μουρτιάς, Evia"
277,Παραλία Πολιτικών,Evia,WRONG_PLACE,30101,Παραλία Πολιτικών,,"Παραλία Πολιτικών, Evia"
279,Παραλία Σκιάθου,Evia,WRONG_PLACE,33539,Παραλία Κυμάσι,beach,"Παραλία Σκιάθου, Evia"
281,Παραλία Φάρου,Evia,WRONG_PLACE,7595,Φάρος Αυλίδας,scenic_spot,"Παραλία Φάρου, Evia"
284,Πέλαγος,Evia,WRONG_PLACE,49228,HOTEL PELAGOS STUDIOS,hotel,"Πέλαγος, Evia"
285,Πέρα Κατσούλι,Evia,WRONG_PLACE,63821,Κατσούλη,,"Πέρα Κατσούλι, Evia"
287,Πηνελόπη,Evia,WRONG_PLACE,151648,Penelope-Πηνελόπη,hotel,"Πηνελόπη, Evia"
288,Πίσω Συκιά,Evia,NO_RESULT,,,,"Πίσω Συκιά, Evia"
290,Πόρτο Λάφια,Evia,WRONG_TYPE,179,Πόρτο Λάφια,,"Πόρτο Λάφια, Evia"
292,Ποτάμι Καρύστου,Evia,WRONG_TYPE,730,Ποτάμι,,"Ποτάμι Καρύστου, Evia"
295,Ροδιές,Evia,WRONG_PLACE,48445,Ροβιές,,"Ροδιές, Evia"
296,Σαρακήνικο Βλαχιάς,Evia,WRONG_TYPE,302,Σαρακήνικο,,"Σαρακήνικο Βλαχιάς, Evia"
298,Σγούρα,Evia,NO_RESULT,,,,"Σγούρα, Evia"
299,Σουβάλα,Evia,WRONG_PLACE,77950,Λιμάνι Σουβάλας,ferry_service,"Σουβάλα, Evia"
300,Σούρζα Μπουτ,Evia,NO_RESULT,,,,"Σούρζα Μπουτ, Evia"
302,Σπίθα,Evia,NO_RESULT,,,,"Σπίθα, Evia"
303,Στενή,Evia,WRONG_PLACE,73012,Στενή Δίρφυος,,"Στενή, Evia"
305,Συκιές,Evia,WRONG_PLACE,47408,Συκιές,,"Συκιές, Evia"
307,Τριανταφυλλένια,Evia,WRONG_PLACE,47044,"ΛΑΨΑΝΗ ΤΡΙΑΝΤΑΦΥΛΛΙΑ, ΕΝΟΙΚΙΑΖΟΜΕΝΑ ΔΩΜΑΤΙΑ",hotel,"Τριανταφυλλένια, Evia"
317,Καλαμίτσα,Skyros,WRONG_TYPE,372,Καλαμίτσα,,"Καλαμίτσα, Skyros"
318,Φωκιοτρύπα,Skyros,WRONG_PLACE,7847,Amphitrite apartments Skyros,hotel,"Φωκιοτρύπα, Skyros"
319,Αχερούνες,Skyros,WRONG_TYPE,604,Αχερούνες,,"Αχερούνες, Skyros"
320,Πεύκος,Skyros,WRONG_TYPE,328,Πεύκο,,"Πεύκος, Skyros"
321,Αχίλλι,Skyros,WRONG_TYPE,342,Αχίλλι,,"Αχίλλι, Skyros"
323,Μπάσαλες,Skyros,WRONG_TYPE,194,Mpasales House,lodging,"Μπάσαλες, Skyros"
326,Μώλος,Skyros,WRONG_TYPE,315,Μώλος,,"Μώλος, Skyros"
331,Μικρή Αγαλίπα,Skyros,WRONG_PLACE,10479,Agalipa Luxury Apartments - Αγαλίπα Luxury Apartments,travel_agency,"Μικρή Αγαλίπα, Skyros"
332,Παλαμάρι,Skyros,WRONG_TYPE,247,Αρχαιολογικός Χώρος Παλαμαρίου Σκύρου,historical_landmark,"Παλαμάρι, Skyros"
334,Άγιος Πέτρος,Skyros,WRONG_TYPE,1180,Ταβέρνα Άγιος Πέτρος,restaurant,"Άγιος Πέτρος, Skyros"
337,Άγιος Ισίδωρος,Fokida (mainland),WRONG_TYPE,688,Άγιος Ισίδωρος,,"Άγιος Ισίδωρος, Fokida"
339,Άσπρα Χαλίκια,Fokida (mainland),WRONG_TYPE,1174,ΑΥΡΑ,restaurant,"Άσπρα Χαλίκια, Fokida"
340,Γιάννακης,Fokida (mainland),NO_RESULT,,,,"Γιάννακης, Fokida"
341,Καλαφάτης,Fokida (mainland),WRONG_TYPE,99,Kalafatis beach bar galaxidi,restaurant,"Καλαφάτης, Fokida"
342,Καψάλες,Fokida (mainland),NO_RESULT,,,,"Καψάλες, Fokida"
343,Κεντρί,Fokida (mainland),WRONG_PLACE,16270,Πολιτιστικό Κέντρο Φωκίδας,cultural_center,"Κεντρί, Fokida"
345,Μαραθιάς,Fokida (mainland),WRONG_TYPE,381,Μαραθιάς,,"Μαραθιάς, Fokida"
347,Μονόλιθος,Fokida (mainland),WRONG_PLACE,560091,Κάστρο Μονολίθου,castle,"Μονόλιθος, Fokida"
348,Παραλία Αγίου Ανδρέα,Fokida (mainland),WRONG_PLACE,132731,Παραλία Αγίου Ανδρέα,service,"Παραλία Αγίου Ανδρέα, Fokida"
353,Σκάλωμα,Fokida (mainland),WRONG_TYPE,209,Σκάλωμα,,"Σκάλωμα, Fokida"
354,Σκούλες Μικρή και Μεγάλη,Fokida (mainland),NO_RESULT,,,,"Σκούλες Μικρή και Μεγάλη, Fokida"
3030,Δωρίδα Ερατεινή,Fokida (mainland),WRONG_TYPE,207,Ερατεινή,,"Δωρίδα Ερατεινή, Fokida"
356,Αγιόνερο,Fthiotida (mainland),WRONG_PLACE,77783,To Agionero - Meze & Tsipouro | Το Αγιόνερο - Μεζεδοπωλείο,restaurant,"Αγιόνερο, Fthiotida"
357,Βίβος,Fthiotida (mainland),WRONG_PLACE,3688,Μικροβιβος,,"Βίβος, Fthiotida"
358,Κέδρος,Fthiotida (mainland),WRONG_TYPE,268,Καλύψω,,"Κέδρος, Fthiotida"
359,Καραβόμυλος,Fthiotida (mainland),WRONG_TYPE,428,Καραβόμυλος,,"Καραβόμυλος, Fthiotida"
360,Μεγάλη Σουβάλα,Fthiotida (mainland),WRONG_PLACE,45090,Πλατεία Πολύδροσου (Σουβάλα),park,"Μεγάλη Σουβάλα, Fthiotida"
361,Μικρή Σουβάλα,Fthiotida (mainland),WRONG_PLACE,105717,Μικρή Σουφάλα Ταβέρνα-Καφέ,barbecue_restaurant,"Μικρή Σουβάλα, Fthiotida"
363,Παραλία Αγίου Νικολάου,Fthiotida (mainland),WRONG_PLACE,15784,Παραλία Αγίου Νικολάου,,"Παραλία Αγίου Νικολάου, Fthiotida"
366,Παραλία Καναπίτσα,Fthiotida (mainland),WRONG_PLACE,62188,Παραλία Καναπίτσα,beach,"Παραλία Καναπίτσα, Fthiotida"
369,Σχοινιά,Fthiotida (mainland),WRONG_PLACE,107151,Εθνικό Πάρκο Σχινιά Μαραθώνα,national_park,"Σχοινιά, Fthiotida"
370,Φλοίσβος Πλαζ,Fthiotida (mainland),WRONG_PLACE,42104,Ταβέρνα Ο Φλοίσβος,restaurant,"Φλοίσβος Πλαζ, Fthiotida"
371,Άγιος Νικόλαος,Viotia (mainland),WRONG_PLACE,35120,Άγιος Νικόλαος,,"Άγιος Νικόλαος, Viotia"
372,Γυάλινη Άμμος,Viotia (mainland),WRONG_PLACE,92445,ΔΑΜΙΑΝΟΣ Μ.ΣΤΡΟΥΜΠΟΥΛΗΣ ΜΟΝ ΑΕ - ΧΑΛΑΖΙΑΚΗ ΑΜΜΟΣ,wholesaler,"Γυάλινη Άμμος, Viotia"
375,Παραλία Κορομίλι,Viotia (mainland),WRONG_TYPE,114,Agrilia Koromili Retreat,hotel,"Παραλία Κορομίλι, Viotia"
3031,Τανάγρα Δήλεσι,Viotia (mainland),WRONG_TYPE,852,Δήλεσι,,"Τανάγρα Δήλεσι, Viotia"
379,Agios Georgios,Halkidiki (mainland),WRONG_PLACE,66902,Εκκλησία Άγιος Γεώργιος,church,"Agios Georgios, Halkidiki"
380,Agios Nikolaos,Halkidiki (mainland),WRONG_PLACE,37739,Άγιος Νικόλαος,,"Agios Nikolaos, Halkidiki"
381,Παραλία Πευκοχωρίου,Halkidiki (mainland),WRONG_PLACE,14102,Παραλία Πευκοχώρι,beach,"Παραλία Πευκοχωρίου, Halkidiki"
386,Blue Dream,Halkidiki (mainland),WRONG_PLACE,10544,Blue Dream Afytos,hotel,"Blue Dream, Halkidiki"
387,Brounou,Halkidiki (mainland),NO_RESULT,,,,"Brounou, Halkidiki"
388,Castello,Halkidiki (mainland),WRONG_TYPE,106,Camping Castello,campground,"Castello, Halkidiki"
389,Chrysi Ammoudia,Halkidiki (mainland),WRONG_PLACE,59139,Χρυσή Αμμουδιά,apartment_complex,"Chrysi Ammoudia, Halkidiki"
391,Dimotiki Plaz 1,Halkidiki (mainland),NO_RESULT,,,,"Dimotiki Plaz 1, Halkidiki"
392,Dimotiki Plaz 2,Halkidiki (mainland),NO_RESULT,,,,"Dimotiki Plaz 2, Halkidiki"
393,Dimotiki Plaz 3,Halkidiki (mainland),NO_RESULT,,,,"Dimotiki Plaz 3, Halkidiki"
395,Faka,Halkidiki (mainland),WRONG_PLACE,535252,Faka restaurant,restaurant,"Faka, Halkidiki"
397,Golden,Halkidiki (mainland),WRONG_PLACE,3034,Golden Beach,beach,"Golden, Halkidiki"
400,Παραλία Γερακινής,Halkidiki (mainland),WRONG_TYPE,764,Παραλία Γερακινής,,"Παραλία Γερακινής, Halkidiki"
401,Iliovasilema,Halkidiki (mainland),WRONG_PLACE,152235,Iliovasilema,lodging,"Iliovasilema, Halkidiki"
404,Kalamitsi,Halkidiki (mainland),WRONG_TYPE,162,Καλαμίτσι,,"Kalamitsi, Halkidiki"
405,Kallithea,Halkidiki (mainland),WRONG_TYPE,406,Καλλιθέα,,"Kallithea, Halkidiki"
408,Kavouri,Halkidiki (mainland),WRONG_PLACE,57164,Ουζερί του Καβούρη,oyster_bar_restaurant,"Kavouri, Halkidiki"
410,Kefalas,Halkidiki (mainland),WRONG_PLACE,292446,Ποδήλατα Kefalasbikes.gr,bicycle_store,"Kefalas, Halkidiki"
412,Komitsa,Halkidiki (mainland),WRONG_TYPE,932,Κουμίτσα,,"Komitsa, Halkidiki"
413,Kristina,Halkidiki (mainland),WRONG_PLACE,72288,Christina Suites,lodging,"Kristina, Halkidiki"
414,Kryfos Paradeisos,Halkidiki (mainland),WRONG_PLACE,14274,Paradisos Holiday,hotel,"Kryfos Paradeisos, Halkidiki"
415,Lagomandra,Halkidiki (mainland),WRONG_TYPE,109,Λαγόμανδρα,,"Lagomandra, Halkidiki"
419,Limanaki,Halkidiki (mainland),WRONG_PLACE,33374,Limanaki,seafood_restaurant,"Limanaki, Halkidiki"
420,Limani,Halkidiki (mainland),WRONG_PLACE,27754,Λιμάνι Νέου Μαρμαρά,ferry_service,"Limani, Halkidiki"
423,Livadi,Halkidiki (mainland),WRONG_PLACE,152726,Λιβάδι,,"Livadi, Halkidiki"
435,Plagia Flogita,Halkidiki (mainland),WRONG_TYPE,1446,Νέα Πλάγια,,"Plagia Flogita, Halkidiki"
436,Platania,Halkidiki (mainland),WRONG_TYPE,207,Πλατανιά,,"Platania, Halkidiki"
440,Porto Koufo,Halkidiki (mainland),WRONG_TYPE,887,Κουφός,,"Porto Koufo, Halkidiki"
441,Psakoudia,Halkidiki (mainland),WRONG_TYPE,889,Ψακούδια,,"Psakoudia, Halkidiki"
442,Sani Hill,Halkidiki (mainland),WRONG_PLACE,2990,Sunny Hill Studios,hotel,"Sani Hill, Halkidiki"
443,Sarti,Halkidiki (mainland),WRONG_TYPE,813,Σάρτη,,"Sarti, Halkidiki"
444,Μικρή Παραλία,Halkidiki (mainland),WRONG_PLACE,64661,Παραλία Μηλιές,,"Μικρή Παραλία, Halkidiki"
451,Tsifliki,Halkidiki (mainland),WRONG_PLACE,73270,Χατζή Μπαχτσέ,restaurant,"Tsifliki, Halkidiki"
452,Varkes,Halkidiki (mainland),WRONG_PLACE,30407,On Waves Rent a boat Vourvourou Halkidiki,service,"Varkes, Halkidiki"
453,Voreas Limani,Halkidiki (mainland),WRONG_PLACE,42528,Γέφυρα Ποταμού Χαβρία,bridge,"Voreas Limani, Halkidiki"
473,Παραλία Αυλάκι,Halkidiki (mainland),NO_RESULT,,,,"Παραλία Αυλάκι, Halkidiki"
478,Παραλία Ανθούπολης,Halkidiki (mainland),WRONG_PLACE,73632,Παραλία Καμπούδι / Άκραθως,,"Παραλία Ανθούπολης, Halkidiki"
480,Παραλία Ελαιώνα,Halkidiki (mainland),WRONG_PLACE,265739,Παραλία Ελαιώνα,beach,"Παραλία Ελαιώνα, Halkidiki"
483,Παραλία Φτερωτή,Halkidiki (mainland),WRONG_TYPE,176,Φτερωτή,,"Παραλία Φτερωτή, Halkidiki"
496,Παραλία Πύργου,Halkidiki (mainland),WRONG_PLACE,12841,Παραλία Πύργος,beach,"Παραλία Πύργου, Halkidiki"
503,Alykes Kitrous,Pieria (mainland),WRONG_TYPE,678,Αλυκή,,"Alykes Kitrous, Pieria"
504,Alyki,Pieria (mainland),WRONG_TYPE,235,Αλυκή,,"Alyki, Pieria"
505,Παραλία Λεπτοκαρυάς,Pieria (mainland),WRONG_TYPE,1175,Παραλία,,"Παραλία Λεπτοκαρυάς, Pieria"
506,Ολυμπιακή Ακτή,Pieria (mainland),WRONG_TYPE,328,Ολυμπιακή Ακτή,,"Ολυμπιακή Ακτή, Pieria"
507,Panteleimonas,Pieria (mainland),WRONG_PLACE,3119,Παντελεήμων,,"Panteleimonas, Pieria"
509,Πύδνα,Pieria (mainland),WRONG_TYPE,136,Αρχαία Πύδνα,,"Πύδνα, Pieria"
510,Skotina,Pieria (mainland),WRONG_PLACE,3486,Σκοτίνα,,"Skotina, Pieria"
511,Πλαζ Αρετσούς,Thessaloniki area,WRONG_TYPE,80,Πλαζ Αρετσού,coffee_shop,"Πλαζ Αρετσούς, Thessaloniki area"
512,Παραλία Αγγελοχωρίου,Thessaloniki area,WRONG_PLACE,15965,Hidden Beach,tourist_attraction,"Παραλία Αγγελοχωρίου, Thessaloniki area"
513,Παραλία Αγίας Τριάδας,Thessaloniki area,WRONG_PLACE,21996,Παραλία Αγίας Τριάδας,beach,"Παραλία Αγίας Τριάδας, Thessaloniki area"
514,Γιατρού Τσαΐρι,Thessaloniki area,WRONG_PLACE,67001,ΤΣΑΚΙΡΗ ΑΜΑΛΙΑ - ΔΕΡΜΑΤΟΛΟΓΟΣ - ΘΕΣΣΑΛΟΝΙΚΗ,doctor,"Γιατρού Τσαΐρι, Thessaloniki area"
517,Κρουστάλη,Thessaloniki area,WRONG_PLACE,66491,Κάστρα Θεσσαλονίκης,historical_landmark,"Κρουστάλη, Thessaloniki area"
518,Κυανή Ακτή,Thessaloniki area,WRONG_PLACE,590083,Παραλία Κυανή Ακτή,tourist_attraction,"Κυανή Ακτή, Thessaloniki area"
519,Μηλιές,Thessaloniki area,WRONG_TYPE,1065,Μηλιές,,"Μηλιές, Thessaloniki area"
520,Ναυάγιο Επανομής,Thessaloniki area,WRONG_PLACE,2291,Ναυάγιο Επανομή,tourist_attraction,"Ναυάγιο Επανομής, Thessaloniki area"
522,Παραλία Νέων Βρασνών,Thessaloniki area,WRONG_PLACE,3286,Παραλία Βρασνών,beach,"Παραλία Νέων Βρασνών, Thessaloniki area"
523,Πάτωμα,Thessaloniki area,WRONG_PLACE,71303,Samour Floors,building_materials_store,"Πάτωμα, Thessaloniki area"
525,Παραλία Σερραϊκή Ακτή,Thessaloniki area,WRONG_TYPE,494,Σερραϊκή Ακτή,,"Παραλία Σερραϊκή Ακτή, Thessaloniki area"
526,Τραπέζι,Thessaloniki area,WRONG_PLACE,68588,ΕΠΙΠΛΑ MAKIS & NIKOS,furniture_store,"Τραπέζι, Thessaloniki area"
527,Άργιλος,Crete (Chania),WRONG_TYPE,737,Argilos Tavern,restaurant,"Άργιλος, Chania, Crete"
529,Βρύση,Crete (Chania),WRONG_PLACE,20692,Βρύση,river,"Βρύση, Chania, Crete"
531,Καλαμάκι,Crete (Chania),WRONG_PLACE,4309,Τα Καλαμάκια,restaurant,"Καλαμάκι, Chania, Crete"
536,Λευκή Παραλία,Crete (Chania),WRONG_PLACE,10282,Σεϊτάν Λιμάνι,,"Λευκή Παραλία, Chania, Crete"
539,Μαράθι,Crete (Chania),WRONG_TYPE,366,Μαράθι,,"Μαράθι, Chania, Crete"
541,Μαχαιρίδα,Crete (Chania),WRONG_TYPE,313,Λίμνη Μαχαιρίδας,nature_preserve,"Μαχαιρίδα, Chania, Crete"
542,Μέθεξις,Crete (Chania),WRONG_TYPE,30,ΜΕΘΕΞΙΣ,restaurant,"Μέθεξις, Chania, Crete"
552,Παραλία Θανάσης,Crete (Chania),WRONG_PLACE,10944,Σεϊτάν Λιμάνι,,"Παραλία Θανάσης, Chania, Crete"
553,Παραλία Καλάμια,Crete (Chania),WRONG_PLACE,50331,Παραλία Καλάμι,beach,"Παραλία Καλάμια, Chania, Crete"
556,Παραλία Κούτελος,Crete (Chania),WRONG_TYPE,49,Koutelo by the sea..Hotel-Restaurant,resort_hotel,"Παραλία Κούτελος, Chania, Crete"
557,Παραλία Λάκκοι,Crete (Chania),WRONG_PLACE,38164,Λάκκοι,,"Παραλία Λάκκοι, Chania, Crete"
560,Παραλία Μελτεμάκι,Crete (Chania),WRONG_TYPE,84,ΜΕΛΤΕΜΑΚΙ RESTAURANT AND BEACH BAR,restaurant,"Παραλία Μελτεμάκι, Chania, Crete"
562,Παραλία Σεντόνι,Crete (Chania),WRONG_PLACE,44829,Σεϊτάν Λιμάνι,,"Παραλία Σεντόνι, Chania, Crete"
563,Παραλία Τελώνιο,Crete (Chania),WRONG_PLACE,48690,Σεϊτάν Λιμάνι,,"Παραλία Τελώνιο, Chania, Crete"
569,Παραλία Χαλέπα,Crete (Chania),WRONG_TYPE,274,Κουλούρα Χαλέπας,tourist_attraction,"Παραλία Χαλέπα, Chania, Crete"
571,Παραλίες Βάταλου,Crete (Chania),WRONG_PLACE,37393,Παραλία Βλητέ,beach,"Παραλίες Βάταλου, Chania, Crete"
572,Παχιά Άμμος,Crete (Chania),WRONG_PLACE,54687,Παραλία Παχιά Άμμος Σταυρού,,"Παχιά Άμμος, Chania, Crete"
575,Ραπανιανά,Crete (Chania),WRONG_TYPE,1182,Ραπανιανά,,"Ραπανιανά, Chania, Crete"
576,Σεϊτάν Λιμάνι,Crete (Chania),WRONG_TYPE,7,Σεϊτάν Λιμάνι,,"Σεϊτάν Λιμάνι, Chania, Crete"
577,Σούγια,Crete (Chania),WRONG_TYPE,121,Σούγια,,"Σούγια, Chania, Crete"
581,Τερσανάς,Crete (Chania),WRONG_TYPE,774,Τερσάνα,,"Τερσανάς, Chania, Crete"
582,Τραχήλι,Crete (Chania),WRONG_PLACE,406488,Παραλία Τραχήλι,beach,"Τραχήλι, Chania, Crete"
583,Φιλάκι,Crete (Chania),WRONG_PLACE,20218,Φυλακή,,"Φιλάκι, Chania, Crete"
585,Afrata,Crete (Chania),WRONG_TYPE,863,Αφράτα,,"Afrata, Chania, Crete"
586,Aghios Pavlos Beach,Crete (Chania),WRONG_PLACE,49666,Παραλία Άγιος Παύλος,beach,"Aghios Pavlos Beach, Chania, Crete"
587,Agios Onoufrios,Crete (Chania),WRONG_TYPE,714,Agios Onoufrios,,"Agios Onoufrios, Chania, Crete"
589,Ammos,Crete (Chania),WRONG_PLACE,43603,Ammos Hotel,hotel,"Ammos, Chania, Crete"
590,Aptera,Crete (Chania),WRONG_PLACE,13794,Άπτερα,,"Aptera, Chania, Crete"
596,Falasarna,Crete (Chania),WRONG_TYPE,365,Φαλάσαρνα,,"Falasarna, Chania, Crete"
598,Georgioupoli,Crete (Chania),WRONG_PLACE,1535,Γεωργιούπολη,,"Georgioupoli, Chania, Crete"
599,Grammeno,Crete (Chania),WRONG_TYPE,183,Grammeno Camping,campground,"Grammeno, Chania, Crete"
601,Kalami,Crete (Chania),WRONG_TYPE,646,Καλάμι,,"Kalami, Chania, Crete"
602,Kalathas,Crete (Chania),WRONG_TYPE,622,Καλαθάς,,"Kalathas, Chania, Crete"
603,Kalyves,Crete (Chania),WRONG_TYPE,580,Καλύβες,,"Kalyves, Chania, Crete"
605,Kera,Crete (Chania),WRONG_PLACE,41794,Κερά,,"Kera, Chania, Crete"
606,Limnionari,Crete (Chania),WRONG_PLACE,382190,Limnonari Restaurant,seafood_restaurant,"Limnionari, Chania, Crete"
609,Tavronitis,Crete (Chania),WRONG_TYPE,1241,Ταυρωνίτης,,"Tavronitis, Chania, Crete"
610,Timios Stavros beach,Crete (Chania),WRONG_PLACE,43716,Παραλία Σταυρός,natural_feature,"Timios Stavros beach, Chania, Crete"
3032,Αποκορώνου Αλμυρίδα,Crete (Chania),WRONG_TYPE,256,Αλμυρίδα,,"Αποκορώνου Αλμυρίδα, Chania, Crete"
617,Λίβας,Gavdos,WRONG_TYPE,379,"Λίβας "" κρητικό μουσικό ρακάδικο""",restaurant,"Λίβας, Gavdos"
623,Καραβόβρυση,Crete (Heraklion),WRONG_TYPE,309,Ταβέρνα Καραβόβρυση ΤΑ ΤΣΑΧΑΚΙΑ,restaurant,"Καραβόβρυση, Heraklion, Crete"
626,Μάταλα,Crete (Heraklion),WRONG_TYPE,93,Μάταλα,,"Μάταλα, Heraklion, Crete"
628,Πόρος,Crete (Heraklion),WRONG_PLACE,58169,Πόρος,,"Πόρος, Heraklion, Crete"
631,Τρυπητή,Crete (Heraklion),WRONG_TYPE,157,Τρυπητή,,"Τρυπητή, Heraklion, Crete"
632,Βαθύ,Crete (Heraklion),WRONG_PLACE,89982,Βαθύ,,"Βαθύ, Heraklion, Crete"
634,Καρτερός,Crete (Heraklion),WRONG_TYPE,447,Καρτερός,,"Καρτερός, Heraklion, Crete"
636,Λυγαριά,Crete (Heraklion),WRONG_TYPE,87,Λυγαριά,,"Λυγαριά, Heraklion, Crete"
639,Μάδε,Crete (Heraklion),WRONG_TYPE,79,Μάδες,,"Μάδε, Heraklion, Crete"
640,Παλαιόκαστρο,Crete (Heraklion),WRONG_TYPE,262,Παλαιόκαστρο,,"Παλαιόκαστρο, Heraklion, Crete"
645,Σταλίδα,Crete (Heraklion),WRONG_TYPE,307,Σταλίδα,,"Σταλίδα, Heraklion, Crete"
652,Κουδουμάς,Crete (Heraklion),WRONG_TYPE,81,Ιερά Μονή Παναγίας Κουδουμά,place_of_worship,"Κουδουμάς, Heraklion, Crete"
653,Αλιόρι,Crete (Heraklion),WRONG_TYPE,476,Aliori Estate Villas,service,"Αλιόρι, Heraklion, Crete"
655,Πέρα Γαλήνοι,Crete (Heraklion),WRONG_PLACE,39934,Παραλία Αγία Γαλήνη,tourist_attraction,"Πέρα Γαλήνοι, Heraklion, Crete"
657,Μάχα,Crete (Heraklion),WRONG_PLACE,359468,Max Stores,store,"Μάχα, Heraklion, Crete"
658,Λεπριάς,Crete (Heraklion),NO_RESULT,,,,"Λεπριάς, Heraklion, Crete"
659,Κατάρτι,Crete (Heraklion),WRONG_PLACE,43431,Κάτω Φορτέτσα,,"Κατάρτι, Heraklion, Crete"
660,Ελυγιά,Crete (Heraklion),WRONG_PLACE,102947,Φαράγγι Ελυγιάς,natural_feature,"Ελυγιά, Heraklion, Crete"
668,Χρυσόστομος,Crete (Heraklion),WRONG_TYPE,189,Χρυσόστομος,,"Χρυσόστομος, Heraklion, Crete"
669,Pantanassa,Crete (Heraklion),WRONG_TYPE,324,Παντάνασσα,,"Pantanassa, Heraklion, Crete"
670,Σαραντάρι,Crete (Heraklion),WRONG_TYPE,662,Σαραντάρης,,"Σαραντάρι, Heraklion, Crete"
672,Αγία Μαρίνα,Crete (Rethymno),WRONG_PLACE,29447,Αγία Μαρίνα,church,"Αγία Μαρίνα, Rethymno, Crete"
673,Άγιος Γεώργιος,Crete (Rethymno),WRONG_PLACE,28713,Άγιος Γεώργιος,,"Άγιος Γεώργιος, Rethymno, Crete"
676,Βλυχί Νερό,Crete (Rethymno),WRONG_PLACE,23743,Minos Mare Hotel,hotel,"Βλυχί Νερό, Rethymno, Crete"
677,Γεροπόταμος,Crete (Rethymno),WRONG_PLACE,6454,Γεροπόταμος,,"Γεροπόταμος, Rethymno, Crete"
678,Δαμνόνι,Crete (Rethymno),WRONG_TYPE,228,Δαμνόνι,,"Δαμνόνι, Rethymno, Crete"
681,Κλήματα,Crete (Rethymno),WRONG_PLACE,26237,Taverna Klimataria,greek_restaurant,"Κλήματα, Rethymno, Crete"
684,Κόρακας,Crete (Rethymno),WRONG_TYPE,247,Κόρακας,,"Κόρακας, Rethymno, Crete"
689,Παλίγκρεμνος,Crete (Rethymno),NO_RESULT,,,,"Παλίγκρεμνος, Rethymno, Crete"
690,Παραλία Ανατολικά,Crete (Rethymno),WRONG_PLACE,24320,Παραλία Ρεθύμνου,beach,"Παραλία Ανατολικά, Rethymno, Crete"
692,Παραλία Δυνόνησος,Crete (Rethymno),WRONG_PLACE,23867,Παραλία Ρεθύμνης,beach,"Παραλία Δυνόνησος, Rethymno, Crete"
696,Παραλία Κεφάλα,Crete (Rethymno),WRONG_PLACE,2679,Παραλία Κεφάλα,point_of_interest,"Παραλία Κεφάλα, Rethymno, Crete"
697,Παραλία Ρεθύμνου,Crete (Rethymno),WRONG_PLACE,1588,Παραλία Ρεθύμνου,beach,"Παραλία Ρεθύμνου, Rethymno, Crete"
698,Παχειά Άμμος,Crete (Rethymno),WRONG_PLACE,116677,Παχεία Άμμος,,"Παχειά Άμμος, Rethymno, Crete"
700,Πλακιάς,Crete (Rethymno),WRONG_TYPE,368,Μυρθιανος Πλακιάς,,"Πλακιάς, Rethymno, Crete"
701,Ποδαρέ,Crete (Rethymno),WRONG_PLACE,25397,Ενετική Κρήνη Ριμόντι,historical_landmark,"Ποδαρέ, Rethymno, Crete"
702,Πολύριζος,Crete (Rethymno),WRONG_TYPE,126,Πολύριζος,,"Πολύριζος, Rethymno, Crete"
704,Πρέβελη,Crete (Rethymno),WRONG_PLACE,1688,Πίσω Μονή Πρέβελη,,"Πρέβελη, Rethymno, Crete"
705,Σκίνος,Crete (Rethymno),WRONG_TYPE,158,Skinos Apartments,lodging,"Σκίνος, Rethymno, Crete"
708,Σταυρί,Crete (Rethymno),WRONG_PLACE,23298,Taverna Stavros,greek_restaurant,"Σταυρί, Rethymno, Crete"
711,Φοινικίδια,Crete (Rethymno),WRONG_PLACE,29890,Finikas Taverna,restaurant,"Φοινικίδια, Rethymno, Crete"
713,Χόχλακας,Crete (Rethymno),WRONG_PLACE,22880,Volakas Beachfront Suites,service,"Χόχλακας, Rethymno, Crete"
715,Thalassi beach,Crete (Rethymno),WRONG_PLACE,2411,Thalassi Hotel,hotel,"Thalassi beach, Rethymno, Crete"
3011,Ροδάκινο,Crete (Rethymno),WRONG_PLACE,1786,Παραλία Ροδάκινο,beach,"Ροδάκινο, Rethymno, Crete"
3019,Αγία Γαλήνη,Crete (Rethymno),WRONG_TYPE,98,Αγία Γαλήνη,,"Αγία Γαλήνη, Rethymno, Crete"
716,Αγία Φωτιά,Crete (Lasithi),WRONG_TYPE,105,Αγία Φωτιά,,"Αγία Φωτιά, Lasithi, Crete"
717,Άγιος Παντελεήμονας,Crete (Lasithi),WRONG_PLACE,19399,Άγιος Παντελεήμων,,"Άγιος Παντελεήμονας, Lasithi, Crete"
722,Άμμος Ξερόκαμπου,Crete (Lasithi),WRONG_PLACE,3185,Ξερόκαμπος,,"Άμμος Ξερόκαμπου, Lasithi, Crete"
726,Άσπες,Crete (Lasithi),WRONG_PLACE,55237,Παραλία Βουιδόματο,tourist_attraction,"Άσπες, Lasithi, Crete"
728,Βαγί,Crete (Lasithi),WRONG_PLACE,181182,Βαγί,,"Βαγί, Lasithi, Crete"
731,Βλυχάδα Ξερόκαμπου,Crete (Lasithi),WRONG_PLACE,6613,Aqua Bliss - Xerokampos,hotel,"Βλυχάδα Ξερόκαμπου, Lasithi, Crete"
732,Βόλια,Crete (Lasithi),WRONG_PLACE,17604,Αρχαία Πόλη Λατώ,historical_landmark,"Βόλια, Lasithi, Crete"
734,Βουρλιά,Crete (Lasithi),WRONG_PLACE,475740,Βουρλιά,beach,"Βουρλιά, Lasithi, Crete"
736,Γεροντόλακκος,Crete (Lasithi),WRONG_PLACE,69016,Lasinthos Eco Park,tourist_attraction,"Γεροντόλακκος, Lasithi, Crete"
739,Θόλος,Crete (Lasithi),WRONG_TYPE,298,Θόλος,,"Θόλος, Lasithi, Crete"
740,Ίτανος,Crete (Lasithi),WRONG_PLACE,9401,Δημοτική ενότητα Ιτάνου,,"Ίτανος, Lasithi, Crete"
742,Καλάμι,Crete (Lasithi),WRONG_PLACE,52008,Καλάμι,,"Καλάμι, Lasithi, Crete"
754,Μονή Καψά,Crete (Lasithi),WRONG_TYPE,132,Ιερά Μονή Καψά,place_of_worship,"Μονή Καψά, Lasithi, Crete"
755,Μπάλος Ελούντας,Crete (Lasithi),WRONG_PLACE,14585,"Domes Aulus Elounda Resort, Curio Collection by Hilton",resort_hotel,"Μπάλος Ελούντας, Lasithi, Crete"
761,Παραλία της Γριάς το Πήδημα,Crete (Lasithi),NO_RESULT,,,,"Παραλία της Γριάς το Πήδημα, Lasithi, Crete"
762,Πελεκητή,Crete (Lasithi),WRONG_PLACE,41016,Πελεκητά,,"Πελεκητή, Lasithi, Crete"
763,Πλάκα,Crete (Lasithi),WRONG_PLACE,14846,Πλάκα,,"Πλάκα, Lasithi, Crete"
764,Πλάκα Ελούντας,Crete (Lasithi),WRONG_TYPE,255,Πλάκα,,"Πλάκα Ελούντας, Lasithi, Crete"
765,Ποταμός Ξερόκαμπου,Crete (Lasithi),NO_RESULT,,,,"Ποταμός Ξερόκαμπου, Lasithi, Crete"
767,Σχίσμα,Crete (Lasithi),WRONG_PLACE,1891,Veghera Jetty Bar - Elounda Beach,bar,"Σχίσμα, Lasithi, Crete"
768,Χαβάνια,Crete (Lasithi),WRONG_TYPE,141,Χαβάνια,,"Χαβάνια, Lasithi, Crete"
769,Χιόνα Ξερόκαμπου,Crete (Lasithi),WRONG_PLACE,18098,Παραλία Χιώνα,beach,"Χιόνα Ξερόκαμπου, Lasithi, Crete"
772,Palaria,Crete (Lasithi),WRONG_PLACE,35548,PALIRIA,restaurant,"Palaria, Lasithi, Crete"
773,Palm Bay Beach,Crete (Lasithi),WRONG_TYPE,187,Palm Bay,hotel,"Palm Bay Beach, Lasithi, Crete"
774,Trachilias Beach,Crete (Lasithi),NO_RESULT,,,,"Trachilias Beach, Lasithi, Crete"
775,Άγιος Γεώργιος Μάκρης,Evros (mainland),WRONG_TYPE,302,Ιερός Ναός Αγίου Γεωργίου,church,"Άγιος Γεώργιος Μάκρης, Evros"
777,Δίκελλα - Αγία Παρασκευή,Evros (mainland),WRONG_PLACE,2833,Δίκελλα,,"Δίκελλα - Αγία Παρασκευή, Evros"
778,Παραλία Αλεξανδρούπολης,Evros (mainland),NO_RESULT,,,,"Παραλία Αλεξανδρούπολης, Evros"
781,Παχιά Άμμος,Samothraki,WRONG_TYPE,109,Παχιά Άμμος,cafe,"Παχιά Άμμος, Samothraki"
782,Τόσκα,Kavala (mainland),WRONG_PLACE,5124,Καβάλα,,"Τόσκα, Kavala"
783,Monastiraki Beach,Kavala (mainland),WRONG_PLACE,43075,Almyra Βeach Bar & Restaurant,restaurant,"Monastiraki Beach, Kavala"
784,Παραλία Νέας Ηρακλείτσας,Kavala (mainland),WRONG_PLACE,13449,Παραλία Νέας Ηρακλείτσας,beach,"Παραλία Νέας Ηρακλείτσας, Kavala"
785,Παραλία Καβάλας,Kavala (mainland),WRONG_PLACE,8514,Παραλία Καβάλας.,,"Παραλία Καβάλας, Kavala"
788,Μπάτης,Kavala (mainland),WRONG_TYPE,150,Batis New Age Kavala,sports_activity_location,"Μπάτης, Kavala"
789,Νέα Καρβάλη,Kavala (mainland),WRONG_TYPE,546,Νέα Καρβάλη,,"Νέα Καρβάλη, Kavala"
790,Παραλία Γυμνιστών,Kavala (mainland),WRONG_PLACE,33828,Παραλία Πούντα,beach,"Παραλία Γυμνιστών, Kavala"
794,Ρέμβη,Kavala (mainland),WRONG_TYPE,115,ΡΈΜΒΗ ΝΕΑ ΗΡΑΚΛΕΙΤΣΑ,restaurant,"Ρέμβη, Kavala"
796,Ψάθα,Kavala (mainland),WRONG_PLACE,3787,Ψαθά,,"Ψάθα, Kavala"
3012,Περιγιάλι,Kavala (mainland),WRONG_TYPE,574,Περιγιάλι,,"Περιγιάλι, Kavala"
799,Παχυνάμμος,Rodopi (mainland),NO_RESULT,,,,"Παχυνάμμος, Rodopi"
800,Σύναξη,Rodopi (mainland),NO_RESULT,,,,"Σύναξη, Rodopi"
805,Αγία Παρασκευή,Thasos,WRONG_PLACE,294238,Ιερός Ναός Αγίας Παρασκευής - Μεσογείων,church,"Αγία Παρασκευή, Thasos"
806,Αλεξάντρα,Thasos,WRONG_TYPE,275,Alexandra Beach Thassos Spa Resort,resort_hotel,"Αλεξάντρα, Thasos"
807,Αλυκές,Thasos,WRONG_TYPE,45,Αλυκή,,"Αλυκές, Thasos"
808,Αρσανάς,Thasos,WRONG_PLACE,96866,Αρσανάς,seafood_restaurant,"Αρσανάς, Thasos"
809,Αστρίς,Thasos,WRONG_PLACE,1505,Αστρίδα,,"Αστρίς, Thasos"
810,Θυμωνιά,Thasos,WRONG_TYPE,1010,Θυμωνιά,,"Θυμωνιά, Thasos"
812,Κεκές,Thasos,WRONG_TYPE,106,"Skidia Traditional Tavern ""Σκίδια"" Κεκές παραδοσιακή ταβέρνα - ουζερί",restaurant,"Κεκές, Thasos"
813,Λιβάδι,Thasos,WRONG_TYPE,125,Λιβάδι,,"Λιβάδι, Thasos"
814,Λιμενάρια,Thasos,WRONG_TYPE,644,Λιμενάρια,,"Λιμενάρια, Thasos"
815,Μεταλλεία,Thasos,WRONG_TYPE,42,Metalia Beach Bar,bar,"Μεταλλεία, Thasos"
816,Μικρή παραλία,Thasos,WRONG_PLACE,3861,Παραλία Νότος,,"Μικρή παραλία, Thasos"
819,Πευκάρι,Thasos,WRONG_TYPE,108,Πευκάρι,,"Πευκάρι, Thasos"
820,Πλάτανα,Thasos,WRONG_PLACE,9462,Taverna Platana Sotiros,restaurant,"Πλάτανα, Thasos"
821,Ποτός,Thasos,WRONG_TYPE,346,Ποτός,,"Ποτός, Thasos"
822,Ρωσογκρεμός,Thasos,WRONG_TYPE,202,Ρωσογκρεμός,,"Ρωσογκρεμός, Thasos"
824,Σκάλα Μαριών,Thasos,WRONG_TYPE,24,Σκάλα Μαριών,,"Σκάλα Μαριών, Thasos"
825,Σκίδια,Thasos,WRONG_TYPE,180,"Skidia Traditional Tavern ""Σκίδια"" Κεκές παραδοσιακή ταβέρνα - ουζερί",restaurant,"Σκίδια, Thasos"
826,Σμαραγδένια Παραλία,Thasos,WRONG_PLACE,22490,Παραλία Χρυσή Αμμουδιά,tourist_attraction,"Σμαραγδένια Παραλία, Thasos"
829,Ψιλή Άμμος,Thasos,WRONG_TYPE,110,Ψιλή Άμμος,,"Ψιλή Άμμος, Thasos"
831,Hara,Thasos,WRONG_TYPE,139,Hara Beach,lodging,"Hara, Thasos"
832,Ilio Mare,Thasos,WRONG_TYPE,95,Ilio Mare Hotel & Resort - Thassos,hotel,"Ilio Mare, Thasos"
834,Άγιος Βασίλειος,Thasos,WRONG_TYPE,1467,Nikol's House,lodging,"Άγιος Βασίλειος, Thasos"
835,Όρμος Αγίου Ιωάννου,Thasos,NO_RESULT,,,,"Όρμος Αγίου Ιωάννου, Thasos"
838,Γλυφάδα,Thasos,WRONG_TYPE,788,Γλυφάδα,,"Γλυφάδα, Thasos"
840,Δασύλλιο,Thasos,WRONG_TYPE,594,Thasos Blue Apartments,hotel,"Δασύλλιο, Thasos"
841,Καρνάγιο,Thasos,WRONG_TYPE,30,Karnagio Beach Bar,bar,"Καρνάγιο, Thasos"
842,Κλίσμα,Thasos,WRONG_PLACE,2122,To Palio Klisma Fish Tavern,greek_restaurant,"Κλίσμα, Thasos"
843,Κοίνυρα,Thasos,WRONG_TYPE,224,Κοίνυρα,,"Κοίνυρα, Thasos"
844,Λιμανάκι,Thasos,WRONG_PLACE,6928,Limanaki Seafront Gastrobar,bar_and_grill,"Λιμανάκι, Thasos"
845,Μακρύαμμος,Thasos,WRONG_TYPE,85,Μακρύαμμος,,"Μακρύαμμος, Thasos"
847,Παπαλιμάνι,Thasos,NO_RESULT,,,,"Παπαλιμάνι, Thasos"
848,Παχύς,Thasos,WRONG_TYPE,138,Pachis Beach Bar,bar,"Παχύς, Thasos"
849,Πόρτο Βαθύ,Thasos,WRONG_TYPE,69,Porto Vathy Marble Beach,bar,"Πόρτο Βαθύ, Thasos"
851,Σκάλα Καλλιράχης,Thasos,WRONG_TYPE,454,Σκάλα Καλλιράχης,,"Σκάλα Καλλιράχης, Thasos"
852,Σκάλα Πρίνου,Thasos,WRONG_TYPE,1275,Λιμεναρχείο Σκάλας Πρίνου,service,"Σκάλα Πρίνου, Thasos"
853,Σκάλα Ραχώνι,Thasos,WRONG_TYPE,347,Σκάλα Ραχωνίου,,"Σκάλα Ραχώνι, Thasos"
854,Σκάλα Σωτήρος,Thasos,WRONG_TYPE,230,Σκάλα Σωτήρος,,"Σκάλα Σωτήρος, Thasos"
855,Ταρσανάς,Thasos,WRONG_TYPE,186,Tarsanas Luxurious Studios,hotel,"Ταρσανάς, Thasos"
856,Χρυσή Ακτή,Thasos,WRONG_TYPE,1118,Χρυσή Ακτή,,"Χρυσή Ακτή, Thasos"
857,Χρυσή Αμμουδιά,Thasos,WRONG_TYPE,190,Χρυσή Αμμουδιά,,"Χρυσή Αμμουδιά, Thasos"
3036,Λεύκιππος Άβδηρα,Xanthi (mainland),WRONG_TYPE,512,Λεύκιππος,,"Λεύκιππος Άβδηρα, Xanthi"
860,Παραλία Σαλαώρας,Arta (mainland),WRONG_PLACE,382851,Παραλία Σαλιάρα,tourist_attraction,"Παραλία Σαλαώρας, Arta"
861,Φράχτης,Arta (mainland),WRONG_PLACE,266564,ΕΜΕΧΑΡΤ ΜΟΝΟΠΡΟΣΩΠΗ Ε.Π.Ε.,store,"Φράχτης, Arta"
864,Άγιος Σώστης,Preveza (mainland),WRONG_TYPE,226,Ιερός Ναός Αγίου Σωστή,church,"Άγιος Σώστης, Preveza"
865,Άη Γιαννάκης,Preveza (mainland),WRONG_PLACE,5339,Αη γιαννακης παραλια,beach,"Άη Γιαννάκης, Preveza"
870,Μονολίθι,Preveza (mainland),WRONG_PLACE,2960,Παραλία Μονολίθι,beach,"Μονολίθι, Preveza"
872,Παντοκράτορας,Preveza (mainland),WRONG_TYPE,33,Παντοκράτορας Πρέβεζα,park,"Παντοκράτορας, Preveza"
882,Παραλία Καστροσυκιάς,Preveza (mainland),WRONG_PLACE,3556,Παραλία Καστροσυκιά,beach,"Παραλία Καστροσυκιάς, Preveza"
884,Λιμνιώνας,Preveza (mainland),WRONG_TYPE,444,Λιμνιώνα,,"Λιμνιώνας, Preveza"
885,Παραλία Λυγιάς,Preveza (mainland),WRONG_PLACE,3487,Παραλία Λυγιάς,tourist_attraction,"Παραλία Λυγιάς, Preveza"
887,Κερέντζα,Preveza (mainland),WRONG_PLACE,1699,Παραλία Κερεντζα,beach,"Κερέντζα, Preveza"
888,Αγία Παρασκευή,Thesprotia (mainland),WRONG_PLACE,2897,Αγίας Παρασκευής,,"Αγία Παρασκευή, Thesprotia"
889,Αγκάλη,Thesprotia (mainland),WRONG_TYPE,10,Παραλία Αγκάλη,hiking_area,"Αγκάλη, Thesprotia"
890,Αρίλλα,Thesprotia (mainland),WRONG_TYPE,552,Αρίλλας,,"Αρίλλα, Thesprotia"
892,Δεή,Thesprotia (mainland),WRONG_PLACE,12314,ΔΕΗ,service,"Δεή, Thesprotia"
893,Δεή πλους,Thesprotia (mainland),WRONG_PLACE,12198,ΔΕΗ,service,"Δεή πλους, Thesprotia"
897,Κάρβουνο,Thesprotia (mainland),WRONG_TYPE,33,Karvouno Villas - Private beach front villas in Sivota,resort_hotel,"Κάρβουνο, Thesprotia"
898,Καμίνι,Thesprotia (mainland),WRONG_PLACE,23691,Καμίνι,,"Καμίνι, Thesprotia"
899,Καραβοστάσι,Thesprotia (mainland),WRONG_TYPE,216,Καραβοστάσι,,"Καραβοστάσι, Thesprotia"
906,Πάνα,Thesprotia (mainland),WRONG_PLACE,359984,ΠΑΝ - Φυσιολατρικός Ορειβατικός Σύνδεσμος (ΦΟΣ),association_or_organization,"Πάνα, Thesprotia"
907,Παραλία Plataria Beach Hotel,Thesprotia (mainland),WRONG_TYPE,45,Plataria Seaside Resort | Beach bar & Restaurant,resort_hotel,"Παραλία Plataria Beach Hotel, Thesprotia"
908,Παραλία Έλενα,Thesprotia (mainland),WRONG_PLACE,1689,Παραλία Ελιά,tourist_attraction,"Παραλία Έλενα, Thesprotia"
909,Παραλία Γάτα,Thesprotia (mainland),WRONG_TYPE,52,Παραλία Γάτα,cafe,"Παραλία Γάτα, Thesprotia"
910,Παραλία Γαλάζιος Κόλπος,Thesprotia (mainland),WRONG_PLACE,29442,Παραλία Γαλάζιο,beach,"Παραλία Γαλάζιος Κόλπος, Thesprotia"
913,Παραλία Καλάμι,Thesprotia (mainland),WRONG_TYPE,54,Κάμπινγκ Καλάμι,campground,"Παραλία Καλάμι, Thesprotia"
915,Παραλία Κόκκινος Βράχος,Thesprotia (mainland),WRONG_TYPE,13,Κόκκινος Βράχος Πλαταριά,bar,"Παραλία Κόκκινος Βράχος, Thesprotia"
918,Παραλία Ναυτίλος,Thesprotia (mainland),WRONG_TYPE,249,Κάμπινγκ Ναυτίλος,campground,"Παραλία Ναυτίλος, Thesprotia"
922,Σοφάς,Thesprotia (mainland),WRONG_TYPE,47,CAMPING SOFAS,campground,"Σοφάς, Thesprotia"
924,Παραλία Κέρκυρα,Thesprotia (mainland),WRONG_PLACE,25369,Παραλία (beach),beach,"Παραλία Κέρκυρα, Thesprotia"
925,Παραλία Σαγιάδας,Thesprotia (mainland),WRONG_PLACE,3484,Παραλία Στρογγίλι,beach,"Παραλία Σαγιάδας, Thesprotia"
937,Galiskari Beach,Corfu,WRONG_PLACE,10910,Παραλία Γυαλισκάρι,beach,"Galiskari Beach, Corfu"
944,Karavi Beach,Corfu,WRONG_PLACE,398447,Καράβι,beach,"Karavi Beach, Corfu"
946,Maltas beach,Corfu,WRONG_TYPE,691,Maltas studios,travel_agency,"Maltas beach, Corfu"
950,Paramonas,Corfu,WRONG_TYPE,294,Παραμονάς,,"Paramonas, Corfu"
952,Santa Barbara beach,Corfu,WRONG_PLACE,41735,Santa barbara beach,beach,"Santa Barbara beach, Corfu"
954,Άγιος Στέφανος,Corfu,WRONG_TYPE,484,Άγιος Στέφανος,,"Άγιος Στέφανος, Corfu"
955,Άγιος Ιωάννης Περιστερών,Corfu,WRONG_TYPE,477,Άγιος Ιωάννης Περιστερών,,"Άγιος Ιωάννης Περιστερών, Corfu"
956,Αγία Αικατερίνη,Corfu,WRONG_PLACE,4391,Αγίας Αικατερίνης,,"Αγία Αικατερίνη, Corfu"
960,Αστρακερή,Corfu,WRONG_TYPE,134,Αστρακερή,,"Αστρακερή, Corfu"
962,Κάβος,Corfu,WRONG_TYPE,409,Κάβος,,"Κάβος, Corfu"
966,Κανόνι,Corfu,WRONG_TYPE,196,Κανόνι,,"Κανόνι, Corfu"
968,Κοντογιαλός,Corfu,WRONG_TYPE,276,Κοντογιαλός,,"Κοντογιαλός, Corfu"
972,Μαΐστρος,Corfu,WRONG_PLACE,19375,Μαίστρο,restaurant,"Μαΐστρος, Corfu"
973,Μανδράκι,Corfu,WRONG_TYPE,129,Μαρίνα Μανδρακίου Ι.Ο. Κέρκυρας,marina,"Μανδράκι, Corfu"
975,Μπουκάρη,Corfu,WRONG_TYPE,214,Μπουκαρης,,"Μπουκάρη, Corfu"
977,Νότος,Corfu,WRONG_TYPE,271,Νότος,,"Νότος, Corfu"
983,Παραλία Αγίου Σπυρίδωνα,Corfu,WRONG_PLACE,21137,Παραλία Άγιος Σπυρίδωνας,beach,"Παραλία Αγίου Σπυρίδωνα, Corfu"
994,Παραλία Λακκιές,Corfu,WRONG_PLACE,40930,Παραλία Καλαμιώνας,,"Παραλία Λακκιές, Corfu"
999,Παραλία ΝΑΟΚ,Corfu,WRONG_TYPE,12,NAOK Azur,cafe,"Παραλία ΝΑΟΚ, Corfu"
1000,Παραλία Παρακλάδι,Corfu,WRONG_PLACE,4513,Παραλία Αρκουδίλα,nature_preserve,"Παραλία Παρακλάδι, Corfu"
1011,Πετριτή,Corfu,WRONG_TYPE,540,Πετρίτη,,"Πετριτή, Corfu"
1016,Τραμουντάνα,Corfu,WRONG_PLACE,16681,Tramountana Private House,service,"Τραμουντάνα, Corfu"
3013,Γουβιά,Corfu,WRONG_TYPE,195,Γουβιά,,"Γουβιά, Corfu"
3014,Παλαιοκαστρίτσα,Corfu,WRONG_TYPE,329,Παλαιοκαστρίτσα,,"Παλαιοκαστρίτσα, Corfu"
1018,Mongonisi,Paxos,WRONG_TYPE,35,Mongonissi Beach,restaurant,"Mongonisi, Paxos"
1022,Αυτιά Γαϊδάρου,Paxos,WRONG_TYPE,40,Τα Αυτιά Του Γαϊδάρου,store,"Αυτιά Γαϊδάρου, Paxos"
1025,Γλυφάδα,Paxos,WRONG_TYPE,293,Glyfada Beach villas Paxos and Restaurant,service,"Γλυφάδα, Paxos"
1026,Δεύτερη Σπιάντζα,Paxos,WRONG_PLACE,3863,Γαλάζιες Σπηλιές,scenic_spot,"Δεύτερη Σπιάντζα, Paxos"
1027,Ερημίτης,Paxos,WRONG_TYPE,371,Ερημίτης,restaurant,"Ερημίτης, Paxos"
1032,Κλωνί Γουλή,Paxos,WRONG_TYPE,213,Anassa Mare Villas & Residences,hotel,"Κλωνί Γουλή, Paxos"
1033,Λάκκος,Paxos,WRONG_TYPE,1009,Λάκκα,,"Λάκκος, Paxos"
1036,Μπάλος,Paxos,WRONG_TYPE,554,Agali Hotel Paxos,hotel,"Μπάλος, Paxos"
1038,Οζιάς,Paxos,WRONG_TYPE,1193,Οζιας,,"Οζιάς, Paxos"
1040,Πλάνος,Paxos,WRONG_TYPE,838,Planos Holidays,,"Πλάνος, Paxos"
1041,Σουλάνενα,Paxos,WRONG_TYPE,427,Fish Restaurant Klis,seafood_restaurant,"Σουλάνενα, Paxos"
1057,Μόλος,Othonoi,WRONG_PLACE,1335233,Μόλος,park,"Μόλος, Othonoi"
1059,Μπραγκίνι,Erikoussa,WRONG_PLACE,1688,Παραλία Μπραγκίνι,tourist_attraction,"Μπραγκίνι, Erikoussa"
1060,Πόρτο,Erikoussa,WRONG_TYPE,170,Λιμάνι Ερείκουσσας,marina,"Πόρτο, Erikoussa"
1061,Πορτέλο,Mathraki,WRONG_PLACE,461556,Portello Beach,tourist_attraction,"Πορτέλο, Mathraki"
1064,Central Square Beach,Kefalonia,WRONG_PLACE,25311,Central Square Apartment,lodging,"Central Square Beach, Kefalonia"
1065,Cronidis Beach,Kefalonia,NO_RESULT,,,,"Cronidis Beach, Kefalonia"
1075,Σίσσια,Kefalonia,WRONG_TYPE,590,Ιερά Μονή Υπεραγίας Θεοτόκου Σισσίων,place_of_worship,"Σίσσια, Kefalonia"
1077,Λιμανάκι Τραπεζακίου,Kefalonia,WRONG_PLACE,15090,Λιμανάκι Σάμη,restaurant,"Λιμανάκι Τραπεζακίου, Kefalonia"
1085,Αγία Σωτήρα,Kefalonia,WRONG_TYPE,47,Αγία Σωτήρα,church,"Αγία Σωτήρα, Kefalonia"
1086,Αγια Κυριακη,Kefalonia,WRONG_PLACE,21558,Καρούζα,,"Αγια Κυριακη, Kefalonia"
1093,Ελληνικά,Kefalonia,WRONG_PLACE,16534,Κεφαλονιά,,"Ελληνικά, Kefalonia"
1094,Κακό Λαγκάδι,Kefalonia,WRONG_PLACE,21840,Κακό Λαγκάδι,beach,"Κακό Λαγκάδι, Kefalonia"
1098,Καραβόμυλος,Kefalonia,WRONG_TYPE,861,Καραβόμυλος,,"Καραβόμυλος, Kefalonia"
1103,Λίθος,Kefalonia,WRONG_PLACE,19757,Lithos Villas | Villa Ainos - Villa Kefalos - Villa Petra,service,"Λίθος, Kefalonia"
1107,Λουρδάτα,Kefalonia,WRONG_TYPE,561,Λουρδάτα,,"Λουρδάτα, Kefalonia"
1109,Λυγιά Πεσσάδας,Kefalonia,WRONG_PLACE,4976,Λιμάνι Πεσσάδας,ferry_service,"Λυγιά Πεσσάδας, Kefalonia"
1116,Παραλία Αγία Βαρβάρα,Kefalonia,WRONG_PLACE,25269,Παρεκκλήσι Αγίας Βαρβάρας,church,"Παραλία Αγία Βαρβάρα, Kefalonia"
1126,Πλατύς Γιαλός,Kefalonia,WRONG_TYPE,337,Πλατύς Γιαλός,,"Πλατύς Γιαλός, Kefalonia"
1129,Σπαρτιάς,Kefalonia,WRONG_TYPE,1446,Σπαρτιά,,"Σπαρτιάς, Kefalonia"
1132,Ψαμούσα,Kefalonia,NO_RESULT,,,,"Ψαμούσα, Kefalonia"
1133,Ελιές,Kefalonia,WRONG_PLACE,17677,Eleni's Olive Garden Cafe (Best pie Kefalonia),greek_restaurant,"Ελιές, Kefalonia"
1137,Αγιά Σοφία,Kefalonia,WRONG_TYPE,38,Αγία Σοφια,,"Αγιά Σοφία, Kefalonia"
1138,Πλατύ Λιμάνι,Kefalonia,WRONG_PLACE,10366,Λιμάνι Φισκάρδου,marina,"Πλατύ Λιμάνι, Kefalonia"
1139,Breath of Zorbas beach,Lefkada,WRONG_TYPE,27,Breath of Zorbas,restaurant,"Breath of Zorbas beach, Lefkada"
1142,Παραλία Νικιάνας,Lefkada,WRONG_PLACE,1696,Παραλία Νικιάνας,,"Παραλία Νικιάνας, Lefkada"
1145,Λίμνη / Στροφή,Lefkada,NO_RESULT,,,,"Λίμνη / Στροφή, Lefkada"
1152,Ανώνυμη Παραλία Κομηλιό,Lefkada,WRONG_PLACE,9003,Κρυφή Παραλία Μύλος,tourist_attraction,"Ανώνυμη Παραλία Κομηλιό, Lefkada"
1153,Ασπρογιαλός,Lefkada,WRONG_PLACE,7659,Ασπρογερακάτα,,"Ασπρογιαλός, Lefkada"
1155,Βασιλική,Lefkada,WRONG_TYPE,726,Βασιλικη,,"Βασιλική, Lefkada"
1157,Γιαλός,Lefkada,WRONG_PLACE,12604,Μικρός Γιαλός,,"Γιαλός, Lefkada"
1158,Γύρα (Άννα),Lefkada,WRONG_PLACE,2173,Gyra Villas,service,"Γύρα (Άννα), Lefkada"
1161,Κάστρο,Lefkada,WRONG_TYPE,354,Κάστρο Αγίας Μαύρας,,"Κάστρο, Lefkada"
1163,Καμίνια,Lefkada,WRONG_TYPE,160,Kaminia Blue villas,service,"Καμίνια, Lefkada"
1164,Κρυονέρι,Lefkada,WRONG_PLACE,286148,Κρυονέρι,,"Κρυονέρι, Lefkada"
1170,Πλάκα (Βαγιά),Lefkada,WRONG_PLACE,33510,Παραλία Πλάκα,tourist_attraction,"Πλάκα (Βαγιά), Lefkada"
1172,Σκάλα Γιαλού,Lefkada,WRONG_PLACE,1979,Art Blue Villas,service,"Σκάλα Γιαλού, Lefkada"
1173,Φτέρη,Lefkada,WRONG_PLACE,13244,Φτερνό,,"Φτέρη, Lefkada"
1175,Αμπελάκια,Meganisi,WRONG_TYPE,26,Ταβέρνα Αμπελάκι,restaurant,"Αμπελάκια, Meganisi"
1176,Ελιά,Meganisi,WRONG_TYPE,551,Elia Village,apartment_complex,"Ελιά, Meganisi"
1177,Αθερινός,Meganisi,WRONG_TYPE,49,Kostas restaurant,restaurant,"Αθερινός, Meganisi"
1178,Άγιος Ιωάννης,Meganisi,WRONG_TYPE,273,Λίμνη Αγίου Ιωάννη,nature_preserve,"Άγιος Ιωάννης, Meganisi"
1179,Πασουμάκι,Meganisi,WRONG_TYPE,998,O PASAS,restaurant,"Πασουμάκι, Meganisi"
1180,Σπηλιά,Meganisi,WRONG_TYPE,338,Porto Spilia,restaurant,"Σπηλιά, Meganisi"
1181,Φανάρι,Meganisi,WRONG_TYPE,106,Fanari Beach Bar,bar,"Φανάρι, Meganisi"
1190,Λαγανάς,Zakynthos,WRONG_PLACE,1675,Λαγανάς,,"Λαγανάς, Zakynthos"
1191,Μικρή Ξύγκια,Zakynthos,WRONG_TYPE,315,Ταβέρνα Ξύγκια,restaurant,"Μικρή Ξύγκια, Zakynthos"
1192,Μαδράκια,Zakynthos,WRONG_TYPE,26,Madrakia Tavern,greek_restaurant,"Μαδράκια, Zakynthos"
1196,Τσιλιβί,Zakynthos,WRONG_TYPE,745,Πλάνος,,"Τσιλιβί, Zakynthos"
1199,Αλυκές,Zakynthos,WRONG_PLACE,2142,Αλυκές,,"Αλυκές, Zakynthos"
1200,Αμμούδι,Zakynthos,WRONG_TYPE,214,Αμμούδι,,"Αμμούδι, Zakynthos"
1201,Ατσίγγανος,Zakynthos,WRONG_PLACE,2848,Παραλία Ατσίγγανος,beach,"Ατσίγγανος, Zakynthos"
1203,Καμαρωτή,Zakynthos,WRONG_TYPE,324,Καμαρωτή,,"Καμαρωτή, Zakynthos"
1213,Παραλία Πλακάκι,Zakynthos,WRONG_TYPE,479,Θέα Πλακάκι,scenic_spot,"Παραλία Πλακάκι, Zakynthos"
1214,Παραλία Σελίνας Φιλίππων,Zakynthos,WRONG_PLACE,18354,Παραλία Πόρτο Λιμνιώνας,tourist_attraction,"Παραλία Σελίνας Φιλίππων, Zakynthos"
1232,Κουτούπι,Ithaca,NO_RESULT,,,,"Κουτούπι, Ithaca"
1235,Μικρή Πόλη,Ithaca,WRONG_PLACE,314348,HAYAT μικρή Πόλη,turkish_restaurant,"Μικρή Πόλη, Ithaca"
1236,Πόλη,Ithaca,WRONG_PLACE,7745057,Ίθακα,,"Πόλη, Ithaca"
1238,Πλακούτσες,Ithaca,WRONG_PLACE,1783,Παραλία Πλακούτσες,tourist_attraction,"Πλακούτσες, Ithaca"
1239,Τρίτα Κουρβούλια,Ithaca,WRONG_TYPE,7,Kourvoulia 3,tourist_attraction,"Τρίτα Κουρβούλια, Ithaca"
1242,Λιμένια,Ithaca,NO_RESULT,,,,"Λιμένια, Ithaca"
1248,Bella Vista,Chios,WRONG_TYPE,163,Bella Vista Studios,lodging,"Bella Vista, Chios"
1249,Lilikas,Chios,WRONG_TYPE,120,Λιλικάς,,"Lilikas, Chios"
1250,Μάναγρος,Chios,WRONG_TYPE,393,Μάναγρος,,"Μάναγρος, Chios"
1252,Παραλία Τραχύλι,Chios,WRONG_PLACE,17625,Παραλία Τραχήλι,beach,"Παραλία Τραχύλι, Chios"
1253,Βίγλα,Chios,WRONG_PLACE,19366,Βίγλα του Παχή,historical_landmark,"Βίγλα, Chios"
1255,Αγία Ειρήνη,Chios,WRONG_PLACE,17570,Ιερός Ναός Αγίας Ειρήνης,church,"Αγία Ειρήνη, Chios"
1258,Γυαλί,Chios,WRONG_PLACE,12333,ΧΙΩΝ - Ποτοποιία Αεριούχα ποτά Ιωάννης Γκιάλης & Σία Ε.Ε,juice_shop,"Γυαλί, Chios"
1260,Καρφάς,Chios,WRONG_TYPE,170,Καρφάς,,"Καρφάς, Chios"
1261,Κώμη,Chios,WRONG_TYPE,246,Κώμη,,"Κώμη, Chios"
1264,Ναγός,Chios,WRONG_TYPE,109,Ναγός,,"Ναγός, Chios"
1267,Αυλωνιά Πυργίου,Chios,WRONG_PLACE,11021,Παραλία Αυλωνία,beach,"Αυλωνιά Πυργίου, Chios"
1277,Τηγάνι,Chios,WRONG_PLACE,334069,Παραλία Τηγάνια,beach,"Τηγάνι, Chios"
1280,Κατσούνι,Psara,WRONG_TYPE,71,Σπιτάλια,restaurant,"Κατσούνι, Psara"
1283,Λαζαρέτα,Psara,WRONG_PLACE,135530,Λαζαρέττα,cultural_landmark,"Λαζαρέτα, Psara"
1285,Κακοπετριά,Oinousses,WRONG_TYPE,13,Παραλία Κακοπετριά,resort_hotel,"Κακοπετριά, Oinousses"
1286,Φασόλι,Oinousses,WRONG_PLACE,343881,Φασόλια Βανίλια Φενεού,service,"Φασόλι, Oinousses"
1288,Απήγανου,Oinousses,WRONG_PLACE,352897,Olympus Senses,store,"Απήγανου, Oinousses"
1290,Χόχλακας,Oinousses,WRONG_TYPE,10,Παράλια Χόχλακας,tourist_attraction,"Χόχλακας, Oinousses"
1292,Κατσίκα,Oinousses,WRONG_PLACE,224074,Katsika Pagrati,restaurant,"Κατσίκα, Oinousses"
1293,Άρης Ποταμός,Ikaria,WRONG_TYPE,560,Νερόμυλος Άρη ποταμού Watermill of aris potamos (No1),,"Άρης Ποταμός, Ikaria"
1295,Αρμενιστής,Ikaria,WRONG_TYPE,83,Αρμενιστής,,"Αρμενιστής, Ikaria"
1297,Κάμπος,Ikaria,WRONG_TYPE,679,Κάμπος,,"Κάμπος, Ikaria"
1299,Κυπαρίσσι,Ikaria,WRONG_TYPE,345,Κυπαρίσσι,,"Κυπαρίσσι, Ikaria"
1300,Λιβάδι,Ikaria,WRONG_PLACE,14051,Λιβάδι,,"Λιβάδι, Ikaria"
1302,Νας,Ikaria,WRONG_TYPE,222,Κάτω Ράχες,,"Νας, Ikaria"
1304,Του Κοντού το Λάκωμα,Ikaria,WRONG_TYPE,50,ΚΟΝΤΟΥ ΤΟ ΛΑΚΩΜΑ,medical_clinic,"Του Κοντού το Λάκωμα, Ikaria"
1306,Πριόνι,Ikaria,WRONG_PLACE,6030,Παραλία Πριόνι,fishing_pier,"Πριόνι, Ikaria"
1309,Τράχηλα,Ikaria,WRONG_PLACE,5221,Atheras,hotel,"Τράχηλα, Ikaria"
1310,Φυρόδη,Ikaria,WRONG_TYPE,649,Firodi Boat,transportation_service,"Φυρόδη, Ikaria"
1311,Φύτεμα,Ikaria,WRONG_TYPE,713,Φύτεμα,,"Φύτεμα, Ikaria"
1314,Βιτσίλα,Fournoi,WRONG_PLACE,455713,Ο ΦΟΥΡΝΟΣ ΜΕ ΤΑ ΞΥΛΑ,bakery,"Βιτσίλα, Fournoi"
1316,Ελιδάκι,Fournoi,WRONG_PLACE,242815,"Ελπίδα, φουρνος",bakery,"Ελιδάκι, Fournoi"
1317,Καμπί,Fournoi,WRONG_TYPE,59,Κάμπι Φούρνων,,"Καμπί, Fournoi"
1318,Κουμαρά,Fournoi,WRONG_PLACE,240467,Φουρνος Κατσουλας,pastry_shop,"Κουμαρά, Fournoi"
1322,Άγιος Ισίδωρος,Lesvos,WRONG_TYPE,76,Άγιος Ισίδωρος,,"Άγιος Ισίδωρος, Lesvos"
1325,Αμπέλια,Lesvos,WRONG_TYPE,194,Αμπέλια,,"Αμπέλια, Lesvos"
1328,Αυλάκι,Lesvos,WRONG_PLACE,46080,Avlaki Restaurant,restaurant,"Αυλάκι, Lesvos"
1330,Βατερά,Lesvos,WRONG_PLACE,1645,Βατερά,,"Βατερά, Lesvos"
1331,Βατραχιά,Lesvos,WRONG_PLACE,14256,Βατούσσα,,"Βατραχιά, Lesvos"
1332,Ελεύκος,Lesvos,WRONG_PLACE,17520,"Τα Νέα της Λέσβου - Νέα, Λέσβος, ειδήσεις, επικαιρότητα - Εφημερίδα",,"Ελεύκος, Lesvos"
1333,Κάμπος,Lesvos,WRONG_TYPE,658,Κάμπος,,"Κάμπος, Lesvos"
1334,Καλό Λιμάνι,Lesvos,WRONG_TYPE,82,Καλό Λιμάνι,,"Καλό Λιμάνι, Lesvos"
1336,Κοχύλια,Lesvos,NO_RESULT,,,,"Κοχύλια, Lesvos"
1337,Λάψαρνα,Lesvos,WRONG_TYPE,206,Λάψαρνα,,"Λάψαρνα, Lesvos"
1338,Λίμενας,Lesvos,WRONG_PLACE,46661,Λιμάνι Κάπης,,"Λίμενας, Lesvos"
1339,Λαγκάδα,Lesvos,WRONG_TYPE,87,Λαγκαδά,,"Λαγκάδα, Lesvos"
1340,Λαμπρίνη ή Ουζούν Σοκάκ,Lesvos,WRONG_PLACE,218434,LABRINI ATHENS,store,"Λαμπρίνη ή Ουζούν Σοκάκ, Lesvos"
1341,Λιγονάρι,Lesvos,WRONG_TYPE,52,Λιγονάρι,,"Λιγονάρι, Lesvos"
1342,Λιμαντζίκι,Lesvos,WRONG_PLACE,1949,Το Λιμανάκι του Μολύβου,greek_restaurant,"Λιμαντζίκι, Lesvos"
1344,Μάλαθρα,Lesvos,WRONG_PLACE,24702,Μάλαθρα Εστιατόριο,restaurant,"Μάλαθρα, Lesvos"
1345,Μπάκερος,Lesvos,WRONG_PLACE,50852,Sea Horse Hotel,hotel,"Μπάκερος, Lesvos"
1346,Μπαλίνη,Lesvos,WRONG_PLACE,14143,Welcome to Lesvos,tourist_attraction,"Μπαλίνη, Lesvos"
1347,Μόλυβος,Lesvos,WRONG_TYPE,467,Μήθυμνα,,"Μόλυβος, Lesvos"
1348,Νησέλια,Lesvos,WRONG_TYPE,362,Νησέλια,,"Νησέλια, Lesvos"
1349,Ντάλαντος,Lesvos,WRONG_PLACE,35679,Καταρράκτης Μαν Κάτσα,tourist_attraction,"Ντάλαντος, Lesvos"
1350,Ξέρες Ευρειακής,Lesvos,WRONG_TYPE,1359,το Λιμανάκι της Ευρειακής,restaurant,"Ξέρες Ευρειακής, Lesvos"
1353,Παραλία Αμμούδι,Lesvos,WRONG_PLACE,25900,Παραλία Αμμουδέλι,beach,"Παραλία Αμμούδι, Lesvos"
1354,Παραλία Γυμνιστών Ερεσού,Lesvos,WRONG_PLACE,2150,Παραλία Γλυτσί Νερό,hiking_area,"Παραλία Γυμνιστών Ερεσού, Lesvos"
1361,Περιστεριά,Lesvos,WRONG_PLACE,420996,Αρχαιολογικός Χώρος Περιστεριάς,historical_landmark,"Περιστεριά, Lesvos"
1364,Ποδαράς,Lesvos,WRONG_TYPE,152,Ποδαράς,,"Ποδαράς, Lesvos"
1365,Πυραμιές,Lesvos,WRONG_PLACE,25111,"Pétra, Lesvos, Greece",scenic_spot,"Πυραμιές, Lesvos"
1366,Τηλέγραφος,Lesvos,WRONG_PLACE,449461,Τηλέγραφος,coffee_shop,"Τηλέγραφος, Lesvos"
1367,Τσάφι,Lesvos,WRONG_TYPE,158,Τσάφι,,"Τσάφι, Lesvos"
1368,Τσίλια,Lesvos,WRONG_TYPE,74,Τσίλια,,"Τσίλια, Lesvos"
1369,Τσιπούρια,Lesvos,WRONG_PLACE,29697,Πάρκο Απολιθωμένου Δάσους Σιγρίου,park,"Τσιπούρια, Lesvos"
1372,Φανερωμένη,Lesvos,WRONG_PLACE,61870,Εκκλησία Παναγία Φανερωμένη,church,"Φανερωμένη, Lesvos"
1373,Φαρά,Lesvos,WRONG_TYPE,165,Φάρα,,"Φαρά, Lesvos"
1375,Χαλατσές,Lesvos,WRONG_TYPE,340,Χαλατσες,,"Χαλατσές, Lesvos"
1376,Χαραμίδα,Lesvos,WRONG_TYPE,578,Χαραμίδα,,"Χαραμίδα, Lesvos"
1378,Χρούσος,Lesvos,WRONG_TYPE,567,Χρούσος,,"Χρούσος, Lesvos"
1379,Άγιος Νικόλαος,Samos,WRONG_PLACE,17639,Άγιος Νικόλαος,,"Άγιος Νικόλαος, Samos"
1380,Άσπρες (δυτική ακτή),Samos,WRONG_TYPE,1128,Psili Ammos beach,bar,"Άσπρες (δυτική ακτή), Samos"
1382,Άγιος Ιωάννης Ελεήμονας,Samos,WRONG_TYPE,141,Μονή Αγίου Ιωάννη Ελεήμονα (Μετόχι Παναγίου Τάφου),place_of_worship,"Άγιος Ιωάννης Ελεήμονας, Samos"
1383,Χαντάκι,Samos,WRONG_PLACE,28898,Γεφυράκι street food,fast_food_restaurant,"Χαντάκι, Samos"
1384,Ηραίο,Samos,WRONG_TYPE,194,Ηραίο,,"Ηραίο, Samos"
1385,Κοκκάρι,Samos,WRONG_TYPE,331,Κοκκάρι,,"Κοκκάρι, Samos"
1388,Πλάκα (δυτικός όρμος),Samos,WRONG_PLACE,6836,Villa Flora apartments,extended_stay_hotel,"Πλάκα (δυτικός όρμος), Samos"
1389,Πλατάνα,Samos,WRONG_PLACE,10157,Πλατεία Πλατάνου Σάμου,tourist_attraction,"Πλατάνα, Samos"
1390,Πυθαγόρειο,Samos,WRONG_TYPE,1099,Πυθαγόρειο,,"Πυθαγόρειο, Samos"
1391,Μικρά Λεμονάκια,Samos,WRONG_PLACE,1828,Lemonakia,restaurant,"Μικρά Λεμονάκια, Samos"
1392,Τρυπητή,Samos,WRONG_PLACE,373175,Παραλία Τρυπητή,,"Τρυπητή, Samos"
1394,Κλήμα,Samos,WRONG_PLACE,40360,Κλήμα,,"Κλήμα, Samos"
1395,Αράπης,Samos,WRONG_PLACE,212322,Arapis Restaurant,restaurant,"Αράπης, Samos"
1400,Κουκουναρά,Samos,WRONG_PLACE,366390,Κουκουναρά,,"Κουκουναρά, Samos"
1401,Κυριακού,Samos,WRONG_PLACE,22634,Αγία Κυριακη,,"Κυριακού, Samos"
1403,Λιβαδάκι,Samos,WRONG_PLACE,16240,Λιβαδάκι,,"Λιβαδάκι, Samos"
1409,Άσπρες (ανατολική ακτή),Samos,WRONG_TYPE,1393,Psili Ammos beach,bar,"Άσπρες (ανατολική ακτή), Samos"
1410,Παραλία Βεργής,Samos,WRONG_PLACE,13760,Verano Beach Samos,sports_activity_location,"Παραλία Βεργής, Samos"
1412,Παραλία Κάμπου Βουρλιωτών,Samos,WRONG_TYPE,484,Κάμπος,,"Παραλία Κάμπου Βουρλιωτών, Samos"
1413,Ποτάμι,Samos,WRONG_TYPE,370,Ποτάμι,,"Ποτάμι, Samos"
1415,Τσάμπου,Samos,WRONG_TYPE,48,Tsabou beach bar & restaurant,bar,"Τσάμπου, Samos"
1417,Ψιλή Άμμος ανατολικής Σάμου,Samos,WRONG_TYPE,135,Ψιλή Άμμος,,"Ψιλή Άμμος ανατολικής Σάμου, Samos"
1418,Ψιλή Άμμος Μαραθοκάμπου,Samos,WRONG_TYPE,164,Psili Ammos beach,bar,"Ψιλή Άμμος Μαραθοκάμπου, Samos"
3037,Σάμος Βαθύ Μαούνες,Samos,WRONG_TYPE,31,Μαούνες Μπαρ,bar,"Σάμος Βαθύ Μαούνες, Samos"
1419,Άγιος Δημήτριος,Agios Efstratios,WRONG_PLACE,206412,Ιερός Ναός Αγίου Δημητρίου,church,"Άγιος Δημήτριος, Agios Efstratios"
1420,Άγιος Αντώνιος,Agios Efstratios,WRONG_TYPE,203,Άγιος Αντώνιος,church,"Άγιος Αντώνιος, Agios Efstratios"
1421,Άγιος Νικόλαος,Agios Efstratios,WRONG_PLACE,5200,Άγιος Ευστράτιος,island,"Άγιος Νικόλαος, Agios Efstratios"
1422,Αλονίτσι,Agios Efstratios,WRONG_TYPE,30,Παραλία Αλωνίτσι,hiking_area,"Αλονίτσι, Agios Efstratios"
1425,Μουρούλια,Agios Efstratios,WRONG_TYPE,836,Agios Efstratios,ferry_terminal,"Μουρούλια, Agios Efstratios"
1429,Φτελιό,Agios Efstratios,WRONG_PLACE,4094,Άγιος Ευστράτιος,,"Φτελιό, Agios Efstratios"
1431,Αυλώνας,Lemnos,WRONG_PLACE,237328,Limnos Organic Wines-Savvoglou Tsivolas Winery,winery,"Αυλώνας, Lemnos"
1435,Κάσπακας,Lemnos,WRONG_TYPE,1470,Κάσπακας,,"Κάσπακας, Lemnos"
1436,Καταπόδι,Lemnos,NO_RESULT,,,,"Καταπόδι, Lemnos"
1437,Κόκκινα (βόρειος όρμος),Lemnos,WRONG_PLACE,15991,Παραλία Κοκκινόβραχος,beach,"Κόκκινα (βόρειος όρμος), Lemnos"
1438,Λιμάνι Αγιάς,Lemnos,WRONG_TYPE,127,Λιμάνι Αγιάς,tourist_attraction,"Λιμάνι Αγιάς, Lemnos"
1440,Παναγιάς Πηγάδελι,Lemnos,WRONG_PLACE,9750,Παναγιά,church,"Παναγιάς Πηγάδελι, Lemnos"
1442,Σκανδάλη,Lemnos,WRONG_PLACE,1915,Σκανδάλι,,"Σκανδάλη, Lemnos"
1444,Τρυγή,Lemnos,WRONG_PLACE,3256,Παναγία της Τρυγής,church,"Τρυγή, Lemnos"
1446,Άγιος Ιωάννης,Lemnos,WRONG_TYPE,317,Άγιος Ιωάννης,,"Άγιος Ιωάννης, Lemnos"
1447,Βάθρακας,Lemnos,NO_RESULT,,,,"Βάθρακας, Lemnos"
1450,Καλλιθέα,Lemnos,WRONG_TYPE,915,Καλλιθέα,,"Καλλιθέα, Lemnos"
1451,Κατάλακκο,Lemnos,WRONG_PLACE,3211,Κατάλακκο,,"Κατάλακκο, Lemnos"
1452,Κόκκινα (νότιος όρμος),Lemnos,WRONG_PLACE,16813,Παραλία Κοκκινόβραχος,beach,"Κόκκινα (νότιος όρμος), Lemnos"
1454,Μεγάλο Φαναράκι,Lemnos,WRONG_TYPE,32,Megalo Fanaraki (Μεγάλο Φαναράκι),cafe,"Μεγάλο Φαναράκι, Lemnos"
1458,Θάνος,Lemnos,WRONG_PLACE,1757,Θάνος,,"Θάνος, Lemnos"
1460,Παραλία Μακρύς Γυαλός,Lemnos,WRONG_PLACE,455682,Παραλία Μακρύς γυαλός,beach,"Παραλία Μακρύς Γυαλός, Lemnos"
1461,Πλατύ,Lemnos,WRONG_TYPE,1091,Πλατύ,,"Πλατύ, Lemnos"
1463,Πλάκα,Lemnos,WRONG_TYPE,1273,Πλάκα,,"Πλάκα, Lemnos"
1467,Τηγάνι,Lemnos,WRONG_PLACE,24061,Λήμνια Γη,hotel,"Τηγάνι, Lemnos"
1469,Φαρακλού,Lemnos,WRONG_TYPE,77,Γεωλογικό Πάρκο Φαρακλού,nature_preserve,"Φαρακλού, Lemnos"
1471,Ανάβαλος,Argolida (mainland),WRONG_PLACE,21408,ANAVALOS pumps,corporate_office,"Ανάβαλος, Argolida"
1472,Ανεπίσημη Γυμνιστική Παραλία,Argolida (mainland),WRONG_PLACE,79523,Παραλία Πίκπα Βούλας,tourist_attraction,"Ανεπίσημη Γυμνιστική Παραλία, Argolida"
1473,Βερβερόντα,Argolida (mainland),WRONG_TYPE,573,Βερβεροντα,,"Βερβερόντα, Argolida"
1475,Καλαμάκι,Argolida (mainland),WRONG_PLACE,42774,Καλαμάκι,,"Καλαμάκι, Argolida"
1479,Μικρή Βουρλιά,Argolida (mainland),WRONG_PLACE,140322,Βουρλιά,beach,"Μικρή Βουρλιά, Argolida"
1480,Μπούκα,Argolida (mainland),WRONG_PLACE,6872,Παραλία Μπούκα,tourist_attraction,"Μπούκα, Argolida"
1482,"Παραλία ""Παναγιά Πολέμαρχος""",Argolida (mainland),WRONG_TYPE,225,Παναγία Πολεμάρχα,church,"Παραλία ""Παναγιά Πολέμαρχος"", Argolida"
1483,Παραλία Αγίου Νικολάου - Κονδύλι,Argolida (mainland),WRONG_TYPE,273,Άγιος Νικόλαος,bar,"Παραλία Αγίου Νικολάου - Κονδύλι, Argolida"
1493,Πετροθάλασσα,Argolida (mainland),WRONG_TYPE,745,Πετροθάλασσα,,"Πετροθάλασσα, Argolida"
1496,Βιβάρι,Argolida (mainland),WRONG_TYPE,193,Βιβάρι,,"Βιβάρι, Argolida"
1497,Ίρια,Argolida (mainland),WRONG_PLACE,3031,Ίρια,,"Ίρια, Argolida"
1499,Νέα Επίδαυρος - Αλιότου,Argolida (mainland),WRONG_PLACE,3293,Νέα Επίδαυρος,,"Νέα Επίδαυρος - Αλιότου, Argolida"
1501,Κουνουπί,Argolida (mainland),WRONG_TYPE,156,Κουνούπι,,"Κουνουπί, Argolida"
1502,Χινίτσα,Argolida (mainland),WRONG_TYPE,354,Χηνίτσα,,"Χινίτσα, Argolida"
1504,Κόστα,Argolida (mainland),WRONG_TYPE,690,Κόστα,,"Κόστα, Argolida"
1506,Άμμος του Μουλά,Arkadia (mainland),WRONG_TYPE,6,Άμμος του Μουλά,public_bath,"Άμμος του Μουλά, Arkadia"
1508,Βίλες,Arkadia (mainland),NO_RESULT,,,,"Βίλες, Arkadia"
1509,Ζαρίτσι,Arkadia (mainland),WRONG_TYPE,385,Κάμπινγκ Ζαριτσι,campground,"Ζαρίτσι, Arkadia"
1510,Καρακατσάνης,Arkadia (mainland),WRONG_PLACE,104092,Λογιστικό Γραφείο | ABT Consultancy Καρακατσάνης,consultant,"Καρακατσάνης, Arkadia"
1511,Κρυονέρι,Arkadia (mainland),WRONG_TYPE,129,Κρυονέρι,,"Κρυονέρι, Arkadia"
1513,Νεκροταφείο,Arkadia (mainland),WRONG_PLACE,65823,Κοιμητήριο Αγίας Τριάδας Λαγκαδίων,cemetery,"Νεκροταφείο, Arkadia"
1514,Παλιόχανο,Arkadia (mainland),WRONG_PLACE,294397,"Ταβέρνα ""Παλιόχανο""",restaurant,"Παλιόχανο, Arkadia"
1515,Παραλία Βερβένων,Arkadia (mainland),WRONG_PLACE,34081,Βερβένων,,"Παραλία Βερβένων, Arkadia"
1518,Πλαζ Παράλιου Άστρους,Arkadia (mainland),WRONG_TYPE,1284,Παράλιο Άστρος,,"Πλαζ Παράλιου Άστρους, Arkadia"
1519,Πούλιθρα,Arkadia (mainland),WRONG_PLACE,1671,Πούλιθρα,,"Πούλιθρα, Arkadia"
1521,Καλαμάκι,Korinthia (mainland),WRONG_TYPE,226,Kalamaki,,"Καλαμάκι, Korinthia"
1524,Κανταρέ,Korinthia (mainland),WRONG_TYPE,288,New Way Passaggio,cafe,"Κανταρέ, Korinthia"
1525,Κοκκώσι,Korinthia (mainland),WRONG_PLACE,25020,Κοκκώνι,,"Κοκκώσι, Korinthia"
1526,Κρυφή,Korinthia (mainland),WRONG_PLACE,5359,ΚΟΡΙΝΘΟΣ (Ηλεκτρονική Εφημεριδα & Ραδιοφωνικός Σταθμός της Κορινθίας),,"Κρυφή, Korinthia"
1527,Λευκή,Korinthia (mainland),WRONG_PLACE,15405,το Λευκό,home_goods_store,"Λευκή, Korinthia"
1529,Μεγάλο Αμόνι,Korinthia (mainland),WRONG_TYPE,93,ΨΑΡΟΤΑΒΕΡΝΑ ΤΟ ΑΜΟΝΙ,restaurant,"Μεγάλο Αμόνι, Korinthia"
1531,Παραλία Αγία Σωτήρα,Korinthia (mainland),WRONG_PLACE,15724,Παραλία Καλάμια Κόρινθος,tourist_attraction,"Παραλία Αγία Σωτήρα, Korinthia"
1532,Παραλία Αγίων Θεωδώρων,Korinthia (mainland),WRONG_PLACE,17422,ΠΑΡΑΛΙΑ NERAIDA BEACH,beach,"Παραλία Αγίων Θεωδώρων, Korinthia"
1534,Παραλία Λυκοποριάς,Korinthia (mainland),WRONG_PLACE,1706,Λυκοποριά,,"Παραλία Λυκοποριάς, Korinthia"
1535,Παραλία Μυλοκοπή,Korinthia (mainland),WRONG_TYPE,616,Παραλία Μικρή Μυλοκοπή,sports_complex,"Παραλία Μυλοκοπή, Korinthia"
1539,Σιδερώνα,Korinthia (mainland),WRONG_TYPE,378,Σιδέρωνα,,"Σιδερώνα, Korinthia"
1540,Στέρνα,Korinthia (mainland),WRONG_PLACE,45172,Στέρνα,,"Στέρνα, Korinthia"
1541,Συκιά,Korinthia (mainland),WRONG_TYPE,489,Συκιά,,"Συκιά, Korinthia"
3039,Λουτράκι Αγ. Θεόδωροι,Korinthia (mainland),WRONG_PLACE,15421,Δήμος Λουτρακίου - Αγίων Θεοδώρων,,"Λουτράκι Αγ. Θεόδωροι, Korinthia"
3042,Λουτράκι Σχίνος,Korinthia (mainland),WRONG_PLACE,2195,Σχίνος,,"Λουτράκι Σχίνος, Korinthia"
1542,Αγία Βαρβάρα,Lakonia (mainland),WRONG_PLACE,12666,Αγία Βαρβάρα,,"Αγία Βαρβάρα, Lakonia"
1543,Αγία Κυριακή,Lakonia (mainland),WRONG_PLACE,31524,Αγία Κυριακη,,"Αγία Κυριακή, Lakonia"
1544,Άγιος Κυπριανός,Lakonia (mainland),WRONG_TYPE,91,Άγιος Κυπριανός,,"Άγιος Κυπριανός, Lakonia"
1545,Αλύπα,Lakonia (mainland),WRONG_TYPE,32,Αλύπα,,"Αλύπα, Lakonia"
1546,Αμπελάκια,Lakonia (mainland),WRONG_PLACE,359300,Ριζάρι Εστιατόριο - Ταβέρνα στα Αμπελάκια Λάρισας,restaurant,"Αμπελάκια, Lakonia"
1548,Ανδρόγυαλος,Lakonia (mainland),WRONG_PLACE,193158,ΑΝΤΡΟΓΙΑΛΟΣ,greek_restaurant,"Ανδρόγυαλος, Lakonia"
1549,Ανεπίσημη Γυμνιστική Παραλία,Lakonia (mainland),WRONG_PLACE,24698,Παραλία Κοκκινιά,,"Ανεπίσημη Γυμνιστική Παραλία, Lakonia"
1550,Αρτάνη,Lakonia (mainland),WRONG_PLACE,53569,Αγριάνοι,,"Αρτάνη, Lakonia"
1551,Βαθύ,Lakonia (mainland),WRONG_TYPE,724,Βαθύ,,"Βαθύ, Lakonia"
1552,Βιανδίνη (Βούρκος),Lakonia (mainland),WRONG_TYPE,71,Βιανδύνη | Παραλία Καφέ - Μπαρ - Εστιατόριο,restaurant,"Βιανδίνη (Βούρκος), Lakonia"
1554,Βορδόνας,Lakonia (mainland),NO_RESULT,,,,"Βορδόνας, Lakonia"
1555,Γιαλός,Lakonia (mainland),WRONG_PLACE,93278,Ταβέρνα Γιαλός,greek_restaurant,"Γιαλός, Lakonia"
1556,Δρίμισκος,Lakonia (mainland),WRONG_PLACE,62618,Δρυμός,,"Δρίμισκος, Lakonia"
1557,Θυνί,Lakonia (mainland),WRONG_PLACE,45533,Θύνι,,"Θυνί, Lakonia"
1558,Καλαμάκια,Lakonia (mainland),WRONG_PLACE,24727,"Ψητοπωλείο Το Συμπόσιο - Σκάλα Λακωνίας - σουβλάκια, καλαμάκια, γύρος, μερίδες, πίτες",restaurant,"Καλαμάκια, Lakonia"
1559,Καμάρες,Lakonia (mainland),WRONG_TYPE,158,Καμάρες,,"Καμάρες, Lakonia"
1560,Καραβοστάσι Οιτύλου,Lakonia (mainland),WRONG_TYPE,137,Καραβοστάσι,,"Καραβοστάσι Οιτύλου, Lakonia"
1561,Καστέλλα,Lakonia (mainland),WRONG_TYPE,558,Καστέλλα,,"Καστέλλα, Lakonia"
1564,Κυανή Ακτή,Lakonia (mainland),WRONG_PLACE,196898,Παραλία Κυανή Ακτή,tourist_attraction,"Κυανή Ακτή, Lakonia"
1565,Λιμάνι,Lakonia (mainland),WRONG_PLACE,25609,Λιμάνι Γέρακας,marina,"Λιμάνι, Lakonia"
1566,Μαρμάρι,Lakonia (mainland),WRONG_TYPE,192,Μαρμάρι,,"Μαρμάρι, Lakonia"
1567,Μεγάλη Άμμος,Lakonia (mainland),WRONG_PLACE,34472,Ammos Beach Λακωνία | Rooms - Restaurant - Pool bar,bar,"Μεγάλη Άμμος, Lakonia"
1570,Μώλος,Lakonia (mainland),WRONG_TYPE,66,Μώλος cafe,cafe,"Μώλος, Lakonia"
1571,Ξιφιάς,Lakonia (mainland),WRONG_TYPE,364,Ξιφίας,,"Ξιφιάς, Lakonia"
1572,Οίτυλο,Lakonia (mainland),WRONG_PLACE,1624,Οίτυλο,,"Οίτυλο, Lakonia"
1573,Παραλία 100 Ρίζες,Lakonia (mainland),WRONG_TYPE,31,"100 Rizes Seaside Resort, an SLH Hotel",hotel,"Παραλία 100 Ρίζες, Lakonia"
1575,Παραλία Βαλτάκι,Lakonia (mainland),WRONG_TYPE,528,Βαλτάκι,,"Παραλία Βαλτάκι, Lakonia"
1576,Παραλία Ελιάς,Lakonia (mainland),WRONG_PLACE,11999,Παραλία Έλους,beach,"Παραλία Ελιάς, Lakonia"
1577,Παραλία Καλεβόλου,Lakonia (mainland),WRONG_PLACE,15276,Παραλία Χαμόκελο,tourist_attraction,"Παραλία Καλεβόλου, Lakonia"
1582,Παραλία Μαυροβουνίου,Lakonia (mainland),WRONG_PLACE,1697,Παραλία Μαυροβουνίου,beach,"Παραλία Μαυροβουνίου, Lakonia"
1584,Παραλία Σαρακίνικο,Lakonia (mainland),WRONG_PLACE,135739,Σαρακήνικο,,"Παραλία Σαρακίνικο, Lakonia"
1587,Παραλία της Πικριάς,Lakonia (mainland),WRONG_PLACE,30543,Παραλία Κυπαρίσσι,tourist_attraction,"Παραλία της Πικριάς, Lakonia"
1588,Παραλία Τρίνησα,Lakonia (mainland),WRONG_PLACE,1695,Παραλία Τρινήσα,beach,"Παραλία Τρίνησα, Lakonia"
1591,Πόρτο Κάγιο,Lakonia (mainland),WRONG_TYPE,80,Πόρτο Κάγιο,,"Πόρτο Κάγιο, Lakonia"
1592,Πούλια,Lakonia (mainland),WRONG_PLACE,33153,Σπήλαιο Καστανιάς,tourist_attraction,"Πούλια, Lakonia"
1593,Πούντα,Lakonia (mainland),WRONG_TYPE,334,Πούντα,,"Πούντα, Lakonia"
1594,Πρώτο Αυλάκι,Lakonia (mainland),WRONG_PLACE,76465,Παραλία Βαθύ,beach,"Πρώτο Αυλάκι, Lakonia"
1595,Πύλα,Lakonia (mainland),WRONG_PLACE,39072,Πιλάλα,,"Πύλα, Lakonia"
1596,Πύλιζα,Lakonia (mainland),WRONG_TYPE,2,Paralía Piliza,hiking_area,"Πύλιζα, Lakonia"
1597,Ρωμαϊκή Παραλία,Lakonia (mainland),WRONG_PLACE,46944,Παραλία Χαμόκελο,tourist_attraction,"Ρωμαϊκή Παραλία, Lakonia"
1600,Χαλικιά,Lakonia (mainland),WRONG_PLACE,8153,Αλύπα,,"Χαλικιά, Lakonia"
1601,Χαλικιά Βάτα,Lakonia (mainland),WRONG_TYPE,61,Χαλικιά Βάττα,,"Χαλικιά Βάτα, Lakonia"
1603,Αγία Τριάδα,Messinia (mainland),WRONG_TYPE,248,Αγία Τριάδα,,"Αγία Τριάδα, Messinia"
1604,Άγιος Νικόλαος,Messinia (mainland),WRONG_PLACE,57946,Άγιος Νικόλαος,,"Άγιος Νικόλαος, Messinia"
1607,Αρτακι,Messinia (mainland),WRONG_TYPE,145,"Artaki restaurant Koroni, Αρτάκι εστιατόριο Κορώνη",greek_restaurant,"Αρτακι, Messinia"
1610,Βρωμονέρι,Messinia (mainland),WRONG_TYPE,162,Βρομονέρι,,"Βρωμονέρι, Messinia"
1611,Γαργαρού,Messinia (mainland),WRONG_TYPE,203,Παραλία Γάργαρου,hiking_area,"Γαργαρού, Messinia"
1612,Γλυφάδα,Messinia (mainland),WRONG_PLACE,27420,Γλυφάδα,,"Γλυφάδα, Messinia"
1614,Διβάρι,Messinia (mainland),WRONG_TYPE,135,Divari Beach Bar,bar,"Διβάρι, Messinia"
1616,Καλαμάκι,Messinia (mainland),WRONG_PLACE,20113,Καλαμάκι,,"Καλαμάκι, Messinia"
1617,Καλογριά,Messinia (mainland),WRONG_TYPE,109,Καλόγρια,,"Καλογριά, Messinia"
1620,Κρυονέρι,Messinia (mainland),WRONG_PLACE,52350,Κρυονέρι,,"Κρυονέρι, Messinia"
1621,Λαγκουβαρδος,Messinia (mainland),WRONG_TYPE,404,Λαγκούβαρδος,,"Λαγκουβαρδος, Messinia"
1623,Λαχανού,Messinia (mainland),WRONG_PLACE,11437,Λαχανάδα,,"Λαχανού, Messinia"
1624,Λιβάδια,Messinia (mainland),WRONG_PLACE,198775,Κάστρο Λιβαδειάς,castle,"Λιβάδια, Messinia"
1625,Λούτσα,Messinia (mainland),WRONG_TYPE,225,Λούτσα,,"Λούτσα, Messinia"
1626,Μάτι,Messinia (mainland),WRONG_PLACE,8585,Παραλία Ματι Ρίκια,beach,"Μάτι, Messinia"
1629,Μεμί,Messinia (mainland),WRONG_PLACE,58673,Μέμι,,"Μεμί, Messinia"
1631,Παραλία Βουνάκι,Messinia (mainland),WRONG_PLACE,2100,Παραλία Αγιαννάκη,state_park,"Παραλία Βουνάκι, Messinia"
1633,Παραλία Δελφίνια,Messinia (mainland),WRONG_PLACE,4145,Παραλία Ριτσά,beach,"Παραλία Δελφίνια, Messinia"
1643,Παραλία Φιλοξενία,Messinia (mainland),WRONG_TYPE,257,Grecotel Filoxenia Kalamata,hotel,"Παραλία Φιλοξενία, Messinia"
1645,Παραλία Χωμάτι,Messinia (mainland),WRONG_PLACE,12968,Παραλία Μαυροβούνι,tourist_attraction,"Παραλία Χωμάτι, Messinia"
1646,Περούλια,Messinia (mainland),WRONG_TYPE,319,Περούλια,,"Περούλια, Messinia"
1647,Πετροχώρι,Messinia (mainland),WRONG_TYPE,692,Πετροχώρι,,"Πετροχώρι, Messinia"
1648,Ρωμανός,Messinia (mainland),WRONG_TYPE,1392,Ρωμανός,,"Ρωμανός, Messinia"
1650,Στούπα,Messinia (mainland),WRONG_TYPE,105,Στούπα,,"Στούπα, Messinia"
1653,Χελωναριά,Messinia (mainland),WRONG_TYPE,846,Χελωναριά,,"Χελωναριά, Messinia"
1654,Kartela,Messinia (mainland),WRONG_TYPE,1374,Καρτέλα,apartment_complex,"Kartela, Messinia"
1655,Oasi,Messinia (mainland),WRONG_PLACE,41430,Oasis Hotel,hotel,"Oasi, Messinia"
1656,Velonas,Messinia (mainland),WRONG_PLACE,8379,Ξενώνας Πόλα,event_venue,"Velonas, Messinia"
3020,Άγιος Ανδρέας,Messinia (mainland),WRONG_TYPE,297,Άγιος Ανδρέας,,"Άγιος Ανδρέας, Messinia"
3021,Πεταλίδι,Messinia (mainland),WRONG_TYPE,181,Πεταλίδι,,"Πεταλίδι, Messinia"
1658,Άγιος Παύλος,Amorgos,WRONG_TYPE,301,Άγιος Παύλος,,"Άγιος Παύλος, Amorgos"
1660,Καμπί,Amorgos,WRONG_PLACE,3438,Δημοτικό Camping 'Αμοργός',campground,"Καμπί, Amorgos"
1668,Χόχλακας,Amorgos,NO_RESULT,,,,"Χόχλακας, Amorgos"
1687,Άγιος Ιωάννης,Andros,WRONG_PLACE,32690,Άγιος Ιωάννης,,"Άγιος Ιωάννης, Andros"
1694,Βλυχάδα,Andros,WRONG_TYPE,229,Βλυχάδα,,"Βλυχάδα, Andros"
1696,Βίντζι,Andros,WRONG_TYPE,21,"Vintsi Cafe, Bar & Restaurant",restaurant,"Βίντζι, Andros"
1707,Λεφκιβάρι,Andros,WRONG_PLACE,23848,Biriki,coffee_shop,"Λεφκιβάρι, Andros"
1708,Λιμανάκι,Andros,WRONG_PLACE,11196,"Villa Limanaki hotel, Andros rooms, Ανδρος Μπατσι ενοικιαζομενα δωματια, Andros apartments for rent",hotel,"Λιμανάκι, Andros"
1715,Παλαιοπολη,Andros,WRONG_PLACE,3206,Παλαιόπολη,,"Παλαιοπολη, Andros"
1721,Πύργος,Andros,WRONG_TYPE,97,Πύργος,historical_landmark,"Πύργος, Andros"
1739,Άγιος Γεώργιος,Folegandros,WRONG_TYPE,39,Άγιος Γεώργιος,,"Άγιος Γεώργιος, Folegandros"
1812,Καλόγηρος,Kea,WRONG_PLACE,6686,Λέων της Κέας,tourist_attraction,"Καλόγηρος, Kea"
1813,Καμπί,Kea,WRONG_TYPE,75,Κάμπι,,"Καμπί, Kea"
1818,Λυγιά,Kea,WRONG_TYPE,117,Λίγια,,"Λυγιά, Kea"
1824,Ορκός,Kea,WRONG_TYPE,130,Όρκος,,"Ορκός, Kea"
1826,Πετρούσα,Kea,WRONG_PLACE,3954,Bohemian Kea,restaurant,"Πετρούσα, Kea"
1827,Ποίσσες,Kea,WRONG_TYPE,165,Ποίσσες,,"Ποίσσες, Kea"
1829,Σπαθί,Kea,WRONG_TYPE,77,Σπαθί,,"Σπαθί, Kea"
1843,Γκιώνη,Kimolos,WRONG_TYPE,778,Κιμωλία Γη,hotel,"Γκιώνη, Kimolos"
1844,Ελληνικά,Kimolos,WRONG_PLACE,4108,Κίμωλος,island,"Ελληνικά, Kimolos"
1846,Καλαμίτσι,Kimolos,WRONG_TYPE,176,Καλαμίτσι,,"Καλαμίτσι, Kimolos"
1852,Μοναστήρια,Kimolos,WRONG_TYPE,985,Κίμωλος - Μοναστήρια,,"Μοναστήρια, Kimolos"
1857,Ψάθη,Kimolos,WRONG_TYPE,58,Ψάθη,,"Ψάθη, Kimolos"
1858,Άγιος Δημήτριος,Kythnos,WRONG_TYPE,195,Άγιος Δημήτριος,,"Άγιος Δημήτριος, Kythnos"
1861,Άγιος Στέφανος,Kythnos,WRONG_TYPE,134,Άγιος Στέφανος,,"Άγιος Στέφανος, Kythnos"
1863,Αγία Ειρήνη,Kythnos,WRONG_TYPE,51,Αγία Ειρήνη,,"Αγία Ειρήνη, Kythnos"
1870,Γαλάζια Ακτή,Kythnos,WRONG_PLACE,93095,Γαλάζια Ακτή Μαραθώνα,event_venue,"Γαλάζια Ακτή, Kythnos"
1872,Επισκοπή,Kythnos,WRONG_TYPE,113,Επισκοπή,,"Επισκοπή, Kythnos"
1876,Καλό Λιβάδι,Kythnos,WRONG_TYPE,93,Καλό Λιβάδι,,"Καλό Λιβάδι, Kythnos"
1878,Κολοβελόνη,Kythnos,WRONG_PLACE,12003,Παραλία Κολώνα,tourist_attraction,"Κολοβελόνη, Kythnos"
1881,Λεύκες,Kythnos,WRONG_TYPE,53,Λευκές,,"Λεύκες, Kythnos"
1889,Πετρούσα,Kythnos,WRONG_TYPE,281,Wide Sea Kythnos,hotel,"Πετρούσα, Kythnos"
1899,Άγιος Ιωάννης,Milos,WRONG_PLACE,56968,Άγιος Ιωάννης,,"Άγιος Ιωάννης, Milos"
1900,Άγιος Σώστης,Milos,WRONG_TYPE,164,Άγιος Σώστης,church,"Άγιος Σώστης, Milos"
1905,Γερανιά,Milos,WRONG_PLACE,2612,Gerania Milos,lodging,"Γερανιά, Milos"
1909,Κάτεργο,Milos,WRONG_PLACE,9896,Λιμεναρχείο Μήλου,service,"Κάτεργο, Milos"
1910,Κήποι,Milos,WRONG_TYPE,107,Kipos Restaurant,restaurant,"Κήποι, Milos"
1911,Καμπάνες,Milos,WRONG_PLACE,3511,Παραλία Μανδράκια,tourist_attraction,"Καμπάνες, Milos"
1913,Ναυτικός Όμιλος Μήλου,Milos,WRONG_TYPE,1399,Ναυτιλος Μηλος,hardware_store,"Ναυτικός Όμιλος Μήλου, Milos"
1921,Ριβάρι,Milos,WRONG_TYPE,889,Rivari Estate Milos,tourist_attraction,"Ριβάρι, Milos"
1922,Σαρακήνικο,Milos,WRONG_TYPE,12,Σαρακήνικο,,"Σαρακήνικο, Milos"
1928,Φυρλίνγκος,Milos,WRONG_PLACE,6429,Παραλία Τσιγκράδο,tourist_attraction,"Φυρλίνγκος, Milos"
1929,Φυροπόταμος,Milos,WRONG_TYPE,47,Φυροπόταμος,,"Φυροπόταμος, Milos"
1930,Ψαθί,Milos,WRONG_PLACE,20859,Ψάθη,,"Ψαθί, Milos"
1931,Ψαροβολάδα,Milos,WRONG_TYPE,172,Psaravolada Restaurant,restaurant,"Ψαροβολάδα, Milos"
1932,Πολλώνια,Milos,WRONG_TYPE,147,Πολλώνια,,"Πολλώνια, Milos"
1933,Αγκάλη,Milos,WRONG_PLACE,7060,Agali Hotel Milos,hotel,"Αγκάλη, Milos"
1934,Βούδια,Milos,WRONG_TYPE,591,Βούδια,,"Βούδια, Milos"
1937,Ρέμα,Milos,WRONG_PLACE,10653,Ρέμα (παραλία με βότσαλα),beach,"Ρέμα, Milos"
1939,Αγία Άννα,Mykonos,WRONG_PLACE,8151,Παραλία Αγιά Αννα,beach,"Αγία Άννα, Mykonos"
1941,Αγία Άννα Παράγκας,Mykonos,WRONG_TYPE,580,"Αγία Άννα,Παράγκα",,"Αγία Άννα Παράγκας, Mykonos"
1943,Άγιος Ιωάννης,Mykonos,WRONG_TYPE,182,Άγιος Ιωάννης Διακοφτης,,"Άγιος Ιωάννης, Mykonos"
1944,Άγιος Στέφανος,Mykonos,WRONG_TYPE,112,Άγιος Στέφανος,,"Άγιος Στέφανος, Mykonos"
1945,Άγιος Σώστης,Mykonos,WRONG_TYPE,341,Άγιος Σώστης,,"Άγιος Σώστης, Mykonos"
1950,Ελιά,Mykonos,WRONG_TYPE,121,Ελιά,,"Ελιά, Mykonos"
1955,Καραπέτης,Mykonos,NO_RESULT,,,,"Καραπέτης, Mykonos"
1964,Ορνός,Mykonos,WRONG_TYPE,122,Ορνός,,"Ορνός, Mykonos"
1967,παραλία Σωκράτης,Mykonos,WRONG_PLACE,6973,Agios Sostis Beach,tourist_attraction,"παραλία Σωκράτης, Mykonos"
1969,Πλατύς Γιαλός,Mykonos,WRONG_TYPE,246,Πλατύς Γιαλός,,"Πλατύς Γιαλός, Mykonos"
1971,Ταρσανάς,Mykonos,WRONG_PLACE,20652,Ταρσανάς,restaurant,"Ταρσανάς, Mykonos"
1986,Αζαλάς,Naxos,WRONG_TYPE,271,Αζαλας,,"Αζαλάς, Naxos"
1989,Άμπραμ,Naxos,WRONG_TYPE,109,Αμπράμ,,"Άμπραμ, Naxos"
1990,Απόλλωνας,Naxos,WRONG_TYPE,287,Απόλλωνας,,"Απόλλωνας, Naxos"
1991,Βίντζι,Naxos,WRONG_PLACE,4189,Vento Rooftop Restaurant Naxos,restaurant,"Βίντζι, Naxos"
1999,Κλειδός,Naxos,WRONG_TYPE,655,Κλειδώ,,"Κλειδός, Naxos"
2001,Λιγαρίδια,Naxos,WRONG_PLACE,2213,Λυγαρίδια,,"Λιγαρίδια, Naxos"
2003,Λίωνας,Naxos,WRONG_TYPE,117,Λιωνας,,"Λίωνας, Naxos"
2004,Μελινό,Naxos,WRONG_PLACE,15299,Μελίμηλον Νάξου,bistro,"Μελινό, Naxos"
2009,Μουτσούνα,Naxos,WRONG_TYPE,189,Μουτσούνα,,"Μουτσούνα, Naxos"
2010,Όρκος,Naxos,WRONG_TYPE,70,Ορκός,,"Όρκος, Naxos"
2012,Πλάκα,Naxos,WRONG_PLACE,1884,Πλάκα,,"Πλάκα, Naxos"
2015,Παραλία Σπεδό,Naxos,WRONG_PLACE,10976,Κεδροδάσος Αλυκού,park,"Παραλία Σπεδό, Naxos"
2018,Παραλία Ψωφαγριλιά,Naxos,WRONG_PLACE,21707,Παραλία Μικρή Βίγλα,tourist_attraction,"Παραλία Ψωφαγριλιά, Naxos"
2023,Αμπελάς,Paros,WRONG_TYPE,125,Αμπελάς,,"Αμπελάς, Paros"
2025,Βουτάκος,Paros,WRONG_TYPE,206,Βουτακος Πάρου,,"Βουτάκος, Paros"
2026,Γλυφάδες,Paros,WRONG_TYPE,535,Γλυφάδες,,"Γλυφάδες, Paros"
2031,Κριός,Paros,WRONG_TYPE,618,Crios Beach Bar & Restaurant Paros,restaurant,"Κριός, Paros"
2033,Λιβάδια,Paros,WRONG_PLACE,6059,Λιβάδια,,"Λιβάδια, Paros"
2041,Ναυτικός όμιλος Πάρου,Paros,WRONG_TYPE,68,Ναυτικός Όμιλος Πάρου - Σχολή Ιστιοπλοΐας | Paros Nautical Club - Sailing school |,sports_complex,"Ναυτικός όμιλος Πάρου, Paros"
2042,Ξυφάρα,Paros,WRONG_TYPE,427,Ξιφαρά,,"Ξυφάρα, Paros"
2047,Παρασπόρος,Paros,WRONG_TYPE,769,Παρασπόρος,,"Παρασπόρος, Paros"
2050,Πυργάκι,Paros,WRONG_TYPE,1326,Πυργάκι,,"Πυργάκι, Paros"
2051,Σάντα Μαρία,Paros,WRONG_TYPE,375,Σάντα Μαρια,,"Σάντα Μαρία, Paros"
2054,Τσουκαλιά,Paros,WRONG_TYPE,116,Τσουκάλια,,"Τσουκαλιά, Paros"
2057,Άγιος Γεώργιος,Santorini,WRONG_TYPE,468,Άγιος Γεώργιος,,"Άγιος Γεώργιος, Santorini"
2058,Βλυχάδα,Santorini,WRONG_TYPE,185,Βλυχάδα,,"Βλυχάδα, Santorini"
2059,Βουρβούλος,Santorini,WRONG_PLACE,1905,Βουρβούλος,,"Βουρβούλος, Santorini"
2064,Μονόλιθος,Santorini,WRONG_TYPE,207,Μονόλιθος,,"Μονόλιθος, Santorini"
2066,Παραλία Κερκέζου,Santorini,WRONG_PLACE,1853,Άσπρη Παραλία,tourist_attraction,"Παραλία Κερκέζου, Santorini"
2072,Άη Γιάννης,Serifos,WRONG_TYPE,118,Άγιος Ιωάννης,,"Άη Γιάννης, Serifos"
2076,Βάγια,Serifos,WRONG_TYPE,134,Βάγια,,"Βάγια, Serifos"
2077,Βορεινό,Serifos,WRONG_PLACE,6814,Vassilia On The Beach Serifos,hotel,"Βορεινό, Serifos"
2081,Καλόγερος,Serifos,WRONG_PLACE,5506,Σέριφος,,"Καλόγερος, Serifos"
2093,Συκαμιά,Serifos,WRONG_TYPE,298,Συκαμιά,,"Συκαμιά, Serifos"
2112,Φάρος,Sifnos,WRONG_TYPE,67,Φάρος,,"Φάρος, Sifnos"
2115,Άγιος Γεώργιος,Sikinos,WRONG_TYPE,114,Άγιος Γεώργιος,church,"Άγιος Γεώργιος, Sikinos"
2127,Αη Λουκάς,Syros,WRONG_TYPE,19,Άη Λούκας,hiking_area,"Αη Λουκάς, Syros"
2129,Αμπέλα,Syros,WRONG_TYPE,129,Αμπέλα,,"Αμπέλα, Syros"
2131,Αχλάδι,Syros,WRONG_TYPE,29,Achladi Restaurant,restaurant,"Αχλάδι, Syros"
2132,Βαθύ Γιαλούδι,Syros,WRONG_PLACE,1739,Visit.Syros,service,"Βαθύ Γιαλούδι, Syros"
2137,Λαγκονάκι,Syros,NO_RESULT,,,,"Λαγκονάκι, Syros"
2140,Μέγας Γιαλός,Syros,WRONG_TYPE,202,Μέγας Γιαλός,,"Μέγας Γιαλός, Syros"
2141,Μέγας Λάκος,Syros,WRONG_TYPE,11,Μέγας Λάκος,hiking_area,"Μέγας Λάκος, Syros"
2149,Αγία Κυριακή,Tinos,WRONG_TYPE,193,Nostos Resort Tinos,resort_hotel,"Αγία Κυριακή, Tinos"
2150,Αγιος Δημήτριος,Tinos,WRONG_PLACE,5383,Άγιος Δημήτριος,church,"Αγιος Δημήτριος, Tinos"
2152,Άγιος Πέτρος,Tinos,WRONG_PLACE,9985,Άγιος Πέτρος,church,"Άγιος Πέτρος, Tinos"
2169,Λιβάδα,Tinos,WRONG_PLACE,1852,Λιβαδά,,"Λιβάδα, Tinos"
2178,Παραλία Σταυρός,Tinos,WRONG_TYPE,215,Stavros Bay,lodging,"Παραλία Σταυρός, Tinos"
2179,Παχιά άμμος,Tinos,WRONG_PLACE,8780,Παραλία Παχιά Άμμος,natural_feature,"Παχιά άμμος, Tinos"
2181,Πλατιά Άμμος,Tinos,WRONG_PLACE,8760,Παχιά Άμμος παραλία,beach,"Πλατιά Άμμος, Tinos"
2186,Σταφίδα,Tinos,WRONG_PLACE,130167,Σταφίδα Μουσικό Μεζεδοπωλείο,restaurant,"Σταφίδα, Tinos"
2188,Τσαμπιά,Tinos,WRONG_TYPE,209,Τσαμπιά,restaurant,"Τσαμπιά, Tinos"
2189,Κέδρος,Donousa,WRONG_TYPE,81,Kedros beach bar,bar,"Κέδρος, Donousa"
2203,Λουτρό,Koufonisia,WRONG_TYPE,829,LOUROS ROOMS,lodging,"Λουτρό, Koufonisia"
2207,Πόρτα,Koufonisia,WRONG_TYPE,355,Portes Houses,extended_stay_hotel,"Πόρτα, Koufonisia"
2209,Φοίνικας,Koufonisia,WRONG_TYPE,1291,Φοίνικας,,"Φοίνικας, Koufonisia"
2212,Λιβάδι,Schinoussa,WRONG_TYPE,81,Livadi cafe + restaurant,greek_restaurant,"Λιβάδι, Schinoussa"
2220,Λιβάδι,Iraklia,WRONG_TYPE,188,Λιβάδι,,"Λιβάδι, Iraklia"
2225,Βαθύ Πηγάδι,Agathonisi,WRONG_PLACE,2046,VATHI PIGADI BEACH,hiking_area,"Βαθύ Πηγάδι, Agathonisi"
2226,Γαδουρόλακκος,Agathonisi,WRONG_TYPE,829,Ageri Studios,lodging,"Γαδουρόλακκος, Agathonisi"
2227,Πάλος,Agathonisi,WRONG_PLACE,1535,Ageri Studios,lodging,"Πάλος, Agathonisi"
2229,Τσαγκάρι,Agathonisi,NO_RESULT,,,,"Τσαγκάρι, Agathonisi"
2230,Άγιος Βασίλειος,Astypalaia,WRONG_TYPE,1231,Ιερός Ναός Αγίου Βλασίου,church,"Άγιος Βασίλειος, Astypalaia"
2231,Άγιος Ιωάννης Ρίχτης,Astypalaia,WRONG_PLACE,123279,Άγιος Ιωάννης,church,"Άγιος Ιωάννης Ρίχτης, Astypalaia"
2239,Λιβάδι,Astypalaia,WRONG_TYPE,94,Λιβάδια,,"Λιβάδι, Astypalaia"
2240,Μαγαζάκι,Astypalaia,WRONG_TYPE,349,TEMPERAMENTO CONCEPT STORE,store,"Μαγαζάκι, Astypalaia"
2241,Μαμούνια,Astypalaia,WRONG_TYPE,217,Mamounia All Day,service,"Μαμούνια, Astypalaia"
2245,Παππού,Astypalaia,WRONG_PLACE,1757,Παραδοσιακό Καφενείο (To Καφενείο του Μουγγού),cafe,"Παππού, Astypalaia"
2248,Στενό,Astypalaia,WRONG_TYPE,198,Steno Bay Astypalaia,,"Στενό, Astypalaia"
2251,Κάνια,Halki,WRONG_TYPE,36,Kania Beach Restaurant,restaurant,"Κάνια, Halki"
2252,Έξω Αλμύρες,Kalymnos,WRONG_PLACE,10129,Almyra Luxury Suites,service,"Έξω Αλμύρες, Kalymnos"
2253,Χαλί,Kalymnos,WRONG_PLACE,302841,Biorugs - Κλασσικά Μοντέρνα Χαλιά Κιλίμια,home_improvement_store,"Χαλί, Kalymnos"
2254,Καλιμιές,Kalymnos,WRONG_PLACE,10790,Κάλυμνος,island,"Καλιμιές, Kalymnos"
2256,Πλατύς Γιαλός,Kalymnos,WRONG_PLACE,41279,Πλατύς Γιαλός,beach,"Πλατύς Γιαλός, Kalymnos"
2257,Τίχη,Kalymnos,WRONG_PLACE,10908,Εξάντας,seafood_restaurant,"Τίχη, Kalymnos"
2258,Βιζωτός,Kalymnos,WRONG_PLACE,12859,Το Νόστιμο,gyro_restaurant,"Βιζωτός, Kalymnos"
2259,Κασόνια,Kalymnos,WRONG_PLACE,1916,Κασόνια,,"Κασόνια, Kalymnos"
2263,Παραλία Ελιά,Kalymnos,WRONG_PLACE,392882,Ελιά παραλία,beach,"Παραλία Ελιά, Kalymnos"
2266,Παραλία Λινάρια,Kalymnos,WRONG_TYPE,106,Τα Λινάρια,greek_restaurant,"Παραλία Λινάρια, Kalymnos"
2269,Παραλία Παλιόνησος,Kalymnos,WRONG_TYPE,19,"Παλιόνησος, Κάλυμνος",tourist_attraction,"Παραλία Παλιόνησος, Kalymnos"
2270,Παραλία Σική,Kalymnos,WRONG_PLACE,8091,Kantouni Beach Boutique Hotel,hotel,"Παραλία Σική, Kalymnos"
2276,Ευγώνυμος,Karpathos,WRONG_TYPE,16,Evgonymos Beach,hiking_area,"Ευγώνυμος, Karpathos"
2277,Φοινίκι,Karpathos,WRONG_TYPE,80,Φοινίκι,,"Φοινίκι, Karpathos"
2278,Φωκιά,Karpathos,WRONG_TYPE,95,Studios Fokia Beach,hotel,"Φωκιά, Karpathos"
2280,Φίσσες,Karpathos,WRONG_PLACE,27696,Διειτρέφης,shopping_mall,"Φίσσες, Karpathos"
2281,Γιαλού Χωράφι,Karpathos,WRONG_PLACE,14245,Yialos Seaside Restaurant & Bar,greek_restaurant,"Γιαλού Χωράφι, Karpathos"
2282,Καστέλια,Karpathos,WRONG_TYPE,34,Παραλία Καστέλια,,"Καστέλια, Karpathos"
2283,Καμινάκι,Karpathos,WRONG_PLACE,26139,Παραλία Καμαράκια,tourist_attraction,"Καμινάκι, Karpathos"
2285,Κάπι,Karpathos,WRONG_PLACE,5195,Παραλία Καμπί,tourist_attraction,"Κάπι, Karpathos"
2286,Λακκί,Karpathos,WRONG_TYPE,439,Λακκί,,"Λακκί, Karpathos"
2288,Μικρή Αμμοοπή,Karpathos,WRONG_PLACE,3438,Mikri Amoopi,campground,"Μικρή Αμμοοπή, Karpathos"
2289,Λάλα,Karpathos,WRONG_PLACE,19386,Λαδόκολλα,greek_restaurant,"Λάλα, Karpathos"
2290,Μακριά,Karpathos,WRONG_PLACE,24422,ΗΛΙΑΣ Γ. ΜΑΚΡΗΣ & ΣΙΑ Ο.Ε.,supermarket,"Μακριά, Karpathos"
2293,Λιμάνι Παναγιάς,Karpathos,WRONG_PLACE,15899,Κάρπαθος,ferry_terminal,"Λιμάνι Παναγιάς, Karpathos"
2294,Παπάς Μηνάς,Karpathos,WRONG_PLACE,34902,Barba Minas Taverna Karpathos,greek_restaurant,"Παπάς Μηνάς, Karpathos"
2295,Ποντικάλια,Karpathos,WRONG_PLACE,25793,Poseidon's Temple,tourist_attraction,"Ποντικάλια, Karpathos"
2296,Ποτάλι,Karpathos,WRONG_TYPE,140,Potali Bay,resort_hotel,"Ποτάλι, Karpathos"
2297,Της Πέρδικας Ποταμός,Karpathos,WRONG_PLACE,16465,Potideon Bay Hotel,hotel,"Της Πέρδικας Ποταμός, Karpathos"
2300,Όψη,Karpathos,WRONG_PLACE,24292,Ανώι | Κάρπαθος,cocktail_bar,"Όψη, Karpathos"
2303,Αργιλαοπόταμος,Karpathos,WRONG_TYPE,96,Agrilapotamos,private_guest_room,"Αργιλαοπόταμος, Karpathos"
2304,Βάθια,Karpathos,WRONG_PLACE,13645,Παραλία Αχατα,natural_feature,"Βάθια, Karpathos"
2306,Κάτω Λάκκος,Karpathos,WRONG_TYPE,182,Σπήλαιο Κάτω Λάκκος,tourist_attraction,"Κάτω Λάκκος, Karpathos"
2308,Κυρά Παναγιά,Karpathos,WRONG_TYPE,110,Κυρά Παναγία,,"Κυρά Παναγιά, Karpathos"
2311,Παραλία Αγίου Νικολάου,Karpathos,WRONG_PLACE,17873,Παραλία Άγιος Νικόλαος,beach,"Παραλία Αγίου Νικολάου, Karpathos"
2312,Παραλία Αγνόντια,Karpathos,WRONG_PLACE,1980,Παραλία Αγνοντια,beach,"Παραλία Αγνόντια, Karpathos"
2316,Ψωράρης,Karpathos,WRONG_PLACE,11154,Socrates Studios and Apartments,hotel,"Ψωράρης, Karpathos"
2317,Μανδράκι,Kastellorizo,WRONG_TYPE,303,Mandraki Paradise,lodging,"Μανδράκι, Kastellorizo"
2319,Πλάκες,Kastellorizo,WRONG_PLACE,557306,Καστελόριζο,seafood_restaurant,"Πλάκες, Kastellorizo"
2320,Κόλπος Αγίου Στεφάνου,Kos,WRONG_TYPE,181,Παλαιοχριστιανικές Βασιλικές Αγίου Στεφάνου,historical_landmark,"Κόλπος Αγίου Στεφάνου, Kos"
2321,Παραλία Ψαλιδίου,Kos,WRONG_PLACE,4201,Παραλία Ψαλίδι,beach,"Παραλία Ψαλιδίου, Kos"
2323,Χελώνα,Kos,WRONG_PLACE,328441,Χελώνα,bar,"Χελώνα, Kos"
2324,Λαγκάδα,Kos,WRONG_PLACE,27248,Λαγκάδα,,"Λαγκάδα, Kos"
2325,Λακιτήρα,Kos,WRONG_TYPE,188,LAKITIRA RESORT AND VILLAGE,hotel,"Λακιτήρα, Kos"
2326,Μαλιμπού,Kos,WRONG_TYPE,193,Malibu Beach Bar,bar,"Μαλιμπού, Kos"
2328,Μαρμάρι,Kos,WRONG_TYPE,1041,Μαρμάρι,,"Μαρμάρι, Kos"
2329,Παραλία Μαστιχάρι (Νέπτουν),Kos,WRONG_TYPE,296,Neptune Luxury Resort,resort_hotel,"Παραλία Μαστιχάρι (Νέπτουν), Kos"
2330,Παραλία Παράδεισος,Kos,WRONG_PLACE,9986,Παραλία Παράδεισος,beach,"Παραλία Παράδεισος, Kos"
2332,Πολέμι / Magic Beach,Kos,WRONG_PLACE,1529,Παραλία Πολέμι,beach,"Πολέμι / Magic Beach, Kos"
2333,Παραλία Δαίδαλος,Kos,WRONG_PLACE,8309,Paradise Beach Kos,restaurant,"Παραλία Δαίδαλος, Kos"
2334,Ταμ Ταμ,Kos,WRONG_TYPE,190,tam tam,restaurant,"Ταμ Ταμ, Kos"
2335,Τιγκάκι,Kos,WRONG_TYPE,150,Τιγκάκι,,"Τιγκάκι, Kos"
2336,Tropical,Kos,WRONG_PLACE,14572,Tropical Sol,hotel,"Tropical, Kos"
2342,Παραλία Άγιος Φωκάς,Kos,WRONG_TYPE,246,Παραλία Άγιος Φωκάς,,"Παραλία Άγιος Φωκάς, Kos"
2344,Παραλία Αχινός,Kos,WRONG_TYPE,369,Achinos Beach,bar,"Παραλία Αχινός, Kos"
2345,Cavo Paradiso,Kos,WRONG_TYPE,39,Kavo Paradiso Beach,restaurant,"Cavo Paradiso, Kos"
2349,Παραλία Καρνάγιο,Kos,WRONG_TYPE,603,Karnagio Taverna,restaurant,"Παραλία Καρνάγιο, Kos"
2350,Παραλία Λάμπη,Kos,WRONG_PLACE,2624,Lambi Beach,beach,"Παραλία Λάμπη, Kos"
2351,Παραλία Πασχάλη,Kos,WRONG_PLACE,9249,Paradise Beach Kos,restaurant,"Παραλία Πασχάλη, Kos"
2354,Προτοκάραβος,Kos,WRONG_TYPE,98,Lovly Bar,bar_and_grill,"Προτοκάραβος, Kos"
2355,Φάρος,Kos,WRONG_PLACE,37020,FAROS Seaside Bar Restaurant,restaurant,"Φάρος, Kos"
2357,Όρμος Μαστιχάρι,Kos,WRONG_TYPE,688,"Mastichari, Kos",ferry_terminal,"Όρμος Μαστιχάρι, Kos"
2358,Δύο Λισκάρια,Leros,WRONG_TYPE,7,Δυό Λισκάρια,tourist_attraction,"Δύο Λισκάρια, Leros"
2359,Γούρνα,Leros,WRONG_TYPE,348,Γούρνα,,"Γούρνα, Leros"
2360,Κιούρα,Leros,WRONG_TYPE,211,Αγία Ματρώνα-Κιουρά,church,"Κιούρα, Leros"
2361,Παραλία Λακκίου,Leros,NO_RESULT,,,,"Παραλία Λακκίου, Leros"
2370,Άγιος Νικόλαος,Lipsi,WRONG_TYPE,35,Άγιος Νικόλαος,church,"Άγιος Νικόλαος, Lipsi"
2374,Κισσίρια,Lipsi,WRONG_TYPE,84,Il Cedro di Lipsi,lodging,"Κισσίρια, Lipsi"
2379,Μερσίνη,Lipsi,WRONG_TYPE,216,Casa Mimosa,lodging,"Μερσίνη, Lipsi"
2383,Πνιγμένος,Lipsi,NO_RESULT,,,,"Πνιγμένος, Lipsi"
2384,Στίφη,Lipsi,WRONG_PLACE,2895,Λειψοί,island,"Στίφη, Lipsi"
2388,Χοχλάκοι,Nisyros,WRONG_TYPE,328,ΧΟΧΛΑΚΟΙ,greek_restaurant,"Χοχλάκοι, Nisyros"
2390,Άσπρη,Patmos,WRONG_TYPE,1119,Moto Rent Aspri,service,"Άσπρη, Patmos"
2391,Χοχλακάς,Patmos,WRONG_PLACE,1524,Παραλία Χοχλάκα,beach,"Χοχλακάς, Patmos"
2392,Άγιος Θεολόγος,Patmos,WRONG_PLACE,1925,Ιερά Μονή Αγίου Ιωάννου του Θεολόγου,place_of_worship,"Άγιος Θεολόγος, Patmos"
2394,Λιβάδι Γερανού,Patmos,WRONG_PLACE,3501,Παραλία Λιβάδι,beach,"Λιβάδι Γερανού, Patmos"
2395,Λιβάδι Καλογήρων,Patmos,WRONG_TYPE,60,Λιβάδι Καλογήρων,restaurant,"Λιβάδι Καλογήρων, Patmos"
2396,Παραλία Βάγια,Patmos,NO_RESULT,,,,"Παραλία Βάγια, Patmos"
3015,Πάτμος Κάμπος,Patmos,WRONG_PLACE,3625,Κάμπος,,"Πάτμος Κάμπος, Patmos"
2407,Παραλία Καλλιθέας (Oasis),Rhodes,WRONG_TYPE,18,Oasis Beach Kallithea,,"Παραλία Καλλιθέας (Oasis), Rhodes"
2409,Αγία Τριάδα,Rhodes,WRONG_PLACE,29950,Ναός Αγία Τριάδας,church,"Αγία Τριάδα, Rhodes"
2411,Κεραμενή,Rhodes,WRONG_PLACE,28542,Παραλία Κάμειρος,,"Κεραμενή, Rhodes"
2412,Κόκκινα,Rhodes,WRONG_PLACE,7069,Kόκκινη Πόρτα,historical_landmark,"Κόκκινα, Rhodes"
2413,Λιμανάκι,Rhodes,WRONG_TYPE,175,Limanaki Seafood Restaurant,restaurant,"Λιμανάκι, Rhodes"
2419,Παραλία Αφάντου,Rhodes,WRONG_PLACE,1863,Παραλία Αφάντου,beach,"Παραλία Αφάντου, Rhodes"
2422,Παραλία Ιξιάς,Rhodes,WRONG_PLACE,1646,Παραλία Ιξιά,beach,"Παραλία Ιξιάς, Rhodes"
2424,Παραλία Καλαβάρδα,Rhodes,WRONG_TYPE,693,Καλαβάρδα,,"Παραλία Καλαβάρδα, Rhodes"
2425,Παραλία Καταφύγιο,Rhodes,WRONG_PLACE,61559,Παλαιό Καταφύγιο,tourist_attraction,"Παραλία Καταφύγιο, Rhodes"
2428,Παραλία Κούλουρα,Rhodes,WRONG_PLACE,60839,Παραλία Ακτή Κανάρη,tourist_attraction,"Παραλία Κούλουρα, Rhodes"
2439,Σουσούνια,Rhodes,WRONG_PLACE,64385,Susanoo Sushi & Cocktails,sushi_restaurant,"Σουσούνια, Rhodes"
2441,Φαληράκι,Rhodes,WRONG_TYPE,579,Φαληράκι,,"Φαληράκι, Rhodes"
2442,Άγιος Γεώργιος,Rhodes,WRONG_PLACE,68840,Ιερός Ναός Αγίου Γεωργίου,church,"Άγιος Γεώργιος, Rhodes"
2448,Παραλία Γαλούνι,Rhodes,WRONG_PLACE,39267,Παραλία Παραδείσι,,"Παραλία Γαλούνι, Rhodes"
2451,Παραλία Λαχανιάς,Rhodes,WRONG_PLACE,28439,Παραλία Αγάθη,,"Παραλία Λαχανιάς, Rhodes"
2453,Πλημμύρι,Rhodes,WRONG_TYPE,287,Πλημμύρι,,"Πλημμύρι, Rhodes"
2454,Mavros Kavos,Rhodes,WRONG_PLACE,521278,Μαύρος Κάβος,natural_feature,"Mavros Kavos, Rhodes"
2455,Παραλία Μεμή Βρυσιά,Rhodes,WRONG_PLACE,18762,Παραλία Αγάθη,,"Παραλία Μεμή Βρυσιά, Rhodes"
2456,Παραλία Καλοβρυάκι,Rhodes,WRONG_PLACE,32877,Παραλία Αγάθη,,"Παραλία Καλοβρυάκι, Rhodes"
2460,Παραλία Αγ. Θωμά,Rhodes,WRONG_PLACE,698215,Παραλία Άγιος Θωμάς,beach,"Παραλία Αγ. Θωμά, Rhodes"
2462,Παραλία Κοκκινόγεια,Rhodes,WRONG_PLACE,260203,Παραλία Κοκκίνη,beach,"Παραλία Κοκκινόγεια, Rhodes"
2463,Παραλία Καρδάμης,Rhodes,WRONG_PLACE,47548,Παραλία Ακτή Κανάρη,tourist_attraction,"Παραλία Καρδάμης, Rhodes"
2465,Νος,Symi,WRONG_TYPE,1046,Πολυδύναμο Περιφερειακό Ιατρείο Σύμης,medical_center,"Νος, Symi"
2466,Γυμνιστική Περιοχή Νος,Symi,WRONG_PLACE,5147,Παραλία ¨Μαρονί¨,tourist_attraction,"Γυμνιστική Περιοχή Νος, Symi"
2467,Πέδι,Symi,WRONG_TYPE,189,Πέδι,,"Πέδι, Symi"
2469,Άγιος Νικόλαος,Symi,WRONG_TYPE,9,Παραλία Άγιος Νικόλαος,,"Άγιος Νικόλαος, Symi"
2472,Παραλία της Σάρα,Symi,WRONG_PLACE,3330,Παραλία Τολί,tourist_attraction,"Παραλία της Σάρα, Symi"
3043,Σύμη Γυάλα,Symi,WRONG_TYPE,30,Giala Beach Bar,cafe,"Σύμη Γυάλα, Symi"
2476,Αγία Πέτρος,Tilos,WRONG_PLACE,368687,Άγιος Πετρος,,"Αγία Πέτρος, Tilos"
2478,Λιβάδια,Tilos,WRONG_TYPE,806,Λιβάδια,,"Λιβάδια, Tilos"
2481,Παραλία Λουμπούδι,Tilos,WRONG_PLACE,7442,Παραλία Λιβάδια,beach,"Παραλία Λουμπούδι, Tilos"
2484,Τολός,Tilos,WRONG_PLACE,4300,Τήλος,island,"Τολός, Tilos"
2487,Μικρό Αυλάκι,Kasos,WRONG_PLACE,10131,Παραλία Κάσου,tourist_attraction,"Μικρό Αυλάκι, Kasos"
2490,Παραλία Αυλάκια,Pserimos,WRONG_PLACE,99356,Παραλία Αυλάκια,tourist_attraction,"Παραλία Αυλάκια, Pserimos"
2492,Παραλία Μαραθούντα,Pserimos,WRONG_PLACE,1970,Παραλία Ψέριμος,tourist_attraction,"Παραλία Μαραθούντα, Pserimos"
2498,Πατελιά,Arki,WRONG_TYPE,447,Νικόλας,restaurant,"Πατελιά, Arki"
2503,Αμμόλοφος,Achaia (mainland),NO_RESULT,,,,"Αμμόλοφος, Achaia"
2504,Βάθη,Achaia (mainland),WRONG_PLACE,210776,Βάθεια,,"Βάθη, Achaia"
2505,Διγελιώτικα,Achaia (mainland),WRONG_TYPE,679,Διγελιώτικα,,"Διγελιώτικα, Achaia"
2507,Νικολαίικα,Achaia (mainland),WRONG_PLACE,1718,Νικολαίικα,,"Νικολαίικα, Achaia"
2514,Πλαζ Πατρών,Achaia (mainland),WRONG_TYPE,430,Βόρειο Πάρκο Πάτρας - Πλάζ,park,"Πλαζ Πατρών, Achaia"
2515,Τέμενη,Achaia (mainland),WRONG_TYPE,1372,Τεμένη,,"Τέμενη, Achaia"
2516,Τρυπιά,Achaia (mainland),WRONG_TYPE,752,Ελαιώνας,,"Τρυπιά, Achaia"
3047,ΠΔΕ Καστελόκαμπος,Achaia (mainland),WRONG_TYPE,229,Καστελλόκαμπος,,"ΠΔΕ Καστελόκαμπος, Achaia"
3048,ΠΔΕ Κάτω Αχαΐας,Achaia (mainland),WRONG_TYPE,1349,Κάτω Αχαΐα,,"ΠΔΕ Κάτω Αχαΐας, Achaia"
3049,ΠΔΕ Λακκόπετρα,Achaia (mainland),WRONG_PLACE,2188,Λακκόπετρα,,"ΠΔΕ Λακκόπετρα, Achaia"
3052,ΠΔΕ Πούντα Αιγιαλείας,Achaia (mainland),WRONG_TYPE,715,Πούντα,,"ΠΔΕ Πούντα Αιγιαλείας, Achaia"
2517,Abelakia,Aetolia-Acarnania (mainland),WRONG_PLACE,47944,Αμπελάκι,,"Abelakia, Aetolia-Acarnania"
2519,Athiki,Aetolia-Acarnania (mainland),WRONG_PLACE,39168,Aitolikón,,"Athiki, Aetolia-Acarnania"
2520,Bouka Beach,Aetolia-Acarnania (mainland),WRONG_PLACE,225732,Bouka Beach,beach,"Bouka Beach, Aetolia-Acarnania"
2521,Drepano Kite Surfer's Paradise Beach,Aetolia-Acarnania (mainland),WRONG_TYPE,179,KiteBoardingSchool Cape Drepano,,"Drepano Kite Surfer's Paradise Beach, Aetolia-Acarnania"
2522,Kitesurf Spot,Aetolia-Acarnania (mainland),WRONG_TYPE,294,Kite Beach Nafpaktos,sports_club,"Kitesurf Spot, Aetolia-Acarnania"
2523,Mirtia Strand,Aetolia-Acarnania (mainland),WRONG_PLACE,58023,Η Μυρτιά,restaurant,"Mirtia Strand, Aetolia-Acarnania"
2524,Mylos beach,Aetolia-Acarnania (mainland),WRONG_PLACE,221156,mylos beach bar,beach,"Mylos beach, Aetolia-Acarnania"
2525,Vali,Aetolia-Acarnania (mainland),WRONG_PLACE,258712,VALI A.E.,corporate_office,"Vali, Aetolia-Acarnania"
2526,Αγριλιά,Aetolia-Acarnania (mainland),WRONG_PLACE,47058,Αγριλιά,,"Αγριλιά, Aetolia-Acarnania"
2529,Βαθιά Βάλη,Aetolia-Acarnania (mainland),WRONG_PLACE,25088,Βαθυαβάλη,beach,"Βαθιά Βάλη, Aetolia-Acarnania"
2530,Βελά,Aetolia-Acarnania (mainland),WRONG_PLACE,104281,Βέλα,,"Βελά, Aetolia-Acarnania"
2531,Γιάννιτσα,Aetolia-Acarnania (mainland),NO_RESULT,,,,"Γιάννιτσα, Aetolia-Acarnania"
2533,Λούρος,Aetolia-Acarnania (mainland),WRONG_PLACE,103711,Λούρος,,"Λούρος, Aetolia-Acarnania"
2535,Μαραθιάς,Aetolia-Acarnania (mainland),WRONG_PLACE,52877,Μαραθίας,,"Μαραθιάς, Aetolia-Acarnania"
2536,Μυρτάρι,Aetolia-Acarnania (mainland),WRONG_TYPE,562,Νέα Καμαρίνα,,"Μυρτάρι, Aetolia-Acarnania"
2537,Μυρτιά,Aetolia-Acarnania (mainland),WRONG_PLACE,59039,Μυρτιά,,"Μυρτιά, Aetolia-Acarnania"
2538,Παλιονήσι,Aetolia-Acarnania (mainland),WRONG_TYPE,1306,Κτήμα παλούκη,western_restaurant,"Παλιονήσι, Aetolia-Acarnania"
2540,Παραθάλασσο,Aetolia-Acarnania (mainland),WRONG_TYPE,227,ΠΑΡΑΘΑΛΑΣΣΟ,hotel,"Παραθάλασσο, Aetolia-Acarnania"
2542,Παραλία Αγ. Σπυρίδωνα Λουτρακίου,Aetolia-Acarnania (mainland),WRONG_PLACE,278861,Παραλία Άγιος Σπυρίδωνας,beach,"Παραλία Αγ. Σπυρίδωνα Λουτρακίου, Aetolia-Acarnania"
2555,Παραλία Πλατανίτη,Aetolia-Acarnania (mainland),WRONG_PLACE,422367,Παραλία Πλατανίτη,,"Παραλία Πλατανίτη, Aetolia-Acarnania"
2556,Παραλία Ρίζας,Aetolia-Acarnania (mainland),WRONG_PLACE,130920,Παραλία Ριζών,beach,"Παραλία Ρίζας, Aetolia-Acarnania"
2558,Παραλία Ρούγας,Aetolia-Acarnania (mainland),WRONG_PLACE,18728,Παραλία Πάλαιρος,tourist_attraction,"Παραλία Ρούγας, Aetolia-Acarnania"
2563,Χιόνι,Aetolia-Acarnania (mainland),WRONG_PLACE,24849,Όχθια,,"Χιόνι, Aetolia-Acarnania"
3017,Μεσολόγγι Τουρλίδα,Aetolia-Acarnania (mainland),WRONG_TYPE,443,Τουρλίδα,,"Μεσολόγγι Τουρλίδα, Aetolia-Acarnania"
3044,Άκτιο Βόνιτσας Αγ. Δημήτριος,Aetolia-Acarnania (mainland),WRONG_PLACE,11300,Άκτιο Βόνιτσα,,"Άκτιο Βόνιτσας Αγ. Δημήτριος, Aetolia-Acarnania"
3045,Άκτιο Βόνιτσας Πάλαιρος,Aetolia-Acarnania (mainland),WRONG_TYPE,497,Πάλαιρος,,"Άκτιο Βόνιτσας Πάλαιρος, Aetolia-Acarnania"
3046,ΠΔΕ Αραχωβίτικα,Aetolia-Acarnania (mainland),WRONG_TYPE,750,Αραχoβιτικα,,"ΠΔΕ Αραχωβίτικα, Aetolia-Acarnania"
3050,ΠΔΕ Μακύνεια,Aetolia-Acarnania (mainland),WRONG_TYPE,955,Μακύνεια,,"ΠΔΕ Μακύνεια, Aetolia-Acarnania"
3051,ΠΔΕ Πάτρα Αγ.Βασίλειος,Aetolia-Acarnania (mainland),WRONG_PLACE,12129,ΠΕΡΙΦΕΡΕΙΑΚΗ ΔΙΕΥΘΥΝΣΗ ΠΡΩΤΟΒΑΘΜΙΑΣ Κ ΔΕΥΤΕΡΟΒΑΘΜΙΑΣ ΕΚΠΑΙΔΕΥΣΗΣ ΔΥΤΙΚΗΣ ΕΛΛΑΔΑΣ,consultant,"ΠΔΕ Πάτρα Αγ.Βασίλειος, Aetolia-Acarnania"
2565,Άγιος Ανδρέας,Ileia (mainland),WRONG_TYPE,213,Άγιος Ανδρέας Κατακόλου,,"Άγιος Ανδρέας, Ileia"
2566,Αρκούδι,Ileia (mainland),WRONG_TYPE,264,Αρκούδι,,"Αρκούδι, Ileia"
2568,Κουνουπέλι,Ileia (mainland),WRONG_TYPE,39,Λουτρά Υρμίνης,,"Κουνουπέλι, Ileia"
2569,Ματζάκουρα,Ileia (mainland),WRONG_TYPE,152,Βίλα Ματζάκουρα,restaurant,"Ματζάκουρα, Ileia"
2570,Μέλισσα,Ileia (mainland),WRONG_PLACE,24328,Μελισσά,,"Μέλισσα, Ileia"
2571,Μπρινιά,Ileia (mainland),WRONG_PLACE,1739,Μπρίνια,,"Μπρινιά, Ileia"
2572,Παραλία Αγίας Μαρίνας,Ileia (mainland),NO_RESULT,,,,"Παραλία Αγίας Μαρίνας, Ileia"
2575,Παραλία Κυλλήνης,Ileia (mainland),WRONG_PLACE,2582,Παραλία Κυλλήνη,beach,"Παραλία Κυλλήνης, Ileia"
2578,Σκαφιδιά,Ileia (mainland),WRONG_TYPE,936,Σκαφιδιά,,"Σκαφιδιά, Ileia"
2579,Φάλαρι,Ileia (mainland),WRONG_PLACE,204937,Φυλή,,"Φάλαρι, Ileia"
3053,Πηνειός Γλύφα,Ileia (mainland),WRONG_TYPE,1329,Γλύφα,,"Πηνειός Γλύφα, Ileia"
2580,Ελιά,Alonissos,WRONG_PLACE,3599,Ελαιώνας restaurant- eleon suites-Ελιά cafe Αλόννησος,restaurant,"Ελιά, Alonissos"
2581,Γέρακας,Alonissos,WRONG_PLACE,18444,Γέρακας,,"Γέρακας, Alonissos"
2584,Άγιος Πέτρος,Alonissos,WRONG_PLACE,8963,Άγιος Πετρος,,"Άγιος Πέτρος, Alonissos"
2585,Βαμπακιές,Alonissos,WRONG_TYPE,223,Muses Villas Alonissos,lodging,"Βαμπακιές, Alonissos"
2586,Βασίλη Μπαμπακιές,Alonissos,NO_RESULT,,,,"Βασίλη Μπαμπακιές, Alonissos"
2587,Βρυσίτσα,Alonissos,WRONG_PLACE,3512,Παραλία Βρυσίτσα,tourist_attraction,"Βρυσίτσα, Alonissos"
2589,Γυαλιά,Alonissos,WRONG_TYPE,14,ΓΥΑΛΙΑ ΑΛΟΝΝΗΣΟΥ,,"Γυαλιά, Alonissos"
2590,Καλύβια Αλεξίου,Alonissos,WRONG_PLACE,1744,ILIAS STUDIOS,hotel,"Καλύβια Αλεξίου, Alonissos"
2591,Καλύβια Σταματίου,Alonissos,WRONG_PLACE,4316,SOSSINOLA,restaurant,"Καλύβια Σταματίου, Alonissos"
2592,Κατερίνας Βάλα,Alonissos,WRONG_PLACE,1925,Katerina's houses,lodging,"Κατερίνας Βάλα, Alonissos"
2593,Κεντρόρεμα,Alonissos,WRONG_PLACE,6424,Kritamo Restaurant - Bar,restaurant,"Κεντρόρεμα, Alonissos"
2594,Κοκκινόκαστρο,Alonissos,WRONG_PLACE,2472,Κοκκινόκαστρο παραλία,beach,"Κοκκινόκαστρο, Alonissos"
2595,Λένα,Alonissos,WRONG_PLACE,2845,Elena Studios,lodging,"Λένα, Alonissos"
2598,Μηλιά,Alonissos,WRONG_PLACE,2509,Μηλιά,,"Μηλιά, Alonissos"
2599,Μουρτίτσα,Alonissos,WRONG_PLACE,11181,Παραλία Μουρτιτσα,beach,"Μουρτίτσα, Alonissos"
2600,Νικόλα Βάλα,Alonissos,WRONG_PLACE,7624,SOSSINOLA,restaurant,"Νικόλα Βάλα, Alonissos"
2603,Παραλία Μεγάλος Μουρτιάς,Alonissos,WRONG_PLACE,2722,Παραλία Μεγάλος Μουρτιάς,beach,"Παραλία Μεγάλος Μουρτιάς, Alonissos"
2604,Παραλία Μικρός Μουρτιάς,Alonissos,WRONG_PLACE,3028,Παραλία Μικρός Μουρτιάς,beach,"Παραλία Μικρός Μουρτιάς, Alonissos"
2606,Πλάκες,Alonissos,WRONG_TYPE,554,PANOULIS 1989,restaurant,"Πλάκες, Alonissos"
2608,Σπαρτίνες,Alonissos,WRONG_PLACE,3662,Παραλία Σπαρτίνες,beach,"Σπαρτίνες, Alonissos"
2609,Σπλιθάρι,Alonissos,WRONG_PLACE,1862,Sporades Sailing,,"Σπλιθάρι, Alonissos"
2610,Στου Μαλαθρίτη Μπαμπακιές,Alonissos,WRONG_PLACE,11351,Εστιατόριο - μπαρ Megalos Mourtias,restaurant,"Στου Μαλαθρίτη Μπαμπακιές, Alonissos"
3023,Αλόννησος Μηλιά,Alonissos,WRONG_TYPE,96,Μηλιά,,"Αλόννησος Μηλιά, Alonissos"
2617,Μανδράκι,Skiathos,WRONG_TYPE,445,Super Paradise Restaurant Mandraki Elias Beach,restaurant,"Μανδράκι, Skiathos"
2620,Μυστική,Skiathos,WRONG_PLACE,8211,Mystery Skiathos Hotels,hotel,"Μυστική, Skiathos"
2623,Αγία Παρασκευή,Skiathos,WRONG_TYPE,290,Πλατανιάς,,"Αγία Παρασκευή, Skiathos"
2624,Αχλαδιές,Skiathos,WRONG_TYPE,332,Αχλαδιάς,,"Αχλαδιές, Skiathos"
2626,Καναπίτσα,Skiathos,WRONG_TYPE,310,Καναπίτσα,,"Καναπίτσα, Skiathos"
2627,Κεχριά,Skiathos,WRONG_PLACE,1680,Κεχριά,park,"Κεχριά, Skiathos"
2628,Κολιός,Skiathos,WRONG_TYPE,129,Κολιός,,"Κολιός, Skiathos"
2630,Μεγάλη Μπανάνα,Skiathos,WRONG_TYPE,88,Μεγάλη Μπανάνα Θαλάσσια Σπορ & Δραστηριότητες,service,"Μεγάλη Μπανάνα, Skiathos"
2635,Ξάνεμο,Skiathos,WRONG_TYPE,1020,Ξανεμος,,"Ξάνεμο, Skiathos"
2641,Παραλία Μανδράκι Ελιάς,Skiathos,WRONG_TYPE,113,Super Paradise Restaurant Mandraki Elias Beach,restaurant,"Παραλία Μανδράκι Ελιάς, Skiathos"
2646,Τρούλος,Skiathos,WRONG_TYPE,695,Τρούλος,,"Τρούλος, Skiathos"
2650,Έλιος,Skopelos,WRONG_PLACE,7163,Νέο Κλήμα,,"Έλιος, Skopelos"
2652,Βαθιάς,Skopelos,WRONG_PLACE,8257,Παραλία Βαθιάς,beach,"Βαθιάς, Skopelos"
2656,Καστάνη,Skopelos,WRONG_PLACE,4752,Παραλία Καστάνη,beach,"Καστάνη, Skopelos"
2658,Νεράκι,Skopelos,WRONG_PLACE,6266,Fasolaki Skopelos - Eco Residences,hotel,"Νεράκι, Skopelos"
2660,Πλάκα,Skopelos,WRONG_PLACE,9195,Villa Plaka,service,"Πλάκα, Skopelos"
2661,Σπηλιά,Skopelos,WRONG_PLACE,10517,Spilia Beach,beach,"Σπηλιά, Skopelos"
2662,Στάφυλος,Skopelos,WRONG_TYPE,618,Στάφυλος,,"Στάφυλος, Skopelos"
2663,Τραχήλι,Skopelos,WRONG_PLACE,6954,SKOPELOS.COM,tourist_information_center,"Τραχήλι, Skopelos"
2666,Δερμαριά (Πτελεός),Magnesia (mainland - Pelion),WRONG_PLACE,20372,Delfinario,family_restaurant,"Δερμαριά (Πτελεός), Magnesia"
2667,Ιζγκούδ (Τρίκερι),Magnesia (mainland - Pelion),WRONG_PLACE,3414,Ενοικιαζόμενα δωμάτια Τρίκερι rooms to let apartments Gourgouliannis,hotel,"Ιζγκούδ (Τρίκερι), Magnesia"
2670,Άγιος Ιωάννης,Magnesia (mainland - Pelion),WRONG_PLACE,19444,Άγιος Ιωάννης,,"Άγιος Ιωάννης, Magnesia"
2671,Πλάκες (Βόλος),Magnesia (mainland - Pelion),WRONG_PLACE,8527,Πλάκες,association_or_organization,"Πλάκες (Βόλος), Magnesia"
2672,Συκίτσα (Σούρπη),Magnesia (mainland - Pelion),WRONG_PLACE,6419,Αίας Σούρπης,sports_club,"Συκίτσα (Σούρπη), Magnesia"
2673,Άγιοι Σαράντα,Magnesia (mainland - Pelion),WRONG_TYPE,480,Άγιοι Σαράντα,,"Άγιοι Σαράντα, Magnesia"
2674,Άγιος Ιωάννης (Ζαγορά),Magnesia (mainland - Pelion),WRONG_TYPE,127,Άγιος Ιωάννης,,"Άγιος Ιωάννης (Ζαγορά), Magnesia"
2675,Άναυρος,Magnesia (mainland - Pelion),WRONG_TYPE,182,Αναυρος,,"Άναυρος, Magnesia"
2676,Αγιά Θυμιά,Magnesia (mainland - Pelion),WRONG_TYPE,30,Αγία Θυμιά,tourist_attraction,"Αγιά Θυμιά, Magnesia"
2677,Αλυκές (Βόλος),Magnesia (mainland - Pelion),WRONG_TYPE,260,Νέες Παγασές,,"Αλυκές (Βόλος), Magnesia"
2682,Γούρνα,Magnesia (mainland - Pelion),WRONG_PLACE,135090,COUZINA.GR,furniture_store,"Γούρνα, Magnesia"
2683,Θεοτόκος,Magnesia (mainland - Pelion),WRONG_PLACE,131083,Ίδρυμα Η Θεοτόκος,association_or_organization,"Θεοτόκος, Magnesia"
2684,Καλαμιές (Αγριά),Magnesia (mainland - Pelion),WRONG_PLACE,3345,Παραλία Καλαμιές,point_of_interest,"Καλαμιές (Αγριά), Magnesia"
2686,Καρνάγιο (Αγριά),Magnesia (mainland - Pelion),WRONG_PLACE,4237,Καρνάγιο Yacht Yard,storage,"Καρνάγιο (Αγριά), Magnesia"
2687,Καστρί,Magnesia (mainland - Pelion),WRONG_TYPE,218,Καστρί,,"Καστρί, Magnesia"
2691,Λαγούδι,Magnesia (mainland - Pelion),WRONG_PLACE,20752,Εφημερίδα Μαγνησία - Εκδόσεις Καρεκλίδη - MagnesiaNews - Radio 1,,"Λαγούδι, Magnesia"
2692,Λεπετούς,Magnesia (mainland - Pelion),WRONG_PLACE,39559,Μαγνησία,,"Λεπετούς, Magnesia"
2693,Λεφόκαστρο,Magnesia (mainland - Pelion),WRONG_TYPE,333,Λεφόκαστρο,,"Λεφόκαστρο, Magnesia"
2695,Λύρη,Magnesia (mainland - Pelion),WRONG_TYPE,1328,Λυρή,,"Λύρη, Magnesia"
2697,Μικρό,Magnesia (mainland - Pelion),WRONG_TYPE,50,Μικρό,,"Μικρό, Magnesia"
2698,Μορτίτσα,Magnesia (mainland - Pelion),WRONG_PLACE,50012,Εστιατόριο - μπαρ Megalos Mourtias,restaurant,"Μορτίτσα, Magnesia"
2700,Μυλοπόταμος,Magnesia (mainland - Pelion),WRONG_TYPE,109,Μυλοπόταμος,,"Μυλοπόταμος, Magnesia"
2701,Νέα Αγχίαλος,Magnesia (mainland - Pelion),WRONG_TYPE,324,Νέα Αγχίαλος,,"Νέα Αγχίαλος, Magnesia"
2702,Νταμούχαρη,Magnesia (mainland - Pelion),WRONG_TYPE,345,Νταμούχαρη,,"Νταμούχαρη, Magnesia"
2703,Πάλτση,Magnesia (mainland - Pelion),WRONG_TYPE,701,Πάλτση,,"Πάλτση, Magnesia"
2709,Παραλία Κορνέλια,Magnesia (mainland - Pelion),WRONG_TYPE,13,Παραλία Κορνέλια,sports_activity_location,"Παραλία Κορνέλια, Magnesia"
2714,Παραλία Ρακοποτάμου,Magnesia (mainland - Pelion),WRONG_PLACE,46265,Παραλία Ρακοπόταμο,beach,"Παραλία Ρακοποτάμου, Magnesia"
2717,Ποτιστικά,Magnesia (mainland - Pelion),WRONG_TYPE,453,Ποτιστικά,,"Ποτιστικά, Magnesia"
2719,Ραζή,Magnesia (mainland - Pelion),WRONG_PLACE,22514,Εφημερίδα Μαγνησία - Εκδόσεις Καρεκλίδη - MagnesiaNews - Radio 1,,"Ραζή, Magnesia"
2720,Σουτραλί (Αγριά),Magnesia (mainland - Pelion),WRONG_PLACE,2705,Σουτραλί,,"Σουτραλί (Αγριά), Magnesia"
2723,Φτελιά,Magnesia (mainland - Pelion),WRONG_PLACE,31394,"""Η φτελιά"" - Γυναικείος Αγροτουριστικός Συνεταιρισμός Πτελεού",association_or_organization,"Φτελιά, Magnesia"
2724,Χονδρή Άμμος,Magnesia (mainland - Pelion),WRONG_TYPE,117,Χονδρή Άμμος,,"Χονδρή Άμμος, Magnesia"
2725,Χορευτό,Magnesia (mainland - Pelion),WRONG_TYPE,1075,Χορευτό,,"Χορευτό, Magnesia"
2729,Πλατιά Άμμος,Larissa Coast (Agia - Kissavos),WRONG_TYPE,333,Πλατιά Άμμος,,"Πλατιά Άμμος, Agia - Kissavos, Larissa Coast"
2732,Παραλία Παλιουριάς,Larissa Coast (Agia - Kissavos),WRONG_PLACE,9951,Larissas' Beach,tourist_attraction,"Παραλία Παλιουριάς, Agia - Kissavos, Larissa Coast"
2735,Παραλία Παναγία,Larissa Coast (Agia - Kissavos),WRONG_PLACE,17190,Larissas' Beach,tourist_attraction,"Παραλία Παναγία, Agia - Kissavos, Larissa Coast"
2739,Παραλία Στομίου,Larissa Coast (Agia - Kissavos),WRONG_PLACE,19728,Larissas' Beach,tourist_attraction,"Παραλία Στομίου, Agia - Kissavos, Larissa Coast"