id,name,regionId,island,verdict,recommend,query,nameStatus,nameQuery,nameHit,nameDistM,nameScore,pinHit,pinDistM,flags,lat,lon
1981,Αγία Άννα,south-aegean-naxos,Naxos,PASS,none,"Παραλία Αγίας Άννας, Naxos",verified,"Παραλία Αγίας Άννας, Naxos",Παραλία Αγίας Άννας,41,35,Παραλία Αγίας Άννας,0,,37.0689603,25.3544164
1982,Αγιασσός,south-aegean-naxos,Naxos,PASS,none,"Agiasos Beach, Naxos",verified,"Agiasos Beach, Naxos",Agiasos Beach,60,35,Agiasos Beach,0,,36.96577,25.42525
1987,Αλυκό,south-aegean-naxos,Naxos,PASS,none,"Αλυκό, Naxos",verified,"Αλυκό, Naxos",Aliko (Alyko) Beach,60,35,Aliko (Alyko) Beach,0,,36.978496,25.3901518
1988,Αμμίτης,south-aegean-naxos,Naxos,REVIEW,coordinates,"Παραλία Αμίτης, Naxos",needs_review,"Παραλία Αμίτης, Naxos",Παραλία Αμίτης,51,0,Παραλία Αμίτης,0,weak_name_match,37.1363228,25.4360475
1989,Άμπραμ,south-aegean-naxos,Naxos,PASS,none,"Άμπραμ, Naxos",verified,"Άμπραμ, Naxos",Παραλία Αμπραμ,52,35,Παραλία Αμπραμ,0,,37.1734014,25.4799167
1991,Βίντζι,south-aegean-naxos,Naxos,REVIEW,coordinates,"Βίντσι, Naxos",needs_review,"Βίντσι, Naxos",Βίντσι,4,0,Βίντσι,0,weak_name_match,37.1080152,25.3741037
1992,Γλατζά,south-aegean-naxos,Naxos,PASS,none,"Γλατζά, Naxos",verified,"Γλατζά, Naxos",Παραλία Γλατζά,28,35,Παραλία Γλατζά,0,,37.1373729,25.4395072
1995,Παραλία Καλαντός,south-aegean-naxos,Naxos,PASS,none,"Παραλία Καλαντός, Naxos",verified,"Παραλία Καλαντός, Naxos",Παραλία Καλαντός,168,35,Παραλία Καλαντός,0,,36.93636,25.47184
2000,Παραλία Κλειδώ,south-aegean-naxos,Naxos,PASS,none,"Παραλία Κλειδώ, Naxos",verified,"Παραλία Κλειδώ, Naxos",Παραλία Κλειδώ,18,35,Παραλία Κλειδώ,0,,36.9870224,25.559867
2001,Λιγαρίδια,south-aegean-naxos,Naxos,REVIEW,coordinates,"Liaridia Beach, Naxos",needs_review,"Liaridia Beach, Naxos",Liaridia Beach,0,0,Liaridia Beach,0,weak_name_match,37.07514,25.58479
2002,Παραλία Λιμνάρι,south-aegean-naxos,Naxos,PASS,none,"Παραλία Λιμνάρι, Naxos",verified,"Παραλία Λιμνάρι, Naxos",Παραλία Λιμνάρι,3,35,Παραλία Λιμνάρι,0,,37.12539,25.5913
2003,Λίωνας,south-aegean-naxos,Naxos,PASS,none,"Λίωνας, Naxos",verified,"Λίωνας, Naxos",Λίωνας,40,35,Λίωνας,0,,37.13763,25.58656
2004,Μελινό,south-aegean-naxos,Naxos,PASS,none,"Μελινό, Naxos",verified,"Μελινό, Naxos",Μελινό,25,35,Μελινό,1,,37.19107,25.50454
2007,Μικρή Βίγλα - Νότια πλευρά,south-aegean-naxos,Naxos,PASS,none,"Μικρή Βίγλα - Νότια πλευρά, Naxos",verified,"Μικρή Βίγλα - Νότια πλευρά, Naxos",Μικρή Βίγλα (Νότια πλευρά),94,35,Μικρή Βίγλα (Νότια πλευρά),0,,37.0157838,25.3769012
2008,Μικρό Αλυκό,south-aegean-naxos,Naxos,PASS,none,"Paralia Alyko, Naxos",verified,"Paralia Alyko, Naxos",Paralia Alyko,18,35,Paralia Alyko,0,,36.9767717,25.3865821
2009,Μουτσούνα,south-aegean-naxos,Naxos,PASS,none,"Μουτσούνα, Naxos",verified,"Μουτσούνα, Naxos",Μουτσούνα,85,35,(unnamed),11,,37.0779637,25.5869804
2010,Όρκος,south-aegean-naxos,Naxos,PASS,none,"Orkos, Naxos",verified,"Orkos, Naxos",Orkos,9,35,Orkos,0,,37.0325297,25.3731885
2013,Πυργάκι,south-aegean-naxos,Naxos,PASS,none,"Pyrgaki Beach, Naxos",verified,"Pyrgaki Beach, Naxos",Pyrgaki Beach,222,35,Pyrgaki Beach,3,,36.97623,25.40015
2015,Παραλία Σπεδό,south-aegean-naxos,Naxos,PASS,none,"Παραλία Σπεδό, Naxos",verified,"Παραλία Σπεδό, Naxos",Παραλία Σπεδό,15,35,Παραλία Σπεδό,1,,36.95472,25.50782
2016,Χίλια Βρύση,south-aegean-naxos,Naxos,PASS,none,"Hilia Beach, Naxos",verified,"Hilia Beach, Naxos",Hilia Beach,10,35,Hilia Beach,0,,37.1567643,25.4694392
2017,Παραλία Ψιλή Άμμος,south-aegean-naxos,Naxos,PASS,none,"Παραλία Ψιλή Άμμος, Naxos",verified,"Παραλία Ψιλή Άμμος, Naxos",Παραλία Ψιλή Άμμος,9,35,Παραλία Ψιλή Άμμος,0,,37.01422,25.56847
2018,Παραλία Ψωφαγριλιά,south-aegean-naxos,Naxos,PASS,none,"Παραλία Ψωφαγριλιά, Naxos",verified,"Παραλία Ψωφαγριλιά, Naxos",Παραλία Ψωφαγριλιά,1,35,Παραλία Ψωφαγριλιά,1,,37.10381,25.59389
2019,Hawaii,south-aegean-naxos,Naxos,PASS,none,"Hawaii, Naxos",verified,"Hawaii, Naxos",Hawaii Beach,40,35,Hawaii Beach,0,,36.9805992,25.3863595
2020,Αγία Ειρήνη,south-aegean-paros,Paros,PASS,none,"Αγία Ειρήνη, Paros",verified,"Αγία Ειρήνη, Paros",Αγία Ειρήνη,15,35,Αγία Ειρήνη,0,,37.05565,25.10987
2023,Αμπελάς,south-aegean-paros,Paros,PASS,none,"Αμπελάς, Paros",verified,"Αμπελάς, Paros",Αμπελάς,10,35,Αμπελάς,0,,37.10207,25.26532
2024,Άσπρος Γκρεμός,south-aegean-paros,Paros,PASS,none,"Aspros Gremos beach, Paros",verified,"Aspros Gremos beach, Paros",Aspros Gremos beach,42,35,Aspros Gremos beach,1,,37.10869,25.27
2026,Γλυφάδες,south-aegean-paros,Paros,PASS,none,"Γλυφάδες, Paros",verified,"Γλυφάδες, Paros",Γλυφάδες,40,35,Γλυφάδες,1,,37.07321,25.25976
2027,Δελφίνι,south-aegean-paros,Paros,PASS,none,"Δελφίνι, Paros",verified,"Δελφίνι, Paros",Δελφίνι,11,35,Δελφίνι,0,,37.07539,25.13428
2028,Δρυός,south-aegean-paros,Paros,PASS,none,"Drios Beach, Paros",verified,"Drios Beach, Paros",Drios Beach,31,35,Drios Beach,0,,37.00223,25.22738
2029,Καλόγερος,south-aegean-paros,Paros,PASS,none,"Καλόγερος, Paros",verified,"Καλόγερος, Paros",Καλόγερος,21,35,Καλόγερος,0,,37.04714,25.26946
2031,Κριός,south-aegean-paros,Paros,REVIEW,coordinates,"unorganized beach, Paros",needs_review,"unorganized beach, Paros",unorganized beach,9,0,unorganized beach,1,weak_name_match,37.0946,25.13612
2032,Λάγγερη,south-aegean-paros,Paros,PASS,none,"Langeri Beach, Paros",verified,"Langeri Beach, Paros",Langeri Beach,1,35,Langeri Beach,1,,37.13616,25.27034
2034,Λίμνες,south-aegean-paros,Paros,PASS,none,"Λίμνες, Paros",verified,"Λίμνες, Paros",Limnes beach,0,35,Limnes beach,0,,37.12413,25.21341
2035,Λογαράς,south-aegean-paros,Paros,PASS,none,"Λογαράς, Paros",verified,"Λογαράς, Paros",Λογαράς,40,35,Λογαράς,1,,37.03187,25.25498
2036,Λωλαντώνης,south-aegean-paros,Paros,REVIEW,coordinates,"Παραλια Λωλαντώη, Paros",needs_review,"Παραλια Λωλαντώη, Paros",Παραλια Λωλαντώη,22,0,Παραλια Λωλαντώη,22,weak_name_match,36.99347,25.20993
2037,Μαρτσέλο,south-aegean-paros,Paros,PASS,none,"Μαρτσέλο, Paros",verified,"Μαρτσέλο, Paros",MARTSELO BEACH,85,35,MARTSELO BEACH,0,,37.09655,25.14182
2038,Μικρή Σάντα Μαρία,south-aegean-paros,Paros,PASS,none,"Μικρή Σάντα Μαρία, Paros",verified,"Μικρή Σάντα Μαρία, Paros",Μικρή Σάντα Μαρία,2,35,Μικρή Σάντα Μαρία,0,,37.13821,25.28734
2039,Μοναστήρι,south-aegean-paros,Paros,PASS,none,"Monastiri Beach, Paros",verified,"Monastiri Beach, Paros",Monastiri Beach,8,35,Monastiri Beach,0,,37.1463,25.22453
2041,Ναυτικός όμιλος Πάρου,south-aegean-paros,Paros,PASS,none,"Ναυτικός όμιλος Πάρου, Paros",verified,"Ναυτικός όμιλος Πάρου, Paros",Ναυτικός όμιλος Πάρου,1,35,Λιβάδια,63,,37.09379,25.15549
2042,Ξυφάρα,south-aegean-paros,Paros,PASS,none,"Ξυφάρα, Paros",verified,"Ξυφάρα, Paros",Ξυφάρα,33,35,Ξυφάρα,1,,37.12392,25.2642
2043,Παραλία Αγκάλη Χρυσής Ακτής,south-aegean-paros,Paros,PASS,none,"Παραλία Αγκάλη Χρυσής Ακτής, Paros",verified,"Παραλία Αγκάλη Χρυσής Ακτής, Paros",Παραλία Αγκάλη Χρυσής Ακτής,0,35,Παραλία Αγκάλη Χρυσής Ακτής,0,,37.01066,25.24052
2044,Παραλία Αλυκή,south-aegean-paros,Paros,PASS,none,"Παραλία Αλυκή, Paros",verified,"Παραλία Αλυκή, Paros",Παραλία Αλυκή,80,35,Παραλία Αλυκή,0,,36.99869,25.13095
2045,Παραλία Γλυφά,south-aegean-paros,Paros,PASS,none,"Παραλία Γλυφά, Paros",verified,"Παραλία Γλυφά, Paros",Παραλία Γλυφά,9,35,Παραλία Γλυφά,0,,36.98232,25.18951
2046,Παραλία Παροικιάς,south-aegean-paros,Paros,PASS,none,"Beach, Paros",verified,"Beach, Paros",Beach,0,35,Beach,0,,37.08187,25.14563
2047,Παρασπόρος,south-aegean-paros,Paros,PASS,none,"Παρασπόρος, Paros",verified,"Παρασπόρος, Paros",Παρασπόρος,37,35,Παρασπόρος,1,,37.07168,25.12703
2050,Πυργάκι,south-aegean-paros,Paros,PASS,none,"Pyrgaki beach, Paros",verified,"Pyrgaki beach, Paros",Pyrgaki beach,1,35,Pyrgaki beach,1,,36.99319,25.21823
2051,Σάντα Μαρία,south-aegean-paros,Paros,PASS,none,"Σάντα Μαρία, Paros",verified,"Σάντα Μαρία, Paros",Σάντα Μαρία,35,35,Σάντα Μαρία,1,,37.13149,25.27742
2052,Τούρκου Άμμος,south-aegean-paros,Paros,PASS,none,"Τούρκου Άμμος, Paros",verified,"Τούρκου Άμμος, Paros",Tourkou Ammos beach,18,35,Tourkou Ammos beach,0,,37.14409,25.23238
2053,Τσερδάκια (Νέα Χρυσή Ακτή),south-aegean-paros,Paros,PASS,none,"Τσερδάκια (Νέα Χρυσή Ακτή), Paros",verified,"Τσερδάκια (Νέα Χρυσή Ακτή), Paros",Τσερδάκια (Νέα Χρυσή Ακτή),61,35,Τσερδάκια (Νέα Χρυσή Ακτή),1,,37.01489,25.25013
2054,Τσουκαλιά,south-aegean-paros,Paros,PASS,none,"Τσουκαλιά, Paros",verified,"Τσουκαλιά, Paros",Tsoukalia Beach,70,35,Tsoukalia Beach,0,,37.06929,25.2629
2055,Φάραγγας,south-aegean-paros,Paros,PASS,none,"Φάραγγας, Paros",verified,"Φάραγγας, Paros",Φάραγγας,1,35,Φάραγγας,0,,36.98636,25.15582
2056,Χρυσή Ακτή,south-aegean-paros,Paros,PASS,none,"Παραλία Αγκάλη Χρυσής Ακτής, Paros",verified,"Παραλία Αγκάλη Χρυσής Ακτής, Paros",Παραλία Αγκάλη Χρυσής Ακτής,0,35,Παραλία Αγκάλη Χρυσής Ακτής,0,,37.010658,25.240516
1939,Αγία Άννα,south-aegean-mykonos,Mykonos,PASS,none,"Αγία Άννα, Mykonos",verified,"Αγία Άννα, Mykonos",Αγία Άννα,13,35,Αγία Άννα,1,,37.44886,25.32981
1940,Αγία Άννα Καλαφάτης,south-aegean-mykonos,Mykonos,PASS,none,"Αγία Άννα Καλαφάτης, Mykonos",verified,"Αγία Άννα Καλαφάτης, Mykonos",Αγία Άννα Καλαφάτης,4,35,Αγία Άννα Καλαφάτης,0,,37.43514,25.42033
1941,Αγία Άννα Παράγκας,south-aegean-mykonos,Mykonos,PASS,none,"Αγία Άννα Παράγκας, Mykonos",verified,"Αγία Άννα Παράγκας, Mykonos",Αγία Άννα Παράγκας,23,35,Αγία Άννα Παράγκας,1,,37.4093,25.348
1945,Άγιος Σώστης,south-aegean-mykonos,Mykonos,PASS,none,"Άγιος Σώστης, Mykonos",verified,"Άγιος Σώστης, Mykonos",Άγιος Σώστης,24,35,Άγιος Σώστης,0,,37.48411,25.3598
1946,Άγιος Χαράλαμπος,south-aegean-mykonos,Mykonos,PASS,none,"Άγιος Χαράλαμπος, Mykonos",verified,"Άγιος Χαράλαμπος, Mykonos",Άγιος Χαράλαμπος,1,35,Άγιος Χαράλαμπος,0,,37.44359,25.32567
1947,Αγράρι,south-aegean-mykonos,Mykonos,PASS,none,"Αγράρι, Mykonos",verified,"Αγράρι, Mykonos",Αγράρι,29,35,Αγράρι,1,,37.42108,25.383
1948,Βαθιά Λαγκάδα,south-aegean-mykonos,Mykonos,REVIEW,coordinates,"Vathia Lagada Beach, Mykonos",needs_review,"Vathia Lagada Beach, Mykonos",Vathia Lagada Beach,2,2,Vathia Lagada Beach,0,weak_name_match,37.46911,25.45904
1949,Γυμνιστική Παραλία Ελιάς,south-aegean-mykonos,Mykonos,REVIEW,coordinates,"Elia Nude Beach, Mykonos",needs_review,"Elia Nude Beach, Mykonos",Elia Nude Beach,2,0,Αγράρι,313,weak_name_match,37.42255,25.38601
1950,Ελιά,south-aegean-mykonos,Mykonos,PASS,none,"Ελιά, Mykonos",verified,"Ελιά, Mykonos",nrg - Elia Mykonos Resort,147,35,Ελιά,0,,37.42233,25.38964
1951,Καλαμοπόδι,south-aegean-mykonos,Mykonos,PASS,none,"Καλαμοπόδι, Mykonos",verified,"Καλαμοπόδι, Mykonos",Καλαμοπόδι,166,35,Paradise Beach,0,,37.41006,25.35676
1953,Καλό Λιβάδι,south-aegean-mykonos,Mykonos,PASS,none,"Καλό Λιβάδι, Mykonos",verified,"Καλό Λιβάδι, Mykonos",Καλό Λιβάδι,106,35,Καλό Λιβάδι,0,,37.43321,25.40612
1954,Κάπαρη,south-aegean-mykonos,Mykonos,PASS,none,"Κάπαρη, Mykonos",verified,"Κάπαρη, Mykonos",Κάπαρη,2,35,Κάπαρη,0,,37.42553,25.30465
1955,Καραπέτης,south-aegean-mykonos,Mykonos,PASS,none,"Καραπέτης, Mykonos",verified,"Καραπέτης, Mykonos",Καραπέτης,11,35,Καραπέτης,0,,37.42425,25.40254
1957,Κόρφος,south-aegean-mykonos,Mykonos,PASS,none,"Κόρφος, Mykonos",verified,"Κόρφος, Mykonos",Kite Mykonos,74,35,Κόρφος,0,,37.42656,25.32182
1958,Λιά,south-aegean-mykonos,Mykonos,PASS,none,"Λιά, Mykonos",verified,"Λιά, Mykonos",Λιά,26,35,Λιά,1,,37.44491,25.43644
1959,Λούλος,south-aegean-mykonos,Mykonos,PASS,none,"Λούλος, Mykonos",verified,"Λούλος, Mykonos",Λούλος,6,35,Λούλος,0,,37.43145,25.413
1961,Μεγάλη Άμμος,south-aegean-mykonos,Mykonos,PASS,none,"Μεγάλη Άμμος, Mykonos",verified,"Μεγάλη Άμμος, Mykonos",Μεγάλη Άμμος,30,35,Μεγάλη Άμμος,0,,37.43895,25.32631
1962,Μερσίνη,south-aegean-mykonos,Mykonos,PASS,none,"Μερσίνη, Mykonos",verified,"Μερσίνη, Mykonos",Μερσίνη,26,35,Μερσίνη,0,,37.48354,25.4056
1963,Μερχιά,south-aegean-mykonos,Mykonos,PASS,none,"Μερχιά, Mykonos",verified,"Μερχιά, Mykonos",Μερχιά,16,35,(unnamed),269,,37.47144,25.42868
1966,Παράγκα,south-aegean-mykonos,Mykonos,PASS,none,"Παράγκα, Mykonos",verified,"Παράγκα, Mykonos",Παράγκα,70,35,Παράγκα,0,,37.40746,25.34933
1967,παραλία Σωκράτης,south-aegean-mykonos,Mykonos,PASS,none,"παραλία Σωκράτης, Mykonos",verified,"παραλία Σωκράτης, Mykonos",παραλία Σωκράτης,11,35,παραλία Σωκράτης,0,,37.47226,25.43782
1971,Ταρσανάς,south-aegean-mykonos,Mykonos,PASS,none,"Ταρσανάς, Mykonos",verified,"Ταρσανάς, Mykonos",Ταρσανάς,7,35,Ταρσανάς,0,,37.46473,25.38023
1972,Τηγάνι,south-aegean-mykonos,Mykonos,PASS,none,"Τηγάνι, Mykonos",verified,"Τηγάνι, Mykonos",Τηγάνι,2,35,Vathia Lagada Beach,888,,37.46121,25.46051
1974,Τσαγκάρη,south-aegean-mykonos,Mykonos,PASS,none,"Τσαγκάρη, Mykonos",verified,"Τσαγκάρη, Mykonos",Τσαγκάρη,10,35,Τσαγκάρη,1,,37.44509,25.44092
1975,Φραγκιά,south-aegean-mykonos,Mykonos,PASS,none,"Φραγκιά, Mykonos",verified,"Φραγκιά, Mykonos",Φραγκιά,81,35,Φραγκιά,0,,37.44585,25.45126
1977,Φωκός,south-aegean-mykonos,Mykonos,PASS,none,"Φωκός, Mykonos",verified,"Φωκός, Mykonos",Φωκός,32,35,Φωκός,0,,37.48107,25.41047
1978,Χουλάκια,south-aegean-mykonos,Mykonos,PASS,none,"Χουλάκια, Mykonos",verified,"Χουλάκια, Mykonos",Χουλάκια,34,35,Χουλάκια,0,,37.47442,25.31304
1980,Super Paradise,south-aegean-mykonos,Mykonos,PASS,none,"Super Paradise, Mykonos",verified,"Super Paradise, Mykonos",Super Paradise,166,35,Plintri,0,,37.41476,25.36896
2057,Άγιος Γεώργιος,south-aegean-santorini,Santorini,PASS,none,"Άγιος Γεώργιος, Santorini",verified,"Άγιος Γεώργιος, Santorini",Άγιος Γεώργιος,38,35,Άγιος Γεώργιος,0,,36.33918,25.45417
2058,Βλυχάδα,south-aegean-santorini,Santorini,PASS,none,"Βλυχάδα, Santorini",verified,"Βλυχάδα, Santorini",Βλυχάδα,6,35,Βλυχάδα,0,,36.33931,25.43155
2059,Βουρβούλος,south-aegean-santorini,Santorini,PASS,none,"Vourvolos Beach, Santorini",verified,"Vourvolos Beach, Santorini",Vourvolos Strand,26,35,Vourvolos Beach,0,,36.45202,25.43921
2060,Γυμνιστική παραλία Βλυχάδα,south-aegean-santorini,Santorini,PASS,none,"Βλυχάδα, Santorini",verified,"Βλυχάδα, Santorini",Βλυχάδα,41,35,Βλυχάδα,37,,36.339042,25.431794
2066,Παραλία Κερκέζου,south-aegean-santorini,Santorini,PASS,none,"Παραλία Κερκέζου, Santorini",verified,"Παραλία Κερκέζου, Santorini",Παραλία Κερκέζου,58,35,Παραλία Κερκέζου,0,,36.36419,25.37163
2069,Κάθαρος,south-aegean-santorini,Santorini,PASS,none,"Κάθαρος, Santorini",verified,"Κάθαρος, Santorini",Katharos,16,35,Katharos,0,,36.46762,25.36828
1899,Άγιος Ιωάννης,south-aegean-milos,Milos,PASS,none,"Άγιος Ιωάννης, Milos",verified,"Άγιος Ιωάννης, Milos",Άγιος Ιωάννης,13,35,(unnamed),222,,36.67808,24.33194
1900,Άγιος Σώστης,south-aegean-milos,Milos,PASS,none,"Άγιος Σώστης, Milos",verified,"Άγιος Σώστης, Milos",Άγιος Σώστης,36,35,Κήποι,1415,,36.66942,24.44241
1901,Αγία Κυριακή,south-aegean-milos,Milos,PASS,none,"Αγία Κυριακή, Milos",verified,"Αγία Κυριακή, Milos",Αγία Κυριακή,188,35,Ψαροβολάδα,498,,36.66992,24.49844
1902,Αμμουδαράκι,south-aegean-milos,Milos,PASS,none,"Αμμουδαράκι, Milos",verified,"Αμμουδαράκι, Milos",Αμμουδαράκι,19,35,Αμμουδαράκι,0,,36.69885,24.33481
1903,Αχιβαδολίμνη,south-aegean-milos,Milos,PASS,none,"Αχιβαδολίμνη, Milos",verified,"Αχιβαδολίμνη, Milos",Αχιβαδολίμνη,74,35,Αχιβαδολίμνη,0,,36.69055,24.44973
1904,Γέροντας,south-aegean-milos,Milos,PASS,none,"Γέροντας, Milos",verified,"Γέροντας, Milos",Γέροντας,15,35,Γέροντας,0,,36.65571,24.3688
1905,Γερανιά,south-aegean-milos,Milos,PASS,none,"Γερανιά, Milos",verified,"Γερανιά, Milos",Γερανιά,1,35,Γερανιά,1,,36.7503,24.44778
1906,Θειάφες,south-aegean-milos,Milos,PASS,none,"Θειάφες, Milos",verified,"Θειάφες, Milos",Θειάφες,7,35,Θειάφες,0,,36.69413,24.54479
1907,Κάλαμος,south-aegean-milos,Milos,PASS,none,"Κάλαμος, Milos",verified,"Κάλαμος, Milos",Κάλαμος,9,35,Κάλαμος,0,,36.66135,24.47516
1908,Κάπρος,south-aegean-milos,Milos,PASS,none,"Κάπρος, Milos",verified,"Κάπρος, Milos",Κάπρος,2,35,Κάπρος,0,,36.75277,24.50198
1909,Κάτεργο,south-aegean-milos,Milos,PASS,none,"Κάτεργο, Milos",verified,"Κάτεργο, Milos",Κάτεργο,4,35,Κάτεργο,0,,36.6547,24.37721
1910,Κήποι,south-aegean-milos,Milos,PASS,none,"Κήποι, Milos",verified,"Κήποι, Milos",Κήποι,14,35,Κήποι,1,,36.66293,24.42877
1911,Καμπάνες,south-aegean-milos,Milos,PASS,none,"Καμπάνες, Milos",verified,"Καμπάνες, Milos",Καμπάνες,59,35,Καμπάνες,0,,36.76949,24.4143
1912,Λαγκάδα,south-aegean-milos,Milos,PASS,none,"Λαγκάδα, Milos",verified,"Λαγκάδα, Milos",Λαγκάδα,38,35,Λαγκάδα,0,,36.72487,24.44193
1913,Ναυτικός Όμιλος Μήλου,south-aegean-milos,Milos,PASS,none,"Ναυτικός Όμιλος Μήλου, Milos",verified,"Ναυτικός Όμιλος Μήλου, Milos",Ναυτικός Όμιλος Μήλου,3,35,Ναυτικός Όμιλος Μήλου,0,,36.71962,24.46006
1914,Νεροδάφνη,south-aegean-milos,Milos,PASS,none,"Νεροδάφνη, Milos",verified,"Νεροδάφνη, Milos",Νεροδάφνη,37,35,Νεροδάφνη,0,,36.76759,24.4118
1915,Παλαιοχώρι,south-aegean-milos,Milos,PASS,none,"Palaiochori beach, Milos, Greece",verified,"Palaiochori beach, Milos, Greece",Παλαιοχώρι,320,35,Ψαροβολάδα,1316,,36.67476,24.51782
1916,Παπάφραγκας,south-aegean-milos,Milos,PASS,none,"Παπάφραγκας, Milos",verified,"Παπάφραγκας, Milos",Παπάφραγκας,0,35,Παπάφραγκας,0,,36.75392,24.50346
1917,Παπικινού,south-aegean-milos,Milos,PASS,none,"Παπικινού, Milos",verified,"Παπικινού, Milos",Παπικινού,56,35,Παπικινού,0,,36.72233,24.45735
1918,Παραλία Αγγαθια,south-aegean-milos,Milos,PASS,none,"Παραλία Αγγαθια, Milos",verified,"Παραλία Αγγαθια, Milos",Παραλία Αγγαθια,12,35,Παραλία Αγγαθια,0,,36.72696,24.34178
1919,Πλάθιενα,south-aegean-milos,Milos,PASS,none,"Πλάθιενα, Milos",verified,"Πλάθιενα, Milos",Πλάθιενα,16,35,Πλάθιενα,1,,36.75422,24.41273
1920,Προβατάς,south-aegean-milos,Milos,PASS,none,"Provatas beach, Milos, Greece",verified,"Provatas beach, Milos, Greece",Προβατάς,85,35,Άγιος Σώστης,351,,36.66959,24.44634
1921,Ριβάρι,south-aegean-milos,Milos,PASS,none,"Ριβάρι, Milos",verified,"Ριβάρι, Milos",Ριβάρι,68,35,Ριβάρι,0,,36.70322,24.40162
1922,Σαρακήνικο,south-aegean-milos,Milos,PASS,none,"Sarakiniko beach, Milos, Greece",verified,"Sarakiniko beach, Milos, Greece",Σαρακήνικο,0,35,Σαρακήνικο,1,,36.74276,24.45831
1923,Τουρκοθάλασσα,south-aegean-milos,Milos,PASS,none,"Τουρκοθάλασσα, Milos",verified,"Τουρκοθάλασσα, Milos",Τουρκοθάλασσα,6,35,Τουρκοθάλασσα,0,,36.74889,24.44475
1924,Τριάδες,south-aegean-milos,Milos,PASS,none,"Τριάδες, Milos",verified,"Τριάδες, Milos",Τριάδες,4,35,Τριάδες,0,,36.7063933,24.3369804
1925,Τσιγκράδο,south-aegean-milos,Milos,PASS,none,"Τσιγκράδο, Milos",verified,"Τσιγκράδο, Milos",Τσιγκράδο,1,35,Τσιγκράδο,1,,36.66193,24.46934
1926,Φατούρενα,south-aegean-milos,Milos,PASS,none,"Φατούρενα, Milos",verified,"Φατούρενα, Milos",Φατούρενα,7,35,Φατούρενα,1,,36.70025,24.40789
1927,Φυριπλάκα,south-aegean-milos,Milos,PASS,none,"Φυριπλάκα, Milos",verified,"Φυριπλάκα, Milos",Φυριπλάκα,110,35,Τσιγκράδο,855,,36.66707,24.4622
1928,Φυρλίνγκος,south-aegean-milos,Milos,PASS,none,"Φυρλίνγκος, Milos",verified,"Φυρλίνγκος, Milos",Φυρλίνγκος,39,35,Φυρλίνγκος,0,,36.68186,24.53698
1929,Φυροπόταμος,south-aegean-milos,Milos,PASS,none,"Φυροπόταμος, Milos",verified,"Φυροπόταμος, Milos",Φυροπόταμος,24,35,Πλάθιενα,1391,,36.75783,24.42769
1930,Ψαθί,south-aegean-milos,Milos,PASS,none,"Ψαθί, Milos",verified,"Ψαθί, Milos",Ψαθί,22,35,Ψαθί,0,,36.65797,24.40811
1931,Ψαροβολάδα,south-aegean-milos,Milos,PASS,none,"Ψαροβολάδα, Milos",verified,"Ψαροβολάδα, Milos",Ψαροβολάδα,15,35,Ψαροβολάδα,0,,36.6708,24.50391
1932,Πολλώνια,south-aegean-milos,Milos,PASS,none,"Πολλώνια, Milos",verified,"Πολλώνια, Milos",Πολλώνια,46,35,Πολλώνια,0,,36.76458,24.52574
1933,Αγκάλη,south-aegean-milos,Milos,PASS,none,"Αγκάλη, Milos",verified,"Αγκάλη, Milos",Αγκάλη,16,35,Αγκάλη,1,,36.71696,24.54085
1934,Βούδια,south-aegean-milos,Milos,PASS,none,"Βούδια, Milos",verified,"Βούδια, Milos",Βούδια,82,35,Βούδια,0,,36.74841,24.53447
1935,Καστανάς,south-aegean-milos,Milos,PASS,none,"Καστανάς, Milos",verified,"Καστανάς, Milos",Καστανάς,22,35,Καστανάς,1,,36.73462,24.53818
1936,Κολυμπισιώνας,south-aegean-milos,Milos,PASS,none,"Κολυμπισιώνας, Milos",verified,"Κολυμπισιώνας, Milos",Κολυμπισιώνας,15,35,Κολυμπισιώνας,0,,36.72319,24.53845
1937,Ρέμα,south-aegean-milos,Milos,PASS,none,"Ρέμα, Milos",verified,"Ρέμα, Milos",Ρέμα,12,35,Ρέμα,0,,36.69887,24.54542
1938,Τρία Πηγάδια,south-aegean-milos,Milos,PASS,none,"Τρία Πηγάδια, Milos",verified,"Τρία Πηγάδια, Milos",Τρία Πηγάδια,10,35,Τρία Πηγάδια,1,,36.73015,24.53667
527,Άργιλος,crete-crete-chania,Crete (Chania),PASS,none,"Άργιλος, Chania, Crete",verified,"Άργιλος, Chania, Crete",Άργιλος,21,35,Άργιλος,0,,35.1808438,24.2562054
528,Βουλόλιμνη,crete-crete-chania,Crete (Chania),PASS,none,"Voulolimni, Chania",verified,"Voulolimni, Chania",Voulolimni,0,35,Voulolimni,0,,35.31514,23.53367
529,Βρύση,crete-crete-chania,Crete (Chania),PASS,none,"Βρύση, Chania, Crete",verified,"Βρύση, Chania, Crete",Βρύση,9,35,Βρύση,0,,35.2019505,24.1343326
530,Γιαλισκάρι,crete-crete-chania,Crete (Chania),REVIEW,coordinates,"Gianiskali Sandy Beach, Chania",needs_review,"Gianiskali Sandy Beach, Chania",Gianiskali Sandy Beach,9,0,Gianiskali Sandy Beach,0,weak_name_match,35.23675,23.71971
531,Καλαμάκι,crete-crete-chania,Crete (Chania),PASS,none,"Καλαμάκι, Chania, Crete",verified,"Καλαμάκι, Chania, Crete",Καλαμάκι,7,35,Καλαμάκι,0,,35.5134769,23.9690023
532,Καλυβάκι,crete-crete-chania,Crete (Chania),PASS,none,"Καλυβάκι, Chania, Crete",verified,"Καλυβάκι, Chania, Crete",Καλυβάκι,30,35,Καλυβάκι,0,,35.3667682,24.2608861
534,Κριός,crete-crete-chania,Crete (Chania),PASS,none,"Κριός, Chania, Crete",verified,"Κριός, Chania, Crete",Κριός,103,35,Κριός,0,,35.23647,23.59567
535,Κυανή Ακτή,crete-crete-chania,Crete (Chania),PASS,none,"Κυανή Ακτή, Chania, Crete",verified,"Κυανή Ακτή, Chania, Crete",Κυανή Ακτή,76,35,Kiani Beach,0,,35.46672,24.15565
537,Λουτράκι,crete-crete-chania,Crete (Chania),PASS,none,"Loutraki Beach, Chania",verified,"Loutraki Beach, Chania",Loutraki Beach,6,35,Loutraki Beach,0,,35.49916,24.16398
538,Λύκος,crete-crete-chania,Crete (Chania),PASS,none,"Λύκος, Chania, Crete",verified,"Λύκος, Chania, Crete",Λύκος,41,35,Lycos Beach-Παραλία Λύκος,0,,35.2005,24.06769
539,Μαράθι,crete-crete-chania,Crete (Chania),PASS,none,"Μαράθι, Chania, Crete",verified,"Μαράθι, Chania, Crete",Μαράθι,40,35,Μαράθι,0,,35.50463,24.17296
540,Μαύρος Μώλος,crete-crete-chania,Crete (Chania),PASS,none,"Μαύρος Μώλος, Chania, Crete",verified,"Μαύρος Μώλος, Chania, Crete",Μαύρος Μώλος,196,35,Μαύρος Μώλος,0,,35.5004564,23.6477677
541,Μαχαιρίδα,crete-crete-chania,Crete (Chania),PASS,none,"Μαχαιρίδα, Chania, Crete",verified,"Μαχαιρίδα, Chania, Crete",Μαχαιρίδα Παραλία Γυμνιστών,3,35,Μαχαιρίδα Παραλία Γυμνιστών,0,,35.57353,24.07676
542,Μέθεξις,crete-crete-chania,Crete (Chania),PASS,none,"Μέθεξις, Chania, Crete",verified,"Μέθεξις, Chania, Crete",Μέθεξις,2,35,Μέθεξις,0,,35.2258285,23.6825897
543,Μένιες (Δίκτυννα),crete-crete-chania,Crete (Chania),REVIEW,coordinates,"Diktina Beach, Chania",needs_review,"Diktina Beach, Chania",Diktina Beach,8,0,Diktina Beach,1,weak_name_match,35.66461,23.76786
544,Νέα Χώρα,crete-crete-chania,Crete (Chania),PASS,none,"Nea Chora beach, Chania",verified,"Nea Chora beach, Chania",Nea Chora beach,124,35,Nea Chora beach,1,,35.51424,24.0057
545,Ορθή Άμμος,crete-crete-chania,Crete (Chania),PASS,none,"Ορθή Άμμος, Chania, Crete",verified,"Ορθή Άμμος, Chania, Crete",Ορθή Άμμος,161,35,Ορθή Άμμος,0,,35.18329,24.24639
546,Παραλία Αγία Μαρίνα,crete-crete-chania,Crete (Chania),PASS,none,"Παραλία Αγία Μαρίνα, Chania, Crete",verified,"Παραλία Αγία Μαρίνα, Chania, Crete",Παραλία Αγία Μαρίνα,156,35,Παραλία Αγία Μαρίνα,0,,35.5202255,23.9247021
547,Παραλία Αγίου Χαραλάμπους,crete-crete-chania,Crete (Chania),PASS,none,"Παραλία Αγίου Χαραλάμπους, Chania, Crete",verified,"Παραλία Αγίου Χαραλάμπους, Chania, Crete",Παραλία Αγίου Χαραλάμπους,14,35,Παραλία Αγίου Χαραλάμπους,0,,35.1927364,24.1509622
548,Παραλία Αγίων Αποστόλων,crete-crete-chania,Crete (Chania),REVIEW,coordinates,"Eastern Gulf, Chania",needs_review,"Παραλία Αγίων Αποστόλων, Crete (Chania)",Παραλία Αγίων Αποστόλων,485,35,Eastern Gulf,1,,35.51411,23.98321
549,Παραλία Βλητέ,crete-crete-chania,Crete (Chania),PASS,none,"Παραλία Βλητέ, Chania, Crete",verified,"Παραλία Βλητέ, Chania, Crete",Παραλία Βλητέ,21,35,Παραλία Βλητέ,0,,35.4997119,24.0624972
550,Παραλία Γλυκά Νερά,crete-crete-chania,Crete (Chania),PASS,none,"Παραλία Γλυκά Νερά, Chania, Crete",verified,"Παραλία Γλυκά Νερά, Chania, Crete",Παραλια Γλυκά Νερά,63,35,Παραλια Γλυκά Νερά,0,,35.2016045,24.1076711
551,Παραλία Δώματα,crete-crete-chania,Crete (Chania),PASS,none,"Παραλία Δώματα, Chania, Crete",verified,"Παραλία Δώματα, Chania, Crete",Παραλία Δώματα,44,35,Παραλία Δώματα,0,,35.2271232,23.9128378
553,Παραλία Καλάμια,crete-crete-chania,Crete (Chania),PASS,none,"Παραλία Καλάμια, Chania, Crete",verified,"Παραλία Καλάμια, Chania, Crete",Παραλία Καλάμια,25,35,Παραλία Καλάμια,0,,35.238445,23.6641262
554,Παραλία Κούμ Καπί (Kum Kapisi),crete-crete-chania,Crete (Chania),PASS,none,"Παραλία Κούμ Καπί (Kum Kapisi), Chania, Crete",verified,"Παραλία Κούμ Καπί (Kum Kapisi), Chania, Crete",Παραλία Κούμ Καπί (Kum Kapisi),41,35,Παραλία Κούμ Καπί (Kum Kapisi),0,,35.5160402,24.0285243
555,Παραλία Κουταλάς,crete-crete-chania,Crete (Chania),PASS,none,"Παραλία Κουταλάς, Chania, Crete",verified,"Παραλία Κουταλάς, Chania, Crete",Παραλία Κουταλάς,2,35,Παραλία Κουταλάς,0,,35.4667125,24.2322111
556,Παραλία Κούτελος,crete-crete-chania,Crete (Chania),PASS,none,"Παραλία Κούτελος, Chania, Crete",verified,"Παραλία Κούτελος, Chania, Crete",Παραλία Κούτελος,78,35,Παραλία Κούτελος,0,,35.1999995,24.1902428
557,Παραλία Λάκκοι,crete-crete-chania,Crete (Chania),PASS,none,"Παραλία Λάκκοι, Chania, Crete",verified,"Παραλία Λάκκοι, Chania, Crete",Παραλία Λάκκοι,161,35,Παραλία Λάκκοι,0,,35.1800799,24.2684419
558,Παραλία Λισσός,crete-crete-chania,Crete (Chania),PASS,none,"Παραλία Λισσός, Chania, Crete",verified,"Παραλία Λισσός, Chania, Crete",Παραλία Λισσός,8,35,Παραλία Λισσός,0,,35.2400576,23.7872158
559,Παραλία Μάρμαρα,crete-crete-chania,Crete (Chania),PASS,none,"Παραλία Μάρμαρα, Chania, Crete",verified,"Παραλία Μάρμαρα, Chania, Crete",Παραλία Μάρμαρα,5,35,Παραλία Μάρμαρα,0,,35.1966247,24.0581504
560,Παραλία Μελτεμάκι,crete-crete-chania,Crete (Chania),PASS,none,"Παραλία Μεατεμάκι, Chania",verified,"Παραλία Μεατεμάκι, Chania",Παραλία Μεατεμάκι,25,35,Παραλία Μεατεμάκι,0,,35.4968833,24.0614142
561,Παραλία Πλακάκι,crete-crete-chania,Crete (Chania),PASS,none,"Παραλία Πλακάκι, Chania, Crete",verified,"Παραλία Πλακάκι, Chania, Crete",Παραλία Πλακάκι,4,35,Παραλία Πλακάκι,0,,35.2367771,23.6471619
562,Παραλία Σεντόνι,crete-crete-chania,Crete (Chania),PASS,none,"Παραλία Σεντόνι, Chania, Crete",verified,"Παραλία Σεντόνι, Chania, Crete",Παραλία Σεντόνι,93,35,Παραλία Σεντόνι,0,,35.2388221,23.8817316
563,Παραλία Τελώνιο,crete-crete-chania,Crete (Chania),PASS,none,"Παραλία Τελώνιο, Chania, Crete",verified,"Παραλία Τελώνιο, Chania, Crete",Παραλία Τελώνιο,128,35,Παραλία Τελώνιο,0,,35.4981017,23.659469
564,Παραλία του Μάλεμε,crete-crete-chania,Crete (Chania),PASS,none,"Παραλία του Μάλεμε, Chania, Crete",verified,"Παραλία του Μάλεμε, Chania, Crete",Παραλία του Μάλεμε,89,35,Παραλία του Μάλεμε,0,,35.5254214,23.8533131
565,Παραλια Τραχηλος,crete-crete-chania,Crete (Chania),PASS,none,"Παραλια Τραχηλος, Chania, Crete",verified,"Παραλια Τραχηλος, Chania, Crete",Παραλια Τραχηλος,25,35,Παραλια Τραχηλος,0,,35.5130419,23.6296956
566,Παραλία Τροχαλού,crete-crete-chania,Crete (Chania),PASS,none,"Παραλία Τροχαλού, Chania, Crete",verified,"Παραλία Τροχαλού, Chania, Crete",Παραλία Τροχαλού,3,35,Παραλία Τροχαλού,0,,35.2378735,23.6581013
567,Παραλία Τρυπητής,crete-crete-chania,Crete (Chania),PASS,none,"Παραλία Τρυπητής, Chania, Crete",verified,"Παραλία Τρυπητής, Chania, Crete",Παραλία Τρυπητής,2,35,Παραλία Τρυπητής,0,,35.2365169,23.8736745
568,Παραλία Φραγκοκάστελλου,crete-crete-chania,Crete (Chania),PASS,none,"Παραλία Φραγκοκάστελλου, Chania, Crete",verified,"Παραλία Φραγκοκάστελλου, Chania, Crete",Παραλία Φραγκοκάστελλου,5,35,Παραλία Φραγκοκάστελλου,0,,35.1806103,24.2335505
569,Παραλία Χαλέπα,crete-crete-chania,Crete (Chania),PASS,none,"Παραλία Χαλέπα, Chania, Crete",verified,"Παραλία Χαλέπα, Chania, Crete",Παραλία Χαλέπα,23,35,(unnamed),100,,35.5216116,24.0440041
570,Παραλία Ψηλός Βόλακας,crete-crete-chania,Crete (Chania),PASS,none,"Παραλία Ψηλός Βόλακας, Chania, Crete",verified,"Παραλία Ψηλός Βόλακας, Chania, Crete",Παραλία Ψηλός Βόλακας,16,35,Παραλία Ψηλός Βόλακας,0,,35.2382299,23.6611222
571,Παραλίες Βάταλου,crete-crete-chania,Crete (Chania),PASS,none,"Παραλίες Βάταλου, Chania, Crete",verified,"Παραλίες Βάταλου, Chania, Crete",Παραλίες Βάταλου,67,35,Παραλίες Βάταλου,0,,35.1894748,24.2196291
572,Παχιά Άμμος,crete-crete-chania,Crete (Chania),PASS,none,"Παχιά Άμμος, Chania, Crete",verified,"Παχιά Άμμος, Chania, Crete",Παχιά Άμμος,188,35,(unnamed),297,,35.2322784,23.6763457
573,Παχιά Άμμος Σταυρού,crete-crete-chania,Crete (Chania),PASS,none,"Pahia Ammos Nudist Beach, Chania",verified,"Pahia Ammos Nudist Beach, Chania",Pahia Ammos Nudist Beach,0,35,Pahia Ammos Nudist Beach,0,,35.5915638,24.0862095
574,Πλατανιάς,crete-crete-chania,Crete (Chania),PASS,none,"Platanias beach, Chania",verified,"Platanias beach, Chania",Platanias beach,18,35,Platanias beach,0,,35.51979,23.89893
575,Ραπανιανά,crete-crete-chania,Crete (Chania),PASS,none,"Ραπανιανά, Chania, Crete",verified,"Ραπανιανά, Chania, Crete",Rapaniana Beach,340,35,Rapaniana Beach,67,,35.5402,23.79262
576,Σεϊτάν Λιμάνι,crete-crete-chania,Crete (Chania),PASS,none,"Σεϊτάν Λιμάνι, Chania, Crete",verified,"Σεϊτάν Λιμάνι, Chania, Crete",Σεϊταν Λιμάνι,1,35,Seitan Limani,0,,35.5519,24.19343
577,Σούγια,crete-crete-chania,Crete (Chania),PASS,none,"Σούγια, Chania, Crete",verified,"Σούγια, Chania, Crete",Σούγια,161,35,Sougia Beach,0,,35.24807,23.81209
578,Σούγια (γυμνιστών),crete-crete-chania,Crete (Chania),REVIEW,coordinates,"Sougia Nude Beach, Chania",needs_review,"Sougia Nude Beach, Chania",Sougia Nude Beach,11,2,Sougia Nude Beach,0,weak_name_match,35.24833,23.81701
580,Σφακιανό Αμμούδι,crete-crete-chania,Crete (Chania),PASS,none,"Σφακιανό Αμμούδι, Chania, Crete",verified,"Σφακιανό Αμμούδι, Chania, Crete",Σφακιανό Αμμούδι,3,35,Σφακιανό Αμμούδι,0,,35.1931739,24.1464012
581,Τερσανάς,crete-crete-chania,Crete (Chania),PASS,none,"Τερσανάς, Chania, Crete",verified,"Τερσανάς, Chania, Crete",Paralia Tersanas,6,35,Paralia Tersanas,0,,35.56738,24.08289
583,Φιλάκι,crete-crete-chania,Crete (Chania),PASS,none,"Φιλάκι, Chania, Crete",verified,"Φιλάκι, Chania, Crete",Φιλάκι,24,35,Φιλάκι,0,,35.1941652,24.1572777
584,Χαλίκια,crete-crete-chania,Crete (Chania),PASS,none,"Χαλίκια, Chania, Crete",verified,"Χαλίκια, Chania, Crete",Χαλίκια,16,35,Χαλίκια,0,,35.2335417,23.6867247
586,Aghios Pavlos Beach,crete-crete-chania,Crete (Chania),PASS,none,"Aghios Pavlos Beach, Chania, Crete",verified,"Aghios Pavlos Beach, Chania, Crete",Aghios Pavlos Beach,13,35,Aghios Pavlos Beach,0,,35.5986701,23.7107422
587,Agios Onoufrios,crete-crete-chania,Crete (Chania),REVIEW,coordinates,"Άγιος Ονούφριος, Chania",needs_review,"Άγιος Ονούφριος, Chania",Άγιος Ονούφριος,14,0,Άγιος Ονούφριος,1,weak_name_match,35.54885,24.06319
590,Aptera,crete-crete-chania,Crete (Chania),PASS,none,"Aptera, Chania, Crete",verified,"Aptera, Chania, Crete",Aptera,6,35,Aptera,0,,35.51107,23.99383
592,Astropelekitá,crete-crete-chania,Crete (Chania),PASS,none,"Astropelekitá, Chania, Crete",verified,"Astropelekitá, Chania, Crete",Astropelekita Beach,1,35,Astropelekita Beach,0,,35.24006,23.74639
593,Μπάλος,crete-crete-chania,Crete (Chania),PASS,none,"Μπάλος, Chania, Crete",verified,"Μπάλος, Chania, Crete",Μπάλος,86,35,(unnamed),1239,,35.5811,23.58987
594,Chrysi Akti,crete-crete-chania,Crete (Chania),REVIEW,coordinates,"Χρυσή Ακτή, Chania",needs_review,"Χρυσή Ακτή, Chania",Χρυσή Ακτή,117,0,Χρυσή Ακτή,0,weak_name_match,35.51301,23.99024
595,Ελαφονήσι,crete-crete-chania,Crete (Chania),PASS,none,"Elafonisi, Chania",verified,"Elafonisi, Chania",Elafonisi,85,35,Elafonisi,0,,35.26747,23.52815
597,Finikas,crete-crete-chania,Crete (Chania),PASS,none,"Finikas Beach-Παραλία Φοίνικας, Chania",verified,"Finikas Beach-Παραλία Φοίνικας, Chania",Finikas Beach-Παραλία Φοίνικας,5,35,Finikas Beach-Παραλία Φοίνικας,1,,35.19975,24.07244
598,Georgioupoli,crete-crete-chania,Crete (Chania),REVIEW,coordinates,"Γεωργιούπολη, Chania",needs_review,"Γεωργιούπολη, Chania",Γεωργιούπολη,191,0,Γεωργιούπολη,0,weak_name_match,35.357,24.27843
599,Grammeno,crete-crete-chania,Crete (Chania),PASS,none,"Grammeno, Chania, Crete",verified,"Grammeno, Chania, Crete",Gramméno Beach,149,35,Gramméno Beach,0,,35.23332,23.6346
600,Ilingas,crete-crete-chania,Crete (Chania),PASS,none,"Ilingas, Chania, Crete",verified,"Ilingas, Chania, Crete",Ilingas Beach,7,35,Ilingas Beach,1,,35.20222,24.12449
603,Kalyves,crete-crete-chania,Crete (Chania),PASS,none,"Kalyves, Chania, Crete",verified,"Kalyves, Chania, Crete",Kalyves,122,35,Kalyves,0,,35.45251,24.17589
604,Κεδρόδασος,crete-crete-chania,Crete (Chania),PASS,none,"Κεδρόδασος, Chania, Crete",verified,"Κεδρόδασος, Chania, Crete",Κεδρόδασος,5,35,Κεδρόδασος,0,,35.26837,23.5636
605,Kera,crete-crete-chania,Crete (Chania),PASS,none,"Kera, Chania, Crete",verified,"Kera, Chania, Crete",Kera,125,35,Kera,0,,35.44971,24.18687
606,Limnionari,crete-crete-chania,Crete (Chania),PASS,none,"Limnionari, Chania, Crete",verified,"Limnionari, Chania, Crete",Limnionari,4,35,Limnionari,0,,35.6526024,23.7613943
607,Platanakia,crete-crete-chania,Crete (Chania),PASS,none,"Platanakia, Chania, Crete",verified,"Platanakia, Chania, Crete",Platanakia,17,35,Platanakia,0,,35.4134262,23.5545196
608,Stomio beach,crete-crete-chania,Crete (Chania),PASS,none,"Stomio beach, Chania, Crete",verified,"Stomio beach, Chania, Crete",Stomio beach,38,35,Stomio beach,0,,35.3270227,23.548338
609,Tavronitis,crete-crete-chania,Crete (Chania),PASS,none,"Tavronitis, Chania, Crete",verified,"Tavronitis, Chania, Crete",Tavronitis,142,35,Tavronitis,0,,35.5353626,23.8107511
610,Timios Stavros beach,crete-crete-chania,Crete (Chania),PASS,none,"Timios Stavros beach, Chania, Crete",verified,"Timios Stavros beach, Chania, Crete",Timios Stavros beach,5,35,Timios Stavros beach,0,,35.1986577,24.0998101
672,Αγία Μαρίνα,crete-crete-rethymno,Crete (Rethymno),PASS,none,"Αγία Μαρίνα, Rethymno, Crete",verified,"Αγία Μαρίνα, Rethymno, Crete",Αγία Μαρίνα,41,35,Αγία Μαρίνα,0,,35.1794754,24.2915482
673,Άγιος Γεώργιος,crete-crete-rethymno,Crete (Rethymno),PASS,none,"Agios Georgios, Rethymno",verified,"Agios Georgios, Rethymno",Agios Georgios,20,35,Agios Georgios,0,,35.09684,24.65665
674,Αμμόλοφοι Αγίου Παύλου,crete-crete-rethymno,Crete (Rethymno),PASS,none,"Αμμόλοφοι Αγίου Παύλου, Rethymno, Crete",verified,"Αμμόλοφοι Αγίου Παύλου, Rethymno, Crete",Αμμόλοφοι Αγίου Παύλου (Μέλισσα),269,35,Αμμόλοφους,269,,35.1048572,24.5595119
675,Βαρκότοπος,crete-crete-rethymno,Crete (Rethymno),PASS,none,"Varkotopos beach, Rethymno",verified,"Varkotopos beach, Rethymno",Varkotopos beach,14,35,Varkotopos beach,0,,35.41058,24.78279
676,Βλυχί Νερό,crete-crete-rethymno,Crete (Rethymno),REVIEW,coordinates,"Vlihi Nero beach, Rethymno",needs_review,"Vlihi Nero beach, Rethymno",Vlihi Nero beach,17,2,Vlihi Nero beach,0,weak_name_match,35.40621,24.78733
677,Γεροπόταμος,crete-crete-rethymno,Crete (Rethymno),PASS,none,"Γεροπόταμος, Rethymno, Crete",verified,"Γεροπόταμος, Rethymno, Crete",Geropotamos Beach,29,35,Geropotamos Beach,1,,35.41382,24.6453
678,Δαμνόνι,crete-crete-rethymno,Crete (Rethymno),PASS,none,"Δαμνόνι, Rethymno, Crete",verified,"Δαμνόνι, Rethymno, Crete",Δαμνόνι,159,35,Παραλία Δαμνόνι,1,,35.17414,24.41507
680,Καραβοστάσι,crete-crete-rethymno,Crete (Rethymno),PASS,none,"Karavostasi beach, Rethymno",verified,"Karavostasi beach, Rethymno",Karavostasi beach,7,35,Karavostasi beach,0,,35.41704,24.78526
681,Κλήματα,crete-crete-rethymno,Crete (Rethymno),PASS,none,"Κλήματα, Rethymno, Crete",verified,"Κλήματα, Rethymno, Crete",Κλήματα,94,35,Κλήματα,0,,35.1885764,24.3201411
682,Γλίμα,crete-crete-rethymno,Crete (Rethymno),PASS,none,"Κλίμα, Rethymno",verified,"Κλίμα, Rethymno",Κλίμα,18,35,Κλίμα,0,,35.1429602,24.5208538
683,Κόκκινος Βόλακας,crete-crete-rethymno,Crete (Rethymno),PASS,none,"Κόκκινος Βόλακας, Rethymno, Crete",verified,"Κόκκινος Βόλακας, Rethymno, Crete",Κόκκινος Βόλακας,85,35,Κόκκινος Βόλακας,0,,35.1877872,24.3582977
684,Κόρακας,crete-crete-rethymno,Crete (Rethymno),PASS,none,"Κόρακας, Rethymno, Crete",verified,"Κόρακας, Rethymno, Crete",Κόρακας,1,35,Κόρακας,0,,35.1872025,24.3151783
685,Λίγκρες,crete-crete-rethymno,Crete (Rethymno),PASS,none,"Λίγκρες, Rethymno, Crete",verified,"Λίγκρες, Rethymno, Crete",Λίγκρες,62,35,Λίγκρες,25,,35.13328,24.53242
686,Λίμνη,crete-crete-rethymno,Crete (Rethymno),PASS,none,"Limni Beach, Rethymno",verified,"Limni Beach, Rethymno",Limni Beach,24,35,Limni Beach,0,,35.41859,24.68852
687,Μικρή Τριόπετρα,crete-crete-rethymno,Crete (Rethymno),PASS,none,"Μικρή Τριόπετρα, Rethymno, Crete",verified,"Μικρή Τριόπετρα, Rethymno, Crete",Μικρή Τριόπετρα,158,35,Μικρή Τριόπετρα,188,,35.1140551,24.5535025
688,Μικρό Αμμούδι,crete-crete-rethymno,Crete (Rethymno),PASS,none,"Μικρό Αμμούδι, Rethymno, Crete",verified,"Μικρό Αμμούδι, Rethymno, Crete",Μικρό Αμμούδι,6,35,Μικρό Αμμούδι,0,,35.1725,24.41875
689,Παλίγκρεμνος,crete-crete-rethymno,Crete (Rethymno),PASS,none,"Παλίγκρεμνος, Rethymno, Crete",verified,"Παλίγκρεμνος, Rethymno, Crete",Παλίγκρεμνος,47,35,Παλίγκρεμνος,1,,35.18078,24.4004
690,Παραλία Ανατολικά,crete-crete-rethymno,Crete (Rethymno),PASS,none,"Παραλία Ανατολικά, Rethymno, Crete",verified,"Παραλία Ανατολικά, Rethymno, Crete",Παραλία Ανατολικά,48,35,Παραλία Ανατολικά,0,,35.1486963,24.500088
691,Παραλία Γιαλοπόταμα,crete-crete-rethymno,Crete (Rethymno),PASS,none,"Παραλία Γιαλοπόταμα, Rethymno, Crete",verified,"Παραλία Γιαλοπόταμα, Rethymno, Crete",Παραλία Γιαλοπόταμα,25,35,Παραλία Ανατολικά,561,,35.1464389,24.5056107
692,Παραλία Δυνόνησος,crete-crete-rethymno,Crete (Rethymno),PASS,none,"Παραλία Δυνόνησος, Rethymno, Crete",verified,"Παραλία Δυνόνησος, Rethymno, Crete",Παραλία Δυνόνησος,1,35,Παραλία Δυνόνησος,0,,35.1527284,24.4804011
694,Παραλία Κατεβατή,crete-crete-rethymno,Crete (Rethymno),PASS,none,"Παραλία Κατεβατή, Rethymno, Crete",verified,"Παραλία Κατεβατή, Rethymno, Crete",Παραλία Κατεβατή,0,35,Παραλία Κατεβατή,0,,35.4102492,24.8278864
695,Παραλία Κατσούνι,crete-crete-rethymno,Crete (Rethymno),PASS,none,"Παραλία Κατσούνι, Rethymno, Crete",verified,"Παραλία Κατσούνι, Rethymno, Crete",Παραλία Κατσούνι (γυμνιστών),17,35,Παραλία Κατσούνι (γυμνιστών),0,,35.1393441,24.5254491
696,Παραλία Κεφάλα,crete-crete-rethymno,Crete (Rethymno),PASS,none,"Παραλία Κεφάλα, Rethymno, Crete",verified,"Παραλία Κεφάλα, Rethymno, Crete",Παραλία Κεφάλα,8,35,Παραλία Κεφάλα,0,,35.1502194,24.4910212
698,Παχειά Άμμος,crete-crete-rethymno,Crete (Rethymno),PASS,none,"Παχειά Άμμος, Rethymno, Crete",verified,"Παχειά Άμμος, Rethymno, Crete",Παχειά Άμμος,10,35,Παχειά Άμμος,0,,35.1417421,24.5228743
699,Περιστερές,crete-crete-rethymno,Crete (Rethymno),PASS,none,"Περιστερές, Rethymno, Crete",verified,"Περιστερές, Rethymno, Crete",Περιστερές,17,35,Περιστερές,0,,35.182431,24.2992633
700,Πλακιάς,crete-crete-rethymno,Crete (Rethymno),PASS,none,"Πλακιάς, Rethymno, Crete",verified,"Πλακιάς, Rethymno, Crete",Πλακιάς,190,35,Plakias Beach,0,,35.19043,24.39385
701,Ποδαρέ,crete-crete-rethymno,Crete (Rethymno),PASS,none,"Ποδαρέ, Rethymno, Crete",verified,"Ποδαρέ, Rethymno, Crete",Ποδαρέ,40,35,Ποδαρέ,0,,35.1442948,24.5177404
702,Πολύριζος,crete-crete-rethymno,Crete (Rethymno),PASS,none,"Πολύριζος, Rethymno, Crete",verified,"Πολύριζος, Rethymno, Crete",Πολύριζος,34,35,Πολύριζος,0,,35.1856174,24.3053279
703,Πρασονήσι,crete-crete-rethymno,Crete (Rethymno),PASS,none,"Πρασονήσι, Rethymno, Crete",verified,"Πρασονήσι, Rethymno, Crete",Πρασονήσι,15,35,Πρασονήσι,0,,35.0988972,24.5957597
704,Πρέβελη,crete-crete-rethymno,Crete (Rethymno),PASS,none,"Πρέβελη, Rethymno, Crete",verified,"Πρέβελη, Rethymno, Crete",Παραλία Πρέβελη,6,35,Παραλία Δυνόνησος,595,,35.15248,24.47386
705,Σκίνος,crete-crete-rethymno,Crete (Rethymno),PASS,none,"Σκίνος, Rethymno, Crete",verified,"Σκίνος, Rethymno, Crete",Σκίνος,37,35,Σκίνος,0,,35.1920804,24.3897337
707,Σπήλιες,crete-crete-rethymno,Crete (Rethymno),PASS,none,"Spilies Beach, Rethymno",verified,"Spilies Beach, Rethymno",Spilies Beach,6,35,Spilies Beach,1,,35.41032,24.63827
708,Σταυρί,crete-crete-rethymno,Crete (Rethymno),PASS,none,"Σταυρί, Rethymno, Crete",verified,"Σταυρί, Rethymno, Crete",Σταυρί,6,35,Σταυρί,0,,35.1842944,24.354092
709,Σχοινάρια,crete-crete-rethymno,Crete (Rethymno),PASS,none,"Σχοινάρια, Rethymno, Crete",verified,"Σχοινάρια, Rethymno, Crete",Σχοινάρια,8,35,Σχοινάρια,0,,35.16616,24.42182
710,Τριόπετρα,crete-crete-rethymno,Crete (Rethymno),PASS,none,"Τριόπετρα, Rethymno, Crete",verified,"Τριόπετρα, Rethymno, Crete",Τριόπετρα,123,35,Τριόπετρα,0,,35.12102,24.54396
711,Φοινικίδια,crete-crete-rethymno,Crete (Rethymno),PASS,none,"Φοινικίδια, Rethymno, Crete",verified,"Φοινικίδια, Rethymno, Crete",Φοινικίδια,76,35,Φοινικίδια,0,,35.1027145,24.5639585
712,Φωτεινάρι,crete-crete-rethymno,Crete (Rethymno),PASS,none,"Φωτεινάρι, Rethymno, Crete",verified,"Φωτεινάρι, Rethymno, Crete",Φωτεινάρι,6,35,Φωτεινάρι,0,,35.1921741,24.3727709
713,Χόχλακας,crete-crete-rethymno,Crete (Rethymno),PASS,none,"Χόχλακας, Rethymno, Crete",verified,"Χόχλακας, Rethymno, Crete",Χόχλακας,34,35,Χόχλακας,0,,35.1891641,24.3265467
714,Livadi beach,crete-crete-rethymno,Crete (Rethymno),PASS,none,"Livadi beach, Rethymno, Crete",verified,"Livadi beach, Rethymno, Crete",Livadi beach,55,35,Livadi beach,0,,35.4075635,24.7850994
715,Thalassi beach,crete-crete-rethymno,Crete (Rethymno),PASS,none,"Thalassi beach, Rethymno, Crete",verified,"Thalassi beach, Rethymno, Crete",Thalassi beach,5,35,Thalassi beach,0,,35.3792849,24.5650447
3011,Ροδάκινο,crete-crete-rethymno,Crete (Rethymno),REVIEW,coordinates,"Κόρακας, Rethymno",needs_review,"Ροδάκινο, Crete (Rethymno)",Rodakino Βay,272,35,Κόρακας,0,,35.1872025,24.3151783
3019,Αγία Γαλήνη,crete-crete-rethymno,Crete (Rethymno),PASS,none,"Αγία Γαλήνη, Rethymno, Crete",verified,"Αγία Γαλήνη, Rethymno, Crete",Αγία Γαλήνη,0,35,(unnamed),377,,35.0971451,24.6884851
620,Afrathia,crete-crete-heraklion,Crete (Heraklion),PASS,none,"Afrathia, Heraklion, Crete",verified,"Afrathia, Heraklion, Crete",Afrathia,26,35,Afrathia,0,,35.04395,24.75571
621,Αγιοφάραγγο,crete-crete-heraklion,Crete (Heraklion),PASS,none,"Αγιοφάραγγο, Heraklion, Crete",verified,"Αγιοφάραγγο, Heraklion, Crete",Αγιοφάραγγο,5,35,Αγιοφάραγγο,0,,34.92551,24.77828
622,Φόδελε,crete-crete-heraklion,Crete (Heraklion),PASS,none,"Παραλία Φόδελε, Heraklion",verified,"Παραλία Φόδελε, Heraklion",Παραλία Φόδελε,40,35,Παραλία Φόδελε,0,,35.40233,24.95523
623,Καραβόβρυση,crete-crete-heraklion,Crete (Heraklion),PASS,none,"Καραβόβρυση, Heraklion, Crete",verified,"Καραβόβρυση, Heraklion, Crete",Καραβόβρυση,28,35,Καραβόβρυση,0,,34.93796,24.81594
624,Κόκκινη Άμμος,crete-crete-heraklion,Crete (Heraklion),PASS,none,"Κόκκινη Άμμος, Heraklion, Crete",verified,"Κόκκινη Άμμος, Heraklion, Crete",Κόκκινη Άμμος,2,35,Κόκκινη Άμμος,0,,34.98606,24.74938
625,Κομμός,crete-crete-heraklion,Crete (Heraklion),PASS,none,"Κομμός, Heraklion, Crete",verified,"Κομμός, Heraklion, Crete",Παραλία Κομμός,40,35,Παραλία Κομμός,1,,35.0149,24.75978
626,Μάταλα,crete-crete-heraklion,Crete (Heraklion),PASS,none,"Μάταλα, Heraklion, Crete",verified,"Μάταλα, Heraklion, Crete",Μάταλα,149,35,Παραλία Μάταλα,0,,34.99387,24.74922
627,Μάρτσαλο,crete-crete-heraklion,Crete (Heraklion),PASS,none,"Μάρτσαλο, Heraklion, Crete",verified,"Μάρτσαλο, Heraklion, Crete",Μάρτσαλο,29,35,Μάρτσαλο,4,,34.93,24.77035
628,Πόρος,crete-crete-heraklion,Crete (Heraklion),PASS,none,"Πόρος, Heraklion, Crete",verified,"Πόρος, Heraklion, Crete",Πόρος,35,35,Πόρος,0,,34.925,24.75237
629,Ψιλή Άμμος,crete-crete-heraklion,Crete (Heraklion),PASS,none,"Ψιλή Άμμος, Heraklion, Crete",verified,"Ψιλή Άμμος, Heraklion, Crete",Ψιλή Άμμος,105,35,Ψιλή Άμμος,1,,34.93823,24.86089
630,Τραφουλάς,crete-crete-heraklion,Crete (Heraklion),PASS,none,"Τραφουλάς, Heraklion, Crete",verified,"Τραφουλάς, Heraklion, Crete",Τραφουλάς,128,35,Τραφουλάς,0,,34.92637,24.96048
631,Τρυπητή,crete-crete-heraklion,Crete (Heraklion),PASS,none,"Τρυπητή, Heraklion, Crete",verified,"Τρυπητή, Heraklion, Crete",Τρυπητή,103,35,Τρυπητή,0,,34.93435,24.98292
632,Βαθύ,crete-crete-heraklion,Crete (Heraklion),PASS,none,"Βαθύ, Heraklion, Crete",verified,"Βαθύ, Heraklion, Crete",Βαθύ,0,35,Βαθύ,1,,34.95208,24.75473
635,Αγία Πελαγία,crete-crete-heraklion,Crete (Heraklion),PASS,none,"Παραλία Αγία Πελαγία, Heraklion",verified,"Παραλία Αγία Πελαγία, Heraklion",Παραλία Αγία Πελαγία,40,35,Παραλία Αγία Πελαγία,0,,35.4061962,25.0186883
636,Λυγαριά,crete-crete-heraklion,Crete (Heraklion),PASS,none,"Λυγαριά, Heraklion, Crete",verified,"Λυγαριά, Heraklion, Crete",Λυγαριά,117,35,Παραλία Λυγαριά,0,,35.3993205,25.0272401
637,Μονοναύτης,crete-crete-heraklion,Crete (Heraklion),PASS,none,"Παραλία Μονοναύτης, Heraklion",verified,"Παραλία Μονοναύτης, Heraklion",Παραλία Μονοναύτης,2,35,Παραλία Μονοναύτης,0,,35.4163394,25.0187522
638,Ψαρομούρα,crete-crete-heraklion,Crete (Heraklion),PASS,none,"Ψαρομούρα, Heraklion, Crete",verified,"Ψαρομούρα, Heraklion, Crete",Psaromoura beach,5,35,Psaromoura beach,0,,35.4129901,25.0178675
639,Μάδε,crete-crete-heraklion,Crete (Heraklion),PASS,none,"Μάδε, Heraklion, Crete",verified,"Μάδε, Heraklion, Crete",Μαδέ,39,35,Made,0,,35.4000835,25.034101
640,Παλαιόκαστρο,crete-crete-heraklion,Crete (Heraklion),PASS,none,"Παλαιόκαστρο, Heraklion, Crete",verified,"Παλαιόκαστρο, Heraklion, Crete",Παλαιόκαστρο,155,35,Palaiokastro Beach,0,,35.3662056,25.0388557
645,Σταλίδα,crete-crete-heraklion,Crete (Heraklion),PASS,none,"Σταλίδα, Heraklion, Crete",verified,"Σταλίδα, Heraklion, Crete",Σταλίδα,59,35,(unnamed),0,,35.2940054,25.4300889
646,Μάλια,crete-crete-heraklion,Crete (Heraklion),PASS,none,"Nisos Beach, Heraklion",verified,"Nisos Beach, Heraklion",Nisos Beach,146,35,Nisos Beach,0,,35.2937247,25.462638
647,Ποταμός Μαλίας,crete-crete-heraklion,Crete (Heraklion),PASS,none,"Potamos municipal beach, Heraklion",verified,"Potamos municipal beach, Heraklion",Potamos municipal beach,20,35,Potamos municipal beach,0,,35.2962023,25.4863639
648,Παραλία Κρασά,crete-crete-heraklion,Crete (Heraklion),PASS,none,"Παραλία Κρασά, Heraklion, Crete",verified,"Παραλία Κρασά, Heraklion, Crete",Παραλία Κρασά,0,35,Παραλία Κρασά,0,,34.9833288,25.3085704
649,Καταλυκή,crete-crete-heraklion,Crete (Heraklion),PASS,none,"Katalyki, Heraklion",verified,"Katalyki, Heraklion",Katalyki,41,35,Katalyki,0,,35.0792591,24.7417341
650,Ληστής,crete-crete-heraklion,Crete (Heraklion),PASS,none,"Ληστής, Heraklion, Crete",verified,"Ληστής, Heraklion, Crete",Ληστής,291,35,Ληστής,276,,34.9897041,25.3510676
652,Κουδουμάς,crete-crete-heraklion,Crete (Heraklion),PASS,none,"Κουδουμάς, Heraklion, Crete",verified,"Κουδουμάς, Heraklion, Crete",Κουδουμάς,17,35,Κουδουμάς,0,,34.9377956,25.0859135
653,Αλιόρι,crete-crete-heraklion,Crete (Heraklion),PASS,none,"Αλιόρι, Heraklion, Crete",verified,"Αλιόρι, Heraklion, Crete",Αλιόρι,159,35,Αλιόρι,0,,34.9857347,25.2968465
656,Κόκκινες Πλάκες,crete-crete-heraklion,Crete (Heraklion),PASS,none,"Κόκκινες Πλάκες, Heraklion, Crete",verified,"Κόκκινες Πλάκες, Heraklion, Crete",Κόκκινες Πλάκες,33,35,Κόκκινες Πλάκες,0,,34.9409256,24.8407672
657,Μάχα,crete-crete-heraklion,Crete (Heraklion),PASS,none,"Μάχα, Heraklion, Crete",verified,"Μάχα, Heraklion, Crete",Μάχα,3,35,Μάχα,0,,34.9405452,24.8359126
658,Λεπριάς,crete-crete-heraklion,Crete (Heraklion),PASS,none,"Λεπριάς, Heraklion, Crete",verified,"Λεπριάς, Heraklion, Crete",Λεπριάς,3,35,Λεπριάς,0,,34.9332754,25.0018281
659,Κατάρτι,crete-crete-heraklion,Crete (Heraklion),PASS,none,"Κατάρτι, Heraklion, Crete",verified,"Κατάρτι, Heraklion, Crete",Κατάρτι,2,35,Κατάρτι,0,,34.9326287,25.0066827
660,Ελυγιά,crete-crete-heraklion,Crete (Heraklion),PASS,none,"Ελυγιά, Heraklion, Crete",verified,"Ελυγιά, Heraklion, Crete",Ελυγιά,44,35,Ελυγιά,0,,34.941803,25.0568971
661,Σκούρος,crete-crete-heraklion,Crete (Heraklion),PASS,none,"Σκούρος, Heraklion, Crete",verified,"Σκούρος, Heraklion, Crete",Σκούρος,70,35,Σκούρος,0,,34.9958807,25.366036
662,Στενά,crete-crete-heraklion,Crete (Heraklion),PASS,none,"Στενά, Heraklion, Crete",verified,"Στενά, Heraklion, Crete",Στενά,3,35,Στενά,0,,34.9269291,24.7983051
663,Μαριδάκι,crete-crete-heraklion,Crete (Heraklion),PASS,none,"Μαριδάκι, Heraklion, Crete",verified,"Μαριδάκι, Heraklion, Crete",Μαριδάκι,35,35,Μαριδάκι,0,,34.9768988,25.2744031
664,Γλυκός Κόλυμπος,crete-crete-heraklion,Crete (Heraklion),PASS,none,"Γλυκός Κόλυμπος, Heraklion, Crete",verified,"Γλυκός Κόλυμπος, Heraklion, Crete",Γλυκός Κόλυμπος,14,35,Γλυκός Κόλυμπος,0,,34.9481984,25.1203517
665,Σαλαμίας,crete-crete-heraklion,Crete (Heraklion),PASS,none,"Σαλαμίας, Heraklion, Crete",verified,"Σαλαμίας, Heraklion, Crete",Σαλαμίας,16,35,Σαλαμίας,0,,34.9363795,25.0226084
666,Άγιος Νικήτας,crete-crete-heraklion,Crete (Heraklion),PASS,none,"Άγιος Νικήτας, Heraklion, Crete",verified,"Άγιος Νικήτας, Heraklion, Crete",Άγιος Νικήτας,3,35,Άγιος Νικήτας,0,,34.9641197,25.2550482
667,Μακριά Άμμος,crete-crete-heraklion,Crete (Heraklion),PASS,none,"Μακριά Άμμος, Heraklion, Crete",verified,"Μακριά Άμμος, Heraklion, Crete",Μακριά Άμμος,142,35,Μακριά Άμμος,0,,34.9350512,24.8086639
668,Χρυσόστομος,crete-crete-heraklion,Crete (Heraklion),PASS,none,"Χρυσόστομος, Heraklion, Crete",verified,"Χρυσόστομος, Heraklion, Crete",Χρυσόστομος,126,35,Χρυσόστομος,0,,34.9391142,24.827218
669,Pantanassa,crete-crete-heraklion,Crete (Heraklion),PASS,none,"Pantanassa, Heraklion, Crete",verified,"Pantanassa, Heraklion, Crete",Pantanassa,9,35,Pantanassa,0,,35.3558683,25.041439
670,Σαραντάρι,crete-crete-heraklion,Crete (Heraklion),PASS,none,"Σαραντάρι, Heraklion, Crete",verified,"Σαραντάρι, Heraklion, Crete",Σαραντάρι,143,35,Saradari Nude Beach,147,,35.3324492,25.3850435
671,Ψιλή Άμμος Καλών Λιμένων,crete-crete-heraklion,Crete (Heraklion),PASS,none,"Ψιλή Άμμος, Heraklion",verified,"Ψιλή Άμμος, Heraklion",Ψιλή Άμμος,6,35,Ψιλή Άμμος,0,,34.9296228,24.8003267
716,Αγία Φωτιά,crete-crete-lasithi,Crete (Lasithi),PASS,none,"Αγία Φωτιά, Lasithi, Crete",verified,"Αγία Φωτιά, Lasithi, Crete",Αγία Φωτιά,62,35,Αγία Φωτιά,0,,35.02192,25.87635
717,Άγιος Παντελεήμονας,crete-crete-lasithi,Crete (Lasithi),PASS,none,"Άγιος Παντελεήμονας, Lasithi, Crete",verified,"Άγιος Παντελεήμονας, Lasithi, Crete",Αγιος Παντελεήμονας,92,35,Αγιος Παντελεήμονας,0,,35.12705,25.73343
718,Αθερίνα,crete-crete-lasithi,Crete (Lasithi),PASS,none,"Αθερίνα, Lasithi, Crete",verified,"Αθερίνα, Lasithi, Crete",Atherina beach,1,35,Atherina beach,0,,35.02103,26.07169
719,Αλατσολίμνη,crete-crete-lasithi,Crete (Lasithi),PASS,none,"Αλατσολίμνη, Lasithi, Crete",verified,"Αλατσολίμνη, Lasithi, Crete",Αλατσολίμνη,135,35,Alatsolimni beach,0,,35.04872,26.23894
720,Αλμυρός,crete-crete-lasithi,Crete (Lasithi),PASS,none,"Αλμυρός, Lasithi, Crete",verified,"Αλμυρός, Lasithi, Crete",Αλμυρός,12,35,Αλμυρός,0,,35.17674,25.70949
721,Άμμος Αγίου Νικολάου,crete-crete-lasithi,Crete (Lasithi),PASS,none,"Άμμος, Lasithi",verified,"Άμμος, Lasithi",Άμμος,6,35,Άμμος,0,,35.18701,25.71581
722,Άμμος Ξερόκαμπου,crete-crete-lasithi,Crete (Lasithi),REVIEW,coordinates,"Amatos beach, Lasithi",needs_review,"Amatos beach, Lasithi",Amatos beach,11,0,Amatos beach,0,weak_name_match,35.0283,26.20897
723,Αμμούδι,crete-crete-lasithi,Crete (Lasithi),PASS,none,"Αμμούδι, Lasithi, Crete",verified,"Αμμούδι, Lasithi, Crete",Αμμούδι,6,35,(unnamed),227,,35.19812,25.71273
724,Ανασκελού,crete-crete-lasithi,Crete (Lasithi),PASS,none,"Ανασκελού, Lasithi, Crete",verified,"Ανασκελού, Lasithi, Crete",Ανασκελού,16,35,Ανασκελού,0,,35.01941,26.03416
725,Άργιλος,crete-crete-lasithi,Crete (Lasithi),PASS,none,"Άργιλος, Lasithi, Crete",verified,"Άργιλος, Lasithi, Crete",Άργιλος,17,35,Άργιλος,1,,35.03865,26.23165
726,Άσπες,crete-crete-lasithi,Crete (Lasithi),PASS,none,"Άσπες, Lasithi, Crete",verified,"Άσπες, Lasithi, Crete",Άσπες,14,35,Άσπες,0,,35.32018,25.57265
727,Αυλάκι,crete-crete-lasithi,Crete (Lasithi),PASS,none,"Avlaki, Lasithi",verified,"Avlaki, Lasithi",Avlaki,1,35,Avlaki,0,,35.30947,25.52903
728,Βαγί,crete-crete-lasithi,Crete (Lasithi),PASS,none,"Βαγί, Lasithi, Crete",verified,"Βαγί, Lasithi, Crete",Βαγί,13,35,Βαγί,0,,35.25769,25.75479
730,Βάι,crete-crete-lasithi,Crete (Lasithi),PASS,none,"Βάι, Lasithi, Crete",verified,"Βάι, Lasithi, Crete",Παραλία του Βάι,24,35,Παραλία του Βάι,0,,35.25459,26.26516
731,Βλυχάδα Ξερόκαμπου,crete-crete-lasithi,Crete (Lasithi),REVIEW,coordinates,"Vlyhada beach, Lasithi",needs_review,"Vlyhada beach, Lasithi",Vlyhada beach,74,0,Vlyhada beach,0,weak_name_match,35.01508,26.15777
732,Βόλια,crete-crete-lasithi,Crete (Lasithi),PASS,none,"Βόλια, Lasithi, Crete",verified,"Βόλια, Lasithi, Crete",Βόλια,20,35,Βόλια,1,,35.31974,25.56737
733,Βούλισμα,crete-crete-lasithi,Crete (Lasithi),PASS,none,"Βούλισμα, Lasithi, Crete",verified,"Βούλισμα, Lasithi, Crete",Βούλισμα,111,35,Βούλισμα,1,,35.1256,25.74491
734,Βουρλιά,crete-crete-lasithi,Crete (Lasithi),PASS,none,"Βουρλιά, Lasithi, Crete",verified,"Βουρλιά, Lasithi, Crete",Παραλία Βουρλιά,22,35,Παραλία Βουρλιά,0,,35.04097,26.23329
736,Γεροντόλακκος,crete-crete-lasithi,Crete (Lasithi),PASS,none,"Γεροντόλακκος, Lasithi, Crete",verified,"Γεροντόλακκος, Lasithi, Crete",Γεροντόλακκος,4,35,Γεροντόλακκος,0,,35.03774,26.23084
737,Διανισκάρι,crete-crete-lasithi,Crete (Lasithi),PASS,none,"Διανισκάρι, Lasithi, Crete",verified,"Διανισκάρι, Lasithi, Crete",Διανισκάρι,1,35,Διανισκάρι,0,,35.25755,25.73992
738,Διασκάρι,crete-crete-lasithi,Crete (Lasithi),PASS,none,"Διασκάρι, Lasithi, Crete",verified,"Διασκάρι, Lasithi, Crete",Παραλία Διασκάρι,45,35,Παραλία Διασκάρι,0,,35.03278,25.994
739,Θόλος,crete-crete-lasithi,Crete (Lasithi),PASS,none,"Θόλος, Lasithi, Crete",verified,"Θόλος, Lasithi, Crete",Θόλος,124,35,Tholos Beach,0,,35.15223,25.86245
740,Ίτανος,crete-crete-lasithi,Crete (Lasithi),PASS,none,"Ίτανος, Lasithi, Crete",verified,"Ίτανος, Lasithi, Crete",Itanos Beach,7,35,Itanos Beach,0,,35.26635,26.26316
741,Κάκκος,crete-crete-lasithi,Crete (Lasithi),PASS,none,"Κάκκος, Lasithi, Crete",verified,"Κάκκος, Lasithi, Crete",Kakkos,22,35,Kakkos,0,,35.0111,25.83998
742,Καλάμι,crete-crete-lasithi,Crete (Lasithi),PASS,none,"Καλάμι, Lasithi, Crete",verified,"Καλάμι, Lasithi, Crete",Kalami beach,0,35,Kalami beach,1,,35.02238,26.0686
743,Καραβοστάσι,crete-crete-lasithi,Crete (Lasithi),PASS,none,"Καραβοστάσι, Lasithi, Crete",verified,"Καραβοστάσι, Lasithi, Crete",Καραβοστάσι,88,35,Καραβοστάσι,0,,35.13011,25.72737
744,Καρούμες,crete-crete-lasithi,Crete (Lasithi),PASS,none,"Καρούμες, Lasithi, Crete",verified,"Καρούμες, Lasithi, Crete",Καρούμες,31,35,Καρούμες,0,,35.14625,26.27661
746,Κιτροπλατεία,crete-crete-lasithi,Crete (Lasithi),PASS,none,"Κιτροπλατεία, Lasithi, Crete",verified,"Κιτροπλατεία, Lasithi, Crete",Κιτροπλατεία,18,35,Κιτροπλατεία,0,,35.18904,25.72115
747,Κολοκύθα,crete-crete-lasithi,Crete (Lasithi),PASS,none,"Κολοκύθα, Lasithi, Crete",verified,"Κολοκύθα, Lasithi, Crete",Κολοκύθα,8,35,Κολοκύθα,0,,35.25988,25.75177
748,Κουρεμένος,crete-crete-lasithi,Crete (Lasithi),PASS,none,"Kouremenos Beach, Lasithi",verified,"Kouremenos Beach, Lasithi",Kouremenos Beach,153,35,Kouremenos Beach,0,,35.20581,26.2723
750,Λαγκάδα,crete-crete-lasithi,Crete (Lasithi),PASS,none,"Paralia Lagada, Lasithi",verified,"Paralia Lagada, Lasithi",Paralia Lagada,48,35,Paralia Lagada,0,,35.02815,25.99931
751,Λιβάρι,crete-crete-lasithi,Crete (Lasithi),PASS,none,"Livari beach, Lasithi",verified,"Livari beach, Lasithi",Livari beach,13,35,Livari beach,1,,35.0118,26.15476
752,Μαζιδά Άμμος,crete-crete-lasithi,Crete (Lasithi),PASS,none,"Μαζιδά Άμμος, Lasithi, Crete",verified,"Μαζιδά Άμμος, Lasithi, Crete",Παραλία Μαζιδά Άμμος,89,35,Παραλία Μαζιδά Άμμος,1,,35.03625,26.22066
753,Μαριδάτη,crete-crete-lasithi,Crete (Lasithi),PASS,none,"Μαριδάτη, Lasithi, Crete",verified,"Μαριδάτη, Lasithi, Crete",Μαριδάτη,24,35,Μαριδάτη,1,,35.22158,26.27354
754,Μονή Καψά,crete-crete-lasithi,Crete (Lasithi),PASS,none,"Μονή Καψά, Lasithi, Crete",verified,"Μονή Καψά, Lasithi, Crete",Μονή Καψά,147,35,Moni Kapsa Beach,0,,35.01933,26.0517
755,Μπάλος Ελούντας,crete-crete-lasithi,Crete (Lasithi),PASS,none,"Μπάλος, Lasithi",verified,"Μπάλος, Lasithi",Μπάλος,3,35,Μπάλος,0,,35.31964,25.57102
757,Μποτζαλάκι,crete-crete-lasithi,Crete (Lasithi),PASS,none,"Μποτζαλάκι, Lasithi, Crete",verified,"Μποτζαλάκι, Lasithi, Crete",Botzalaki beach,42,35,Botzalaki beach,1,,35.01776,26.08734
758,Μπούφος,crete-crete-lasithi,Crete (Lasithi),PASS,none,"Μπούφος, Lasithi, Crete",verified,"Μπούφος, Lasithi, Crete",Boufos,2,35,Boufos,1,,35.30877,25.52734
759,Παραλία Βλυχάδια,crete-crete-lasithi,Crete (Lasithi),PASS,none,"Παραλία Βλυχάδια, Lasithi, Crete",verified,"Παραλία Βλυχάδια, Lasithi, Crete",Παραλία Βλυχάδια,1,35,Παραλία Βλυχάδια,0,,35.33654,25.69524
761,Παραλία της Γριάς το Πήδημα,crete-crete-lasithi,Crete (Lasithi),PASS,none,"Παραλία της Γριάς το Πήδημα, Lasithi, Crete",verified,"Παραλία της Γριάς το Πήδημα, Lasithi, Crete",Παραλία της γριάς το πήδημα,36,35,Παραλία της γριάς το πήδημα,0,,35.0283,25.8982
762,Πελεκητή,crete-crete-lasithi,Crete (Lasithi),PASS,none,"Πελεκητή, Lasithi, Crete",verified,"Πελεκητή, Lasithi, Crete",Πελεκητή,3,35,Πελεκητή,0,,35.2925177,25.7473654
763,Πλάκα,crete-crete-lasithi,Crete (Lasithi),PASS,none,"Πλάκα, Lasithi, Crete",verified,"Πλάκα, Lasithi, Crete",Πλάκα,0,35,Πλάκα,0,,35.31974,25.56567
764,Πλάκα Ελούντας,crete-crete-lasithi,Crete (Lasithi),PASS,none,"Plaka, Lasithi",verified,"Plaka, Lasithi",Plaka,9,35,Plaka,0,,35.30191,25.72691
765,Ποταμός Ξερόκαμπου,crete-crete-lasithi,Crete (Lasithi),PASS,none,"Paralia Potamos, Lasithi",verified,"Paralia Potamos, Lasithi",Paralia Potamos,30,35,Paralia Potamos,0,,35.05392,26.24322
766,Σκινιάς,crete-crete-lasithi,Crete (Lasithi),PASS,none,"Skinias Beach, Lasithi",verified,"Skinias Beach, Lasithi",Skinias Beach,1,35,Skinias Beach,0,,35.16928,26.28138
767,Σχίσμα,crete-crete-lasithi,Crete (Lasithi),PASS,none,"Σχίσμα, Lasithi, Crete",verified,"Σχίσμα, Lasithi, Crete",Σχίσμα,31,35,Σχίσμα,0,,35.26429,25.72247
768,Χαβάνια,crete-crete-lasithi,Crete (Lasithi),PASS,none,"Χαβάνια, Lasithi, Crete",verified,"Χαβάνια, Lasithi, Crete",Χαβάνια,10,35,Mirabello,339,,35.21347,25.71245
769,Χιόνα Ξερόκαμπου,crete-crete-lasithi,Crete (Lasithi),PASS,none,"Χιόνα, Lasithi",verified,"Χιόνα, Lasithi",Χιόνα,12,35,Χιόνα,0,,35.03926,26.23225
770,Χιόνα Παλαίκαστρου,crete-crete-lasithi,Crete (Lasithi),PASS,none,"Χιόνα Παλαίκαστρου, Lasithi, Crete",verified,"Χιόνα Παλαίκαστρου, Lasithi, Crete",Chiona Beach,45,35,Chiona Beach,0,,35.19776,26.27745
771,Ψιλή Άμμος Βάι,crete-crete-lasithi,Crete (Lasithi),PASS,none,"Ψιλή Άμμος, Lasithi",verified,"Ψιλή Άμμος, Lasithi",Ψιλή Άμμος,6,35,Ψιλή Άμμος,0,,35.25142,26.26717
773,Palm Bay Beach,crete-crete-lasithi,Crete (Lasithi),PASS,none,"Palm Bay Beach, Lasithi, Crete",verified,"Palm Bay Beach, Lasithi, Crete",Palm Bay Beach,6,35,Palm Bay Beach,0,,35.30868,25.51803
774,Trachilias Beach,crete-crete-lasithi,Crete (Lasithi),PASS,none,"Trachilias Beach, Lasithi, Crete",verified,"Trachilias Beach, Lasithi, Crete",Trachilias Beach,0,35,Trachilias Beach,0,,35.2212064,26.0672501
927,Acquasanta Beach,ionian-islands-corfu,Corfu,PASS,none,"Acquasanta Beach, Corfu",verified,"Acquasanta Beach, Corfu",Acquasanta Beach,67,35,Acquasanta Beach,1,,39.79478,19.75939
928,Agias Triades Beach,ionian-islands-corfu,Corfu,PASS,none,"Agias Triades Beach, Corfu",verified,"Agias Triades Beach, Corfu",Agias Triades Beach,27,35,Agias Triades Beach,0,,39.67332,19.715
929,Agni Beach,ionian-islands-corfu,Corfu,PASS,none,"Agni Beach, Corfu",verified,"Agni Beach, Corfu",Agni Beach,14,35,Agni Beach,1,,39.7363,19.92954
932,Benitses beach,ionian-islands-corfu,Corfu,PASS,none,"Benitses beach, Corfu",verified,"Benitses beach, Corfu",Benitses beach,45,35,Benitses beach,56,,39.54311,19.91464
933,Black Rocks Beach,ionian-islands-corfu,Corfu,PASS,none,"Black Rocks Beach, Corfu",verified,"Black Rocks Beach, Corfu",Black Rocks Beach,7,35,Black Rocks Beach,0,,39.55162,19.84654
935,Dafnila Beach,ionian-islands-corfu,Corfu,PASS,none,"Dafnila Beach, Corfu",verified,"Dafnila Beach, Corfu",Dafnila Beach,8,35,Dafnila Beach,0,,39.67134,19.84946
937,Galiskari Beach,ionian-islands-corfu,Corfu,PASS,none,"Galiskari Beach, Corfu",verified,"Galiskari Beach, Corfu",Galiskari Beach,28,35,Galiskari Beach,0,,39.739,19.93171
938,Glyfa Beach,ionian-islands-corfu,Corfu,PASS,none,"Glyfa Beach, Corfu",verified,"Glyfa Beach, Corfu",Glyfa Beach,12,35,Glyfa Beach,0,,39.72351,19.88401
939,Imerolia Beach,ionian-islands-corfu,Corfu,PASS,none,"Imerolia Beach, Corfu",verified,"Imerolia Beach, Corfu",Imerolia Beach,97,35,Imerolia Beach,1,,39.78815,19.91165
941,Kalamionas Beach,ionian-islands-corfu,Corfu,PASS,none,"Kalamionas Beach, Corfu",verified,"Kalamionas Beach, Corfu",Kalamionas Beach,14,35,Kalamionas Beach,0,,39.78875,19.91813
942,Kaminaki Beach,ionian-islands-corfu,Corfu,PASS,none,"Kaminaki Beach, Corfu",verified,"Kaminaki Beach, Corfu",Kaminaki Beach,12,35,Kaminaki Beach,0,,39.72841,19.91424
943,Kanoni Beach,ionian-islands-corfu,Corfu,PASS,none,"Kanoni Beach, Corfu",verified,"Kanoni Beach, Corfu",Kanoni Beach,16,35,Kanoni Beach,0,,39.7937,19.92046
944,Karavi Beach,ionian-islands-corfu,Corfu,PASS,none,"Karavi Beach, Corfu",verified,"Karavi Beach, Corfu",Karavi Beach,5,35,Karavi Beach,0,,39.78963,19.92553
946,Maltas beach,ionian-islands-corfu,Corfu,PASS,none,"Maltas beach, Corfu",verified,"Maltas beach, Corfu",Maltas beach,0,35,Maltas beach,0,,39.40807,19.99314
949,Nissaki Beach,ionian-islands-corfu,Corfu,PASS,none,"Nissaki Beach, Corfu",verified,"Nissaki Beach, Corfu",Nissaki Beach,4,35,Nissaki Beach,0,,39.724,19.89703
950,Paramonas,ionian-islands-corfu,Corfu,PASS,none,"Paramonas, Corfu",verified,"Paramonas, Corfu",Paramonas,25,35,Paramonas,0,,39.50223,19.85281
951,Robolla Beach,ionian-islands-corfu,Corfu,PASS,none,"Robolla Beach, Corfu",verified,"Robolla Beach, Corfu",Robolla Beach,5,35,Robolla Beach,0,,39.79569,19.78158
952,Santa Barbara beach,ionian-islands-corfu,Corfu,PASS,none,"Santa Barbara beach, Corfu",verified,"Santa Barbara beach, Corfu",Santa Barbara beach,32,35,Santa Barbara beach,1,,39.4113,19.98812
953,skalia beach,ionian-islands-corfu,Corfu,PASS,none,"skalia beach, Corfu",verified,"skalia beach, Corfu",skalia beach,32,35,skalia beach,0,,39.38391,20.04768
954,Άγιος Στέφανος,ionian-islands-corfu,Corfu,PASS,none,"Άγιος Στέφανος, Corfu",verified,"Άγιος Στέφανος, Corfu",Άγιος Στέφανος,170,35,Άγιος Στέφανος,0,,39.7581,19.64273
956,Αγία Αικατερίνη,ionian-islands-corfu,Corfu,PASS,none,"Αγία Αικατερίνη, Corfu",verified,"Αγία Αικατερίνη, Corfu",Αγία Αικατερίνη,27,35,Αγία Αικατερίνη,0,,39.63714,19.8749
958,Αποτρυπητή,ionian-islands-corfu,Corfu,PASS,none,"Αποτρυπητή, Corfu",verified,"Αποτρυπητή, Corfu",Αποτρυπητή,21,35,Αποτρυπητή,0,,39.79659,19.6951
960,Αστρακερή,ionian-islands-corfu,Corfu,PASS,none,"Αστρακερή, Corfu",verified,"Αστρακερή, Corfu",Αστρακερή,11,35,Αστρακερή,0,,39.79641,19.75524
961,Ηλιόδωρος,ionian-islands-corfu,Corfu,PASS,none,"Ηλιόδωρος, Corfu",verified,"Ηλιόδωρος, Corfu",Ηλιόδωρος,8,35,Ηλιόδωρος,0,,39.65603,19.7239
962,Κάβος,ionian-islands-corfu,Corfu,PASS,none,"Κάβος, Corfu",verified,"Κάβος, Corfu",Κάβος,26,35,Κάβος,1,,39.3826,20.11922
965,Κανάλι του Έρωτα,ionian-islands-corfu,Corfu,PASS,none,"Κανάλι του Έρωτα, Corfu",verified,"Κανάλι του Έρωτα, Corfu",Κανάλι του Έρωτα,9,35,Κανάλι του Έρωτα,1,,39.79706,19.69821
966,Κανόνι,ionian-islands-corfu,Corfu,PASS,none,"Κανόνι, Corfu",verified,"Κανόνι, Corfu",Κανόνι,14,35,Κανόνι,0,,39.59129,19.91952
967,Καρδάκι,ionian-islands-corfu,Corfu,PASS,none,"Καρδάκι, Corfu",verified,"Καρδάκι, Corfu",Καρδάκι,14,35,Καρδάκι,0,,39.6032,19.92679
968,Κοντογιαλός,ionian-islands-corfu,Corfu,PASS,none,"Κοντογιαλός, Corfu",verified,"Κοντογιαλός, Corfu",Κοντογιαλός,104,35,Κοντογιαλός,0,,39.58367,19.819
969,Κρουζερή,ionian-islands-corfu,Corfu,PASS,none,"Κρουζερή, Corfu",verified,"Κρουζερή, Corfu",Κρουζερή,52,35,Κρουζερή,1,,39.73028,19.91926
972,Μαΐστρος,ionian-islands-corfu,Corfu,PASS,none,"Μαΐστρος, Corfu",verified,"Μαΐστρος, Corfu",Μαΐστρος,60,35,Μαΐστρος,0,,39.64404,19.92342
973,Μανδράκι,ionian-islands-corfu,Corfu,PASS,none,"Μανδράκι, Corfu",verified,"Μανδράκι, Corfu",Μανδράκι,8,35,Μανδράκι,1,,39.62462,19.92987
975,Μπουκάρη,ionian-islands-corfu,Corfu,PASS,none,"Μπουκάρη, Corfu",verified,"Μπουκάρη, Corfu",Μπουκάρη,20,35,Μπουκάρη,0,,39.45954,19.97745
977,Νότος,ionian-islands-corfu,Corfu,PASS,none,"Νότος, Corfu",verified,"Νότος, Corfu",Νότος,20,35,Νότος,1,,39.44844,20.00435
980,Παραλία Άγιος Νικόλαος,ionian-islands-corfu,Corfu,PASS,none,"Παραλία Άγιος Νικόλαος, Corfu",verified,"Παραλία Άγιος Νικόλαος, Corfu",Παραλία Άγιος Νικόλαος,5,35,Dafnila Beach,409,,39.67428,19.84658
981,Παραλία Άγιος Σπυρίδωνας,ionian-islands-corfu,Corfu,PASS,none,"Παραλία Άγιος Σπυρίδωνας, Corfu",verified,"Παραλία Άγιος Σπυρίδωνας, Corfu",Παραλία Άγιος Σπυρίδωνας,70,35,Παραλία Άγιος Σπυρίδωνας,0,,39.67197,19.70318
982,Παραλία Έρμονες,ionian-islands-corfu,Corfu,PASS,none,"Παραλία Έρμονες, Corfu",verified,"Παραλία Έρμονες, Corfu",Παραλία Έρμονες,18,35,Παραλία Έρμονες,0,,39.61098,19.77736
983,Παραλία Αγίου Σπυρίδωνα,ionian-islands-corfu,Corfu,REVIEW,coordinates,"Agios Spyridon Beach, Corfu",needs_review,"Agios Spyridon Beach, Corfu",Agios Spyridon Beach,11,0,Agios Spyridon Beach,1,weak_name_match,39.81572,19.86552
984,Παραλία Αμπελάκι,ionian-islands-corfu,Corfu,PASS,none,"Παραλία Αμπελάκι, Corfu",verified,"Παραλία Αμπελάκι, Corfu",Παραλία Αμπελάκι,64,35,Παραλία Άγιος Σπυρίδωνας,229,,39.67257,19.70063
985,Παραλία Αρκουδίλα,ionian-islands-corfu,Corfu,PASS,none,"Παραλία Αρκουδίλα, Corfu",verified,"Παραλία Αρκουδίλα, Corfu",Παραλία Αρκουδίλα,61,35,Παραλία Αρκουδίλα,1,,39.36585,20.10103
987,Παραλία Γαρδένο,ionian-islands-corfu,Corfu,PASS,none,"Παραλία Γαρδένο, Corfu",verified,"Παραλία Γαρδένο, Corfu",Παραλία Γαρδένο,162,35,skalia beach,2166,,39.39283,20.02527
988,Παραλία Γιαλισκάρι,ionian-islands-corfu,Corfu,PASS,none,"Παραλία Γιαλισκάρι, Corfu",verified,"Παραλία Γιαλισκάρι, Corfu",Παραλία Γιαλισκάρι,3,35,Παραλία Γιαλισκάρι,1,,39.81827,19.85623
989,Παραλία Γλυφάδας,ionian-islands-corfu,Corfu,PASS,none,"Παραλία Γλυφάδας, Corfu",verified,"Παραλία Γλυφάδας, Corfu",Παραλία Γλυφάδας,89,35,Παραλία Γλυφάδας,1,,39.59129,19.80784
990,Παραλία Κάνουλας,ionian-islands-corfu,Corfu,PASS,none,"Παραλία Κάνουλας, Corfu",verified,"Παραλία Κάνουλας, Corfu",Παραλία Κάνουλας,114,35,Παραλία Κάνουλας,0,,39.37095,20.07464
991,Παραλία Κληματιά,ionian-islands-corfu,Corfu,PASS,none,"Παραλία Κληματιά, Corfu",verified,"Παραλία Κληματιά, Corfu",Παραλία Κληματιά,7,35,Παραλία Κληματιά,0,,39.66633,19.72456
992,Παραλία Κοντοκαλίου,ionian-islands-corfu,Corfu,PASS,none,"Παραλία Κοντοκαλίου, Corfu",verified,"Παραλία Κοντοκαλίου, Corfu",Παραλία Κοντοκαλίου,22,35,Παραλία Κοντοκαλίου,1,,39.65026,19.8608
993,Παραλία Λίμνη,ionian-islands-corfu,Corfu,PASS,none,"Παραλία Λίμνη, Corfu",verified,"Παραλία Λίμνη, Corfu",Παραλία Λίμνη,8,35,Παραλία Λίμνη,0,,39.66551,19.72387
994,Παραλία Λακκιές,ionian-islands-corfu,Corfu,PASS,none,"Παραλία Λακκιές, Corfu",verified,"Παραλία Λακκιές, Corfu",Παραλία Λακκιές,99,35,Παραλία Λακκιές,0,,39.42226,19.96341
995,Παραλία Λιαπάδων,ionian-islands-corfu,Corfu,PASS,none,"Παραλία Λιαπάδων, Corfu",verified,"Παραλία Λιαπάδων, Corfu",Παραλία Λιαπάδων,6,35,Παραλία Λιαπάδων,0,,39.67374,19.72951
996,Παραλία Λογγάς,ionian-islands-corfu,Corfu,PASS,none,"Παραλία Λογγάς, Corfu",verified,"Παραλία Λογγάς, Corfu",Παραλία Λογγάς,15,35,Παραλία Λογγάς,0,,39.78758,19.66639
998,Παραλία Μπούκα,ionian-islands-corfu,Corfu,PASS,none,"Παραλία Μπούκα, Corfu",verified,"Παραλία Μπούκα, Corfu",Παραλία Μπούκα,15,35,Παραλία Μπούκα,1,,39.43452,20.08678
999,Παραλία ΝΑΟΚ,ionian-islands-corfu,Corfu,PASS,none,"Παραλία ΝΑΟΚ, Corfu",verified,"Παραλία ΝΑΟΚ, Corfu",Παραλία ΝΑΟΚ,0,35,Μανδράκι,608,,39.62088,19.92469
1000,Παραλία Παρακλάδι,ionian-islands-corfu,Corfu,PASS,none,"Παραλία Παρακλάδι, Corfu",verified,"Παραλία Παρακλάδι, Corfu",Παραλία Παρακλάδι,40,35,Παραλία Παρακλάδι,0,,39.40689,20.09787
1001,Παραλία Ρόδας,ionian-islands-corfu,Corfu,PASS,none,"Παραλία Ρόδας, Corfu",verified,"Παραλία Ρόδας, Corfu",Παραλία Ρόδας,120,35,Παραλία Ρόδας,0,,39.79139,19.78888
1002,Παραλία Σκάλομα,ionian-islands-corfu,Corfu,PASS,none,"Παραλία Σκάλομα, Corfu",verified,"Παραλία Σκάλομα, Corfu",Παραλία Σκάλομα,16,35,Παραλία Σκάλομα,1,,39.41667,20.09566
1004,Παραλία Σύκι,ionian-islands-corfu,Corfu,PASS,none,"Παραλία Σύκι, Corfu",verified,"Παραλία Σύκι, Corfu",Παραλία Σύκι,3,35,(unnamed),1057,,39.79347,19.89625
1006,Παραλία Αγίου Γορδίου,ionian-islands-corfu,Corfu,PASS,none,"Παραλία Αγίου Γορδίου, Corfu",verified,"Παραλία Αγίου Γορδίου, Corfu",Παραλία Αγίου Γορδίου,76,35,Παραλία Αγίου Γορδίου,1,,39.54621,19.84895
1007,Παραλία Γυαλί,ionian-islands-corfu,Corfu,PASS,none,"Παραλία Γυαλί, Corfu",verified,"Παραλία Γυαλί, Corfu",Παραλία Γυαλί,48,35,Παραλία Γυαλί,0,,39.62095,19.75575
1008,Παραλία Μυρτιώτισσας,ionian-islands-corfu,Corfu,PASS,none,"Παραλία Μυρτιώτισσας, Corfu",verified,"Παραλία Μυρτιώτισσας, Corfu",Παραλία Μυρτιώτισσας,7,35,(unnamed),278,,39.59555,19.79944
1009,Παραλία Σιδάρι,ionian-islands-corfu,Corfu,PASS,none,"Παραλία Σιδάρι, Corfu",verified,"Παραλία Σιδάρι, Corfu",Παραλία Σιδάρι,241,35,Παραλία Σιδάρι,0,,39.79378,19.70572
1010,Παραλία Χαλικούνα,ionian-islands-corfu,Corfu,PASS,none,"Παραλία Χαλικούνα, Corfu",verified,"Παραλία Χαλικούνα, Corfu",Παραλία Χαλικούνα,52,35,Παραλία Χαλικούνα,0,,39.4475,19.88671
1011,Πετριτή,ionian-islands-corfu,Corfu,PASS,none,"Πετριτή, Corfu",verified,"Πετριτή, Corfu",Πετριτή,59,35,Πετριτή,0,,39.45122,20.00257
1012,Πρασούδι,ionian-islands-corfu,Corfu,PASS,none,"Πρασούδι, Corfu",verified,"Πρασούδι, Corfu",Prasoudi,13,35,Prasoudi,0,,39.47899,19.86
1013,Πόρτο Τιμόνι,ionian-islands-corfu,Corfu,PASS,none,"Πόρτο Τιμόνι, Corfu",verified,"Πόρτο Τιμόνι, Corfu",Πόρτο Τιμόνι,15,35,(unnamed),269,,39.71516,19.6579
1014,Ροβινιά,ionian-islands-corfu,Corfu,PASS,none,"Ροβινιά, Corfu",verified,"Ροβινιά, Corfu",Ροβινιά,10,35,Ροβινιά,1,,39.67058,19.72779
1015,Σωτηριώτισσα,ionian-islands-corfu,Corfu,PASS,none,"Σωτηριώτισσα, Corfu",verified,"Σωτηριώτισσα, Corfu",Σωτηριώτισσα,9,35,(unnamed),349,,39.6458,19.86104
1016,Τραμουντάνα,ionian-islands-corfu,Corfu,PASS,none,"Τραμουντάνα, Corfu",verified,"Τραμουντάνα, Corfu",Τραμουντάνα,24,35,Τραμουντάνα,0,,39.64218,19.92076
3014,Παλαιοκαστρίτσα,ionian-islands-corfu,Corfu,PASS,none,"Παλαιοκαστρίτσα, Corfu",verified,"Παλαιοκαστρίτσα, Corfu",Παλαιοκαστρίτσα,0,35,Agias Triades Beach,380,,39.6757716,19.7119035
1182,Άγιος Νικόλαος Βολιμών,ionian-islands-zakynthos,Zakynthos,REVIEW,coordinates,"Agios Nikolaos-Volimes beach, Zakynthos",needs_review,"Agios Nikolaos-Volimes beach, Zakynthos",Agios Nikolaos-Volimes beach,13,3,Agios Nikolaos-Volimes beach,1,weak_name_match,37.90747,20.70569
1183,Αλυκανάς,ionian-islands-zakynthos,Zakynthos,PASS,none,"Alykanas beach, Zakynthos",verified,"Alykanas beach, Zakynthos",Alykanas beach,231,35,Alykanas beach,0,,37.84178,20.77811
1185,Μπανάνα,ionian-islands-zakynthos,Zakynthos,PASS,none,"Banana Beach, Zakynthos",verified,"Banana Beach, Zakynthos",Banana Beach,99,35,Banana Beach,0,,37.73355,20.97596
1187,Καλαμάκι,ionian-islands-zakynthos,Zakynthos,PASS,none,"Kalamaki Beach, Zakynthos",verified,"Kalamaki Beach, Zakynthos",Kalamaki Beach,100,35,Kalamaki Beach,0,,37.73711,20.90865
1188,Κορακονήσι,ionian-islands-zakynthos,Zakynthos,PASS,none,"Korakonisi, Zakynthos",verified,"Korakonisi, Zakynthos",Korakonisi,1,35,Korakonisi,1,,37.7177,20.7286
1191,Μικρή Ξύγκια,ionian-islands-zakynthos,Zakynthos,REVIEW,coordinates,"Little Xigia, Zakynthos",needs_review,"Little Xigia, Zakynthos",Little Xigia,5,0,Little Xigia,0,weak_name_match,37.86376,20.73845
1192,Μαδράκια,ionian-islands-zakynthos,Zakynthos,PASS,none,"Μαδράκια, Zakynthos",verified,"Μαδράκια, Zakynthos",Madrakia Beach,4,35,Madrakia Beach,0,,37.90459,20.7088
1193,Πόρτο Λιμνιώνας,ionian-islands-zakynthos,Zakynthos,PASS,none,"Πόρτο Λιμνιώνας, Zakynthos",verified,"Πόρτο Λιμνιώνας, Zakynthos",Porto Limnionas,1,35,Porto Limnionas,1,,37.73983,20.70145
1194,Πόρτο Ρόξα,ionian-islands-zakynthos,Zakynthos,PASS,none,"Πόρτο Ρόξα, Zakynthos",verified,"Πόρτο Ρόξα, Zakynthos",Πόρτο Ρόξα,36,35,Porto Roxa,0,,37.72857,20.71001
1195,Άγιος Νικόλαος Βασιλικού,ionian-islands-zakynthos,Zakynthos,REVIEW,coordinates,"St. Nicholas Beach, Zakynthos",needs_review,"St. Nicholas Beach, Zakynthos",St. Nicholas Beach,56,1,St. Nicholas Beach,0,weak_name_match,37.72703,20.9899
1196,Τσιλιβί,ionian-islands-zakynthos,Zakynthos,PASS,none,"Τσιλιβί, Zakynthos",verified,"Τσιλιβί, Zakynthos",Τσιλιβί,192,35,Tsivili beach,0,,37.81718,20.87279
1197,Βαθύ Λαγκάδι,ionian-islands-zakynthos,Zakynthos,REVIEW,coordinates,"Vathi Lagadi beach, Zakynthos",needs_review,"Vathi Lagadi beach, Zakynthos",Vathi Lagadi beach,2,0,Vathi Lagadi beach,0,weak_name_match,37.88976,20.7153
1198,Ξύγκια,ionian-islands-zakynthos,Zakynthos,REVIEW,coordinates,"Xigia, Zakynthos",needs_review,"Ξύγκια, Zakynthos",Ταβέρνα Ξύγκια,286,35,Xigia,0,,37.8679,20.73509
1200,Αμμούδι,ionian-islands-zakynthos,Zakynthos,PASS,none,"Αμμούδι, Zakynthos",verified,"Αμμούδι, Zakynthos",Αμμούδι,4,35,Αμμούδι,0,,37.84201,20.80378
1201,Ατσίγγανος,ionian-islands-zakynthos,Zakynthos,PASS,none,"Ατσίγγανος, Zakynthos",verified,"Ατσίγγανος, Zakynthos",Ατσίγγανος,27,35,Ατσίγγανος,1,,37.90112,20.65379
1202,Βουρδέρη,ionian-islands-zakynthos,Zakynthos,PASS,none,"Βουρδέρη, Zakynthos",verified,"Βουρδέρη, Zakynthos",Βουρδέρη,16,35,Βουρδέρη,0,,37.74216,20.95634
1203,Καμαρωτή,ionian-islands-zakynthos,Zakynthos,PASS,none,"Καμαρωτή, Zakynthos",verified,"Καμαρωτή, Zakynthos",Καμαρωτή,21,35,Καμαρωτή,0,,37.69512,20.84062
1205,Μακρύς Γιαλός,ionian-islands-zakynthos,Zakynthos,PASS,none,"Μακρύς Γιαλός, Zakynthos",verified,"Μακρύς Γιαλός, Zakynthos",Μακρύς Γιαλός,27,35,Μακρύς Γιαλός,0,,37.87822,20.72598
1210,Παραλία Κεριού,ionian-islands-zakynthos,Zakynthos,PASS,none,"Παραλία Κεριού, Zakynthos",verified,"Παραλία Κεριού, Zakynthos",Keri beach,20,35,Keri beach,0,,37.68454,20.83611
1211,Παραλία Μαραθιά,ionian-islands-zakynthos,Zakynthos,PASS,none,"Παραλία Μαραθιά, Zakynthos",verified,"Παραλία Μαραθιά, Zakynthos",Παραλία Μαραθιά,41,35,Παραλία Μαραθιά,1,,37.67107,20.85019
1213,Παραλία Πλακάκι,ionian-islands-zakynthos,Zakynthos,PASS,none,"Παραλία Πλακάκι, Zakynthos",verified,"Παραλία Πλακάκι, Zakynthos",Παραλία Πλακάκι,3,35,Παραλία Πλακάκι,0,,37.68417,20.77068
1214,Παραλία Σελίνας Φιλίππων,ionian-islands-zakynthos,Zakynthos,PASS,none,"Παραλία Σελίνας Φιλίππων, Zakynthos",verified,"Παραλία Σελίνας Φιλίππων, Zakynthos",Παραλία Σελίνας Φιλίππων,0,35,Παραλία Σελίνας Φιλίππων,0,,37.90053,20.65227
1215,Πλάκα/Περιβολάκια,ionian-islands-zakynthos,Zakynthos,PASS,none,"Πλάκα/Περιβολάκια, Zakynthos",verified,"Πλάκα/Περιβολάκια, Zakynthos",Πλάκα/Περιβολάκια,126,35,Πλάκα/Περιβολάκια,120,,37.72986,20.98705
1216,Πόρτο Βρώμη,ionian-islands-zakynthos,Zakynthos,PASS,none,"Πόρτο Βρώμη, Zakynthos",verified,"Πόρτο Βρώμη, Zakynthos",Πόρτο Βρώμη,3,35,Πόρτο Βρώμη,0,,37.8224,20.63464
1217,Πόρτο Ζόρο,ionian-islands-zakynthos,Zakynthos,PASS,none,"Πόρτο Ζόρο, Zakynthos",verified,"Πόρτο Ζόρο, Zakynthos",Πόρτο Ζόρο,14,35,Πόρτο Ζόρο,0,,37.73983,20.96058
1218,Πόρτο Καμίνια,ionian-islands-zakynthos,Zakynthos,PASS,none,"Πόρτο Καμίνια, Zakynthos",verified,"Πόρτο Καμίνια, Zakynthos",Πόρτο Καμίνια,3,35,Βουρδέρη,245,,37.74324,20.95391
1219,Πόρτο Ρώμα,ionian-islands-zakynthos,Zakynthos,PASS,none,"Πόρτο Ρώμα, Zakynthos",verified,"Πόρτο Ρώμα, Zakynthos",Πόρτο Ρώμα,0,35,Πόρτο Ρώμα,0,,37.71712,20.98963
1063,Νότια Άβυθος Γυμνιστών,ionian-islands-kefalonia,Kefalonia,REVIEW,coordinates,"Avithos South (nudist), Kefalonia",needs_review,"Avithos South (nudist), Kefalonia",Avithos South (nudist),12,0,Avithos South (nudist),0,weak_name_match,38.09861,20.54363
1064,Central Square Beach,ionian-islands-kefalonia,Kefalonia,PASS,none,"Central Square Beach, Kefalonia",verified,"Central Square Beach, Kefalonia",Central Square Beach,7,35,Central Square Beach,4,,38.15118,20.77624
1065,Cronidis Beach,ionian-islands-kefalonia,Kefalonia,PASS,none,"Cronidis Beach, Kefalonia",verified,"Cronidis Beach, Kefalonia",Cronidis Beach,17,35,Cronidis Beach,0,,38.1306,20.79339
1066,Δαφνούδι,ionian-islands-kefalonia,Kefalonia,PASS,none,"Dafnoudi beach, Kefalonia",verified,"Dafnoudi beach, Kefalonia",Dafnoudi beach,8,35,Dafnoudi beach,1,,38.47161,20.54843
1067,Έμπλυση,ionian-islands-kefalonia,Kefalonia,REVIEW,coordinates,"Emblisi Beach, Kefalonia",needs_review,"Emblisi Beach, Kefalonia",Emblisi Beach,9,0,Emblisi Beach,0,weak_name_match,38.46627,20.57304
1068,Φτέρη,ionian-islands-kefalonia,Kefalonia,PASS,none,"Fteri Beach, Kefalonia",verified,"Fteri Beach, Kefalonia",Fteri Beach,18,35,Fteri Beach,0,,38.32284,20.45373
1069,Κιμηλιά,ionian-islands-kefalonia,Kefalonia,PASS,none,"Kimilia Beach, Kefalonia",verified,"Kimilia Beach, Kefalonia",Kimilia Beach,0,35,Kimilia Beach,0,,38.47162,20.56249
1072,Μούντα (γυμνιστών),ionian-islands-kefalonia,Kefalonia,REVIEW,coordinates,"Mouda nudist beach, Kefalonia",needs_review,"Mouda nudist beach, Kefalonia",Mouda nudist beach,53,0,Mouda nudist beach,45,weak_name_match,38.05952,20.78435
1073,Αγία Παρασκευή,ionian-islands-kefalonia,Kefalonia,PASS,none,"Paralia Agia Paraskevi, Kefalonia",verified,"Paralia Agia Paraskevi, Kefalonia",Paralia Agia Paraskevi,6,35,Paralia Agia Paraskevi,0,,38.27516,20.61547
1074,Πεσσάδα,ionian-islands-kefalonia,Kefalonia,PASS,none,"Πεσσάδα, Kefalonia",verified,"Πεσσάδα, Kefalonia",Pessada Beach,2,35,Pessada Beach,0,,38.10527,20.5863
1075,Σίσσια,ionian-islands-kefalonia,Kefalonia,PASS,none,"Σίσσια, Kefalonia",verified,"Σίσσια, Kefalonia",Sissia beach,40,35,Sissia beach,1,,38.09871,20.65366
1076,Τραπεζάκι (γυμνιστών),ionian-islands-kefalonia,Kefalonia,REVIEW,coordinates,"Trapezaki naturist beach, Kefalonia",needs_review,"Trapezaki naturist beach, Kefalonia",Trapezaki naturist beach,58,1,Trapezaki naturist beach,1,weak_name_match,38.11753,20.61503
1077,Λιμανάκι Τραπεζακίου,ionian-islands-kefalonia,Kefalonia,REVIEW,coordinates,"Trapezaki port bridge, Kefalonia",needs_review,"Trapezaki port bridge, Kefalonia",Trapezaki port bridge,27,0,Trapezaki port bridge,0,weak_name_match,38.11776,20.6111
1078,Ξι,ionian-islands-kefalonia,Kefalonia,PASS,none,"Ξι, Kefalonia",verified,"Ξι, Kefalonia",Xi Beach,175,35,Xi Beach,0,,38.16027,20.41463
1080,Άγιος Θωμάς,ionian-islands-kefalonia,Kefalonia,PASS,none,"Άγιος Θωμάς, Kefalonia",verified,"Άγιος Θωμάς, Kefalonia",Άγιος Θωμάς,2,35,Άγιος Θωμάς,0,,38.11591,20.60007
1081,Άγιος Χέλης,ionian-islands-kefalonia,Kefalonia,PASS,none,"Άγιος Χέλης, Kefalonia",verified,"Άγιος Χέλης, Kefalonia",Άγιος Χέλης,28,35,Άγιος Χέλης,1,,38.10367,20.52271
1082,Άμμες,ionian-islands-kefalonia,Kefalonia,PASS,none,"Άμμες, Kefalonia",verified,"Άμμες, Kefalonia",Άμμες,21,35,Άμμες,0,,38.1091,20.50989
1084,Αγία Ελένη,ionian-islands-kefalonia,Kefalonia,PASS,none,"Αγία Ελένη, Kefalonia",verified,"Αγία Ελένη, Kefalonia",Αγία Ελένη,4,35,Αγία Ελένη,0,,38.2603,20.36744
1085,Αγία Σωτήρα,ionian-islands-kefalonia,Kefalonia,PASS,none,"Αγία Σωτήρα, Kefalonia",verified,"Αγία Σωτήρα, Kefalonia",Αγία Σωτήρα,25,35,Αγία Σωτήρα,0,,38.25936,20.45698
1086,Αγια Κυριακη,ionian-islands-kefalonia,Kefalonia,PASS,none,"Αγια Κυριακη, Kefalonia",verified,"Αγια Κυριακη, Kefalonia",Αγια Κυριακη,90,35,Αγια Κυριακη,0,,38.31079,20.48812
1088,Αντίσαμος,ionian-islands-kefalonia,Kefalonia,PASS,none,"Αντίσαμος, Kefalonia",verified,"Αντίσαμος, Kefalonia",Αντίσαμος,139,35,Αντίσαμος,1,,38.26066,20.67501
1090,Βουτη,ionian-islands-kefalonia,Kefalonia,PASS,none,"Βουτη, Kefalonia",verified,"Βουτη, Kefalonia",Βουτη,7,35,Βουτη,1,,38.31603,20.47169
1091,Βραχινάρι,ionian-islands-kefalonia,Kefalonia,PASS,none,"Βραχινάρι, Kefalonia",verified,"Βραχινάρι, Kefalonia",Βραχινάρι,15,35,Βραχινάρι,0,,38.16223,20.37749
1092,Γραδάκια,ionian-islands-kefalonia,Kefalonia,PASS,none,"Γραδάκια, Kefalonia",verified,"Γραδάκια, Kefalonia",Γραδάκια,61,35,Γραδάκια,69,,38.16412,20.48039
1093,Ελληνικά,ionian-islands-kefalonia,Kefalonia,PASS,none,"Ελληνικά, Kefalonia",verified,"Ελληνικά, Kefalonia",Ελληνικά,10,35,Ελληνικά,0,,38.28771,20.61067
1094,Κακό Λαγκάδι,ionian-islands-kefalonia,Kefalonia,PASS,none,"Κακό Λαγκάδι, Kefalonia",verified,"Κακό Λαγκάδι, Kefalonia",Κάκό Λαγκάδι,3,35,Κάκό Λαγκάδι,1,,38.12657,20.80107
1095,Καλάμια,ionian-islands-kefalonia,Kefalonia,PASS,none,"Καλάμια, Kefalonia",verified,"Καλάμια, Kefalonia",Καλάμια,24,35,(unnamed),214,,38.17121,20.4811
1096,Καμίνια,ionian-islands-kefalonia,Kefalonia,PASS,none,"Καμίνια, Kefalonia",verified,"Καμίνια, Kefalonia",Καμίνια,156,35,Καμίνια,0,,38.0676,20.7686
1097,Κανάλι,ionian-islands-kefalonia,Kefalonia,PASS,none,"Κανάλι, Kefalonia",verified,"Κανάλι, Kefalonia",Κανάλι,93,35,Κανάλι,0,,38.11578,20.62381
1098,Καραβόμυλος,ionian-islands-kefalonia,Kefalonia,PASS,none,"Καραβόμυλος, Kefalonia",verified,"Καραβόμυλος, Kefalonia",Καραβόμυλος,257,35,Καραβόμυλος,0,,38.25147,20.63879
1100,Κορώνι,ionian-islands-kefalonia,Kefalonia,PASS,none,"Κορώνι, Kefalonia",verified,"Κορώνι, Kefalonia",Κορώνι,36,35,Κορώνι,1,,38.08039,20.69034
1101,Κουμαριά,ionian-islands-kefalonia,Kefalonia,PASS,none,"Κουμαριά, Kefalonia",verified,"Κουμαριά, Kefalonia",Κουμαριά,20,35,Κουμαριά,0,,38.27872,20.44942
1104,Λαγκαδάκια,ionian-islands-kefalonia,Kefalonia,PASS,none,"Λαγκαδάκια, Kefalonia",verified,"Λαγκαδάκια, Kefalonia",Λαγκαδάκια,7,35,Λαγκαδάκια,1,,38.17635,20.35118
1105,Λεύκα,ionian-islands-kefalonia,Kefalonia,PASS,none,"Λεύκα, Kefalonia",verified,"Λεύκα, Kefalonia",Λεύκα,96,35,Λεύκα,1,,38.09029,20.67344
1106,Λιμένια,ionian-islands-kefalonia,Kefalonia,PASS,none,"Λιμένια, Kefalonia",verified,"Λιμένια, Kefalonia",Λιμένια,15,35,Λιμένια,0,,38.13301,20.79172
1107,Λουρδάτα,ionian-islands-kefalonia,Kefalonia,PASS,none,"Λουρδάτα, Kefalonia",verified,"Λουρδάτα, Kefalonia",Λουρδάτα,103,35,Λουρδάτα,1,,38.11137,20.63671
1108,Λυγιά Φάρσων,ionian-islands-kefalonia,Kefalonia,PASS,none,"Λυγιά, Kefalonia",verified,"Λυγιά, Kefalonia",Λυγιά,13,35,Λυγιά,0,,38.23143,20.47043
1109,Λυγιά Πεσσάδας,ionian-islands-kefalonia,Kefalonia,PASS,none,"Λυγιά, Kefalonia",verified,"Λυγιά, Kefalonia",Λυγιά,178,35,Λυγιά,1,,38.10327,20.53299
1110,Μακρυς Γιαλος,ionian-islands-kefalonia,Kefalonia,PASS,none,"Μακρυς Γιαλος, Kefalonia",verified,"Μακρυς Γιαλος, Kefalonia",Μακρυς Γιαλος,75,35,Μακρυς Γιαλος,0,,38.15402,20.48052
1111,Μέγας Λάκκος,ionian-islands-kefalonia,Kefalonia,REVIEW,coordinates,"Μεγας Λακος, Kefalonia",needs_review,"Μεγας Λακος, Kefalonia",Μεγας Λακος,23,1,Μεγας Λακος,1,weak_name_match,38.16129,20.42779
1112,Μούντα,ionian-islands-kefalonia,Kefalonia,REVIEW,coordinates,"Παραλία Καμίνια, Kefalonia",needs_review,"Παραλία Καμίνια, Kefalonia",Παραλία Καμίνια,65,0,Παραλία Καμίνια,38,weak_name_match,38.06398,20.77826
1113,Μύρτος,ionian-islands-kefalonia,Kefalonia,PASS,none,"Μύρτος, Kefalonia",verified,"Μύρτος, Kefalonia",Μύρτος,84,35,Μύρτος,0,,38.3436,20.5355
1115,Παλιοσταφίδα,ionian-islands-kefalonia,Kefalonia,PASS,none,"Παλιοσταφίδα, Kefalonia",verified,"Παλιοσταφίδα, Kefalonia",Παλιοσταφίδα,18,35,Παλιοσταφίδα,0,,38.16044,20.47869
1116,Παραλία Αγία Βαρβάρα,ionian-islands-kefalonia,Kefalonia,PASS,none,"Παραλία Αγία Βαρβάρα, Kefalonia",verified,"Παραλία Αγία Βαρβάρα, Kefalonia",Παραλία Αγία Βαρβάρα,95,35,Παραλία Αγία Βαρβάρα,0,,38.06644,20.75361
1117,Παραλία Αγία Ιερουσαλήμ,ionian-islands-kefalonia,Kefalonia,PASS,none,"Παραλία Αγία Ιερουσαλήμ, Kefalonia",verified,"Παραλία Αγία Ιερουσαλήμ, Kefalonia",Παραλία Αγία Ιερουσαλήμ,7,35,Παραλία Αγία Ιερουσαλήμ,0,,38.42515,20.54469
1118,Παραλία Αλατιές,ionian-islands-kefalonia,Kefalonia,PASS,none,"Παραλία Αλατιές, Kefalonia",verified,"Παραλία Αλατιές, Kefalonia",Παραλία Αλατιές,1,35,Παραλία Αλατιές,0,,38.4398,20.53602
1121,Παραλία Κόλπος Κορμοράνων,ionian-islands-kefalonia,Kefalonia,PASS,none,"Παραλία Κόλπος Κορμοράνων, Kefalonia",verified,"Παραλία Κόλπος Κορμοράνων, Kefalonia",Παραλία Κόλπος Κορμοράνων,4,35,Παραλία Κόλπος Κορμοράνων,0,,38.1886,20.47023
1122,Παραλία Παλιολινός,ionian-islands-kefalonia,Kefalonia,PASS,none,"Παραλία Παλιολινός, Kefalonia",verified,"Παραλία Παλιολινός, Kefalonia",Paliolinos beach,15,35,Paliolinos beach,0,,38.09674,20.54621
1123,Παραλία Άβυθος,ionian-islands-kefalonia,Kefalonia,PASS,none,"Παραλία Άβυθος, Kefalonia",verified,"Παραλία Άβυθος, Kefalonia",Παραλια Αβυθος Avithos Beach,52,35,Παραλια Αβυθος Avithos Beach,0,,38.10092,20.53979
1124,Πετανι,ionian-islands-kefalonia,Kefalonia,PASS,none,"Πετανι, Kefalonia",verified,"Πετανι, Kefalonia",Πετανι,77,35,Πετανι,0,,38.26098,20.37609
1126,Πλατύς Γιαλός,ionian-islands-kefalonia,Kefalonia,PASS,none,"Πλατύς Γιαλός, Kefalonia",verified,"Πλατύς Γιαλός, Kefalonia",Πλατύς Γιαλός,23,35,Πλατύς Γιαλός,0,,38.15171,20.48437
1127,Ράγια,ionian-islands-kefalonia,Kefalonia,PASS,none,"Ράγια, Kefalonia",verified,"Ράγια, Kefalonia",Ράγια,56,35,Ράγια,1,,38.16045,20.76817
1129,Σπαρτιάς,ionian-islands-kefalonia,Kefalonia,PASS,none,"Σπαρτιάς, Kefalonia",verified,"Σπαρτιάς, Kefalonia",Σπαρτιάς,7,35,Σπαρτιάς,1,,38.10285,20.57506
1130,Τραπεζάκι,ionian-islands-kefalonia,Kefalonia,PASS,none,"Τραπεζάκι, Kefalonia",verified,"Τραπεζάκι, Kefalonia",Τραπεζάκι,42,35,Τραπεζάκι,0,,38.11794,20.60884
1131,Φωκι,ionian-islands-kefalonia,Kefalonia,PASS,none,"Φωκι, Kefalonia",verified,"Φωκι, Kefalonia",Beach,2,35,Beach,1,,38.4526,20.57661
1132,Ψαμούσα,ionian-islands-kefalonia,Kefalonia,PASS,none,"Ψαμούσα, Kefalonia",verified,"Ψαμούσα, Kefalonia",Ψαμούσα,1,35,Ψαμούσα,0,,38.29443,20.60656
1133,Ελιές,ionian-islands-kefalonia,Kefalonia,PASS,none,"Ελιές, Kefalonia",verified,"Ελιές, Kefalonia",Ελιές,2,35,Ελιές,1,,38.30362,20.60253
1134,Λιθοβάτης,ionian-islands-kefalonia,Kefalonia,PASS,none,"Λιθοβάτης, Kefalonia",verified,"Λιθοβάτης, Kefalonia",Λιθοβάτης,2,35,Λιθοβάτης,1,,38.30691,20.6058
1135,Γιαγάνα,ionian-islands-kefalonia,Kefalonia,PASS,none,"Γιαγάνα, Kefalonia",verified,"Γιαγάνα, Kefalonia",Giagana beach,12,35,Giagana beach,0,,38.34692,20.62186
1136,Χοργοτά,ionian-islands-kefalonia,Kefalonia,PASS,none,"Χοργοτά, Kefalonia",verified,"Χοργοτά, Kefalonia",Chorgota beach,8,35,Chorgota beach,0,,38.36437,20.61548
1137,Αγιά Σοφία,ionian-islands-kefalonia,Kefalonia,PASS,none,"Αγιά Σοφία, Kefalonia",verified,"Αγιά Σοφία, Kefalonia",Αγιά Σοφία,7,35,Αγιά Σοφία,0,,38.37142,20.61272
1138,Πλατύ Λιμάνι,ionian-islands-kefalonia,Kefalonia,REVIEW,coordinates,"Plati Beach Port, Kefalonia",needs_review,"Plati Beach Port, Kefalonia",Plati Beach Port,8,1,Plati Beach Port,0,weak_name_match,38.37334,20.61223
1139,Breath of Zorbas beach,ionian-islands-lefkada,Lefkada,PASS,none,"Breath of Zorbas beach, Lefkada",verified,"Breath of Zorbas beach, Lefkada",Breath of Zorbas beach,5,35,Breath of Zorbas beach,2,,38.75287,20.72168
1141,Καμάρι,ionian-islands-lefkada,Lefkada,PASS,none,"Καμάρι, Lefkada",verified,"Καμάρι, Lefkada",Kamari Beach,19,35,Kamari Beach,1,,38.65498,20.71922
1142,Παραλία Νικιάνας,ionian-islands-lefkada,Lefkada,REVIEW,coordinates,"Breath of Zorbas beach, Lefkada",needs_review,"Breath of Zorbas beach, Lefkada",Breath of Zorbas beach,124,0,Lydia's Hotel beach,1,weak_name_match,38.75184,20.72209
1143,Νότια Παραλία Νικιάνας,ionian-islands-lefkada,Lefkada,REVIEW,coordinates,"Nikiana South Beach, Lefkada",needs_review,"Nikiana South Beach, Lefkada",Nikiana South Beach,11,0,Nikiana South Beach,1,weak_name_match,38.75798,20.72066
1144,Πασάς,ionian-islands-lefkada,Lefkada,REVIEW,coordinates,"Passa Beach, Lefkada",needs_review,"Passa Beach, Lefkada",Passa Beach,1,0,Passa Beach,1,weak_name_match,38.72413,20.7297
1147,Αβάλι,ionian-islands-lefkada,Lefkada,PASS,none,"Αβάλι, Lefkada",verified,"Αβάλι, Lefkada",Αβάλι,8,35,Αβάλι,0,,38.76163,20.59368
1148,Αγιοφύλλι,ionian-islands-lefkada,Lefkada,PASS,none,"Αγιοφύλλι, Lefkada",verified,"Αγιοφύλλι, Lefkada",Αγιοφύλλι,20,35,Αγιοφύλλι,0,,38.60531,20.61281
1149,Αμμούσα,ionian-islands-lefkada,Lefkada,PASS,none,"Αμμούσα, Lefkada",verified,"Αμμούσα, Lefkada",Αμμούσα,1,35,Αμμούσα,1,,38.60232,20.62642
1150,Αμμόγλωσσα,ionian-islands-lefkada,Lefkada,PASS,none,"Αμμόγλωσσα, Lefkada",verified,"Αμμόγλωσσα, Lefkada",Αμμόγλωσσα,9,35,Αμμόγλωσσα,0,,38.84741,20.7208
1154,Αφτέλι,ionian-islands-lefkada,Lefkada,PASS,none,"Αφτέλι, Lefkada",verified,"Αφτέλι, Lefkada",Αφτέλι,1,35,Αφτέλι,0,,38.61058,20.65609
1155,Βασιλική,ionian-islands-lefkada,Lefkada,PASS,none,"Βασιλική, Lefkada",verified,"Βασιλική, Lefkada",Βασιλική,150,35,Βασιλική,0,,38.63019,20.6009
1156,Γάϊδαρος,ionian-islands-lefkada,Lefkada,PASS,none,"Γάϊδαρος, Lefkada",verified,"Γάϊδαρος, Lefkada",Γάϊδαρος,17,35,Γάϊδαρος,0,,38.76944,20.59701
1157,Γιαλός,ionian-islands-lefkada,Lefkada,PASS,none,"Γιαλός, Lefkada",verified,"Γιαλός, Lefkada",Γιαλός,13,35,Γιαλός,0,,38.66493,20.55761
1158,Γύρα (Άννα),ionian-islands-lefkada,Lefkada,PASS,none,"Γύρα (Άννα), Lefkada",verified,"Γύρα (Άννα), Lefkada",Γύρα (Άννα),130,35,Γύρα (Άννα),0,,38.84933,20.70105
1160,Κάθισμα,ionian-islands-lefkada,Lefkada,PASS,none,"Κάθισμα, Lefkada",verified,"Κάθισμα, Lefkada",Κάθισμα,58,35,Κάθισμα,0,,38.77624,20.59941
1161,Κάστρο,ionian-islands-lefkada,Lefkada,PASS,none,"Κάστρο, Lefkada",verified,"Κάστρο, Lefkada",Κάστρο,29,35,Κάστρο,1,,38.84711,20.71802
1163,Καμίνια,ionian-islands-lefkada,Lefkada,PASS,none,"Καμίνια, Lefkada",verified,"Καμίνια, Lefkada",Καμίνια,36,35,Καμίνια,0,,38.83383,20.66169
1164,Κρυονέρι,ionian-islands-lefkada,Lefkada,PASS,none,"Κρυονέρι, Lefkada",verified,"Κρυονέρι, Lefkada",Κρυονέρι,8,35,Κρυονέρι,0,,38.83289,20.66573
1167,Μύλος,ionian-islands-lefkada,Lefkada,PASS,none,"Μύλος, Lefkada",verified,"Μύλος, Lefkada",Μύλος,48,35,Μύλος,1,,38.78678,20.60747
1169,Πευκούλια,ionian-islands-lefkada,Lefkada,PASS,none,"Πευκούλια, Lefkada",verified,"Πευκούλια, Lefkada",Πευκούλια,56,35,Πευκούλια,0,,38.80819,20.63155
1171,Πόρτο Κάτσικι,ionian-islands-lefkada,Lefkada,PASS,none,"Πόρτο Κάτσικι, Lefkada",verified,"Πόρτο Κάτσικι, Lefkada",Πόρτο Κάτσικι,46,35,Πόρτο Κάτσικι,0,,38.60092,20.54996
1172,Σκάλα Γιαλού,ionian-islands-lefkada,Lefkada,PASS,none,"Σκάλα Γιαλού, Lefkada",verified,"Σκάλα Γιαλού, Lefkada",Σκάλα Γιαλού,12,35,Σκάλα Γιαλού,0,,38.8194,20.63775
379,Agios Georgios,central-macedonia-halkidiki-mainland,Halkidiki (mainland),REVIEW,coordinates,"Άγιος Γεώργιος, Halkidiki",needs_review,"Άγιος Γεώργιος, Halkidiki",Άγιος Γεώργιος,46,0,Άγιος Γεώργιος,0,weak_name_match,40.31558,23.93943
380,Agios Nikolaos,central-macedonia-halkidiki-mainland,Halkidiki (mainland),REVIEW,coordinates,"Αγιος Νικόλαος, Halkidiki",needs_review,"Αγιος Νικόλαος, Halkidiki",Αγιος Νικόλαος,0,0,Αγιος Νικόλαος,0,weak_name_match,40.02388,23.36339
383,Akti Kalogrias,central-macedonia-halkidiki-mainland,Halkidiki (mainland),REVIEW,coordinates,"Ακτή Καλογριάς, Halkidiki",needs_review,"Ακτή Καλογριάς, Halkidiki",Ακτή Καλογριάς,79,0,Ακτή Καλογριάς,1,weak_name_match,40.17667,23.71454
384,Babylon,central-macedonia-halkidiki-mainland,Halkidiki (mainland),PASS,none,"Babylon, Halkidiki",verified,"Babylon, Halkidiki",Babylon beach,50,35,Babylon beach,0,,40.57281,23.82133
386,Blue Dream,central-macedonia-halkidiki-mainland,Halkidiki (mainland),PASS,none,"Blue Dream, Halkidiki",verified,"Blue Dream, Halkidiki",Blue Dream,66,35,Blue Dream,0,,40.09397,23.30986
387,Brounou,central-macedonia-halkidiki-mainland,Halkidiki (mainland),PASS,none,"Brounou, Halkidiki",verified,"Brounou, Halkidiki",Brounou Beach,1,35,Brounou Beach,1,,40.18714,23.81817
388,Castello,central-macedonia-halkidiki-mainland,Halkidiki (mainland),PASS,none,"Castello, Halkidiki",verified,"Castello, Halkidiki",Castello beach,31,35,Castello beach,0,,40.12482,23.76445
389,Chrysi Ammoudia,central-macedonia-halkidiki-mainland,Halkidiki (mainland),REVIEW,coordinates,"Χρυσή αμμουδιά, Halkidiki",needs_review,"Χρυσή αμμουδιά, Halkidiki",Χρυσή αμμουδιά,21,0,Χρυσή αμμουδιά,0,weak_name_match,40.60919,23.78075
391,Dimotiki Plaz 1,central-macedonia-halkidiki-mainland,Halkidiki (mainland),REVIEW,coordinates,"Δημοτική Πλαζ 1, Halkidiki",needs_review,"Δημοτική Πλαζ 1, Halkidiki",Δημοτική Πλαζ 1,53,0,Δημοτική Πλαζ 1,0,weak_name_match,40.40557,23.87473
392,Dimotiki Plaz 2,central-macedonia-halkidiki-mainland,Halkidiki (mainland),REVIEW,coordinates,"Δημοτική Πλαζ 2, Halkidiki",needs_review,"Δημοτική Πλαζ 2, Halkidiki",Δημοτική Πλαζ 2,2,0,Δημοτική Πλαζ 2,0,weak_name_match,40.40251,23.87856
393,Dimotiki Plaz 3,central-macedonia-halkidiki-mainland,Halkidiki (mainland),REVIEW,coordinates,"Δημοτική Πλαζ 3, Halkidiki",needs_review,"Δημοτική Πλαζ 3, Halkidiki",Δημοτική Πλαζ 3,17,0,Δημοτική Πλαζ 3,0,weak_name_match,40.39972,23.8824
395,Faka,central-macedonia-halkidiki-mainland,Halkidiki (mainland),REVIEW,coordinates,"Φάκα, Halkidiki",needs_review,"Φάκα, Halkidiki",Φάκα,43,0,Φάκα,1,weak_name_match,40.33034,23.88557
397,Golden,central-macedonia-halkidiki-mainland,Halkidiki (mainland),PASS,none,"Golden, Halkidiki",verified,"Golden, Halkidiki",Golden Beach,263,35,Golden Beach,0,,39.98241,23.65055
399,Hanioti,central-macedonia-halkidiki-mainland,Halkidiki (mainland),REVIEW,coordinates,"παραλία Χανιώτη, Halkidiki",needs_review,"παραλία Χανιώτη, Halkidiki",παραλία Χανιώτη,7,0,παραλία Χανιώτη,0,weak_name_match,40.00324,23.57313
401,Iliovasilema,central-macedonia-halkidiki-mainland,Halkidiki (mainland),REVIEW,coordinates,"Ηλιοβασίλεμα, Halkidiki",needs_review,"Ηλιοβασίλεμα, Halkidiki",Ηλιοβασίλεμα,7,0,Ηλιοβασίλεμα,0,weak_name_match,40.17076,23.32475
403,Kakoudia,central-macedonia-halkidiki-mainland,Halkidiki (mainland),REVIEW,coordinates,"Κακούδια, Halkidiki",needs_review,"Κακούδια, Halkidiki",Κακούδια,41,0,Κακούδια,0,weak_name_match,40.41237,23.86676
404,Kalamitsi,central-macedonia-halkidiki-mainland,Halkidiki (mainland),PASS,none,"Kalamitsi, Halkidiki",verified,"Kalamitsi, Halkidiki",Kalamitsi,135,35,Kalamitsi,0,,39.99039,23.99189
405,Kallithea,central-macedonia-halkidiki-mainland,Halkidiki (mainland),REVIEW,coordinates,"Καλλιθέα, Halkidiki",needs_review,"Καλλιθέα, Halkidiki",Καλλιθέα,7,0,Καλλιθέα,0,weak_name_match,40.07865,23.44845
406,Kalopigado,central-macedonia-halkidiki-mainland,Halkidiki (mainland),REVIEW,coordinates,"Καλοπήγαδο, Halkidiki",needs_review,"Καλοπήγαδο, Halkidiki",Καλοπήγαδο,45,0,Καλοπήγαδο,0,weak_name_match,40.32205,23.91072
407,Karagatsia,central-macedonia-halkidiki-mainland,Halkidiki (mainland),REVIEW,coordinates,"Καραγάτσια, Halkidiki",needs_review,"Καραγάτσια, Halkidiki",Καραγάτσια,46,0,Καραγάτσια,1,weak_name_match,40.32514,23.8955
408,Kavouri,central-macedonia-halkidiki-mainland,Halkidiki (mainland),REVIEW,coordinates,"Καβούρι, Halkidiki",needs_review,"Καβούρι, Halkidiki",Καβούρι,12,0,Καβούρι,0,weak_name_match,40.15774,23.32105
410,Kefalas,central-macedonia-halkidiki-mainland,Halkidiki (mainland),REVIEW,coordinates,"Κεφάλας, Halkidiki",needs_review,"Κεφάλας, Halkidiki",Κεφάλας,13,0,Κεφάλας,0,weak_name_match,40.58843,23.79494
413,Kristina,central-macedonia-halkidiki-mainland,Halkidiki (mainland),PASS,none,"Kristina, Halkidiki",verified,"Kristina, Halkidiki",Kristina Beach,0,35,Kristina Beach,0,,40.02425,24.01753
414,Kryfos Paradeisos,central-macedonia-halkidiki-mainland,Halkidiki (mainland),REVIEW,coordinates,"Κρυφός Παράδεισος Παραλία Γυμνιστών, Halkidiki",needs_review,"Κρυφός Παράδεισος Παραλία Γυμνιστών, Halkidiki",Κρυφός Παράδεισος Παραλία Γυμνιστών,23,0,Κρυφός Παράδεισος Παραλία Γυμνιστών,0,weak_name_match,39.99949,23.86928
415,Lagomandra,central-macedonia-halkidiki-mainland,Halkidiki (mainland),PASS,none,"Lagomandra, Halkidiki",verified,"Lagomandra, Halkidiki",Lagomandra,0,35,Παρ. Λαγομάδρα,46,,40.13539,23.74705
417,Lemos,central-macedonia-halkidiki-mainland,Halkidiki (mainland),PASS,none,"Lemos, Halkidiki",verified,"Lemos, Halkidiki",Lemos Beach,11,35,Lemos Beach,0,,39.93866,23.93129
418,Likithos,central-macedonia-halkidiki-mainland,Halkidiki (mainland),PASS,none,"Likithos, Halkidiki",verified,"Likithos, Halkidiki",Likithos Beach,6,35,Likithos Beach,0,,40.01987,23.82847
419,Limanaki,central-macedonia-halkidiki-mainland,Halkidiki (mainland),REVIEW,coordinates,"Λιμανάκι, Halkidiki",needs_review,"Λιμανάκι, Halkidiki",Λιμανάκι,18,0,Λιμανάκι,0,weak_name_match,40.32939,23.92351
422,Liosi,central-macedonia-halkidiki-mainland,Halkidiki (mainland),REVIEW,coordinates,"Λιόση, Halkidiki",needs_review,"Λιόση, Halkidiki",Λιόση,28,0,Λιόση,0,weak_name_match,40.09201,23.44219
424,Marathias,central-macedonia-halkidiki-mainland,Halkidiki (mainland),PASS,none,"Marathias, Halkidiki",verified,"Marathias, Halkidiki",Marathias Beach,49,35,Marathias Beach,0,,39.94707,23.93317
425,Megali Ammos,central-macedonia-halkidiki-mainland,Halkidiki (mainland),REVIEW,coordinates,"Μεγάλη Άμμος, Halkidiki",needs_review,"Μεγάλη Άμμος, Halkidiki",Μεγάλη Άμμος,29,0,Μεγάλη Άμμος,1,weak_name_match,40.31248,23.94547
427,Mileniko,central-macedonia-halkidiki-mainland,Halkidiki (mainland),PASS,none,"Mileniko, Halkidiki",verified,"Mileniko, Halkidiki",Mileniko,0,35,(unnamed),252,,40.2729,23.15422
429,Myti,central-macedonia-halkidiki-mainland,Halkidiki (mainland),REVIEW,coordinates,"Μύτη, Halkidiki",needs_review,"Μύτη, Halkidiki",Μύτη,0,0,Μύτη,0,weak_name_match,39.95739,23.35835
430,Oneiro,central-macedonia-halkidiki-mainland,Halkidiki (mainland),REVIEW,coordinates,"Παραλία ονείρου, Halkidiki",needs_review,"Παραλία ονείρου, Halkidiki",Παραλία ονείρου,42,0,Παραλία ονείρου,0,weak_name_match,40.16011,23.89604
431,Ouranoupoli,central-macedonia-halkidiki-mainland,Halkidiki (mainland),REVIEW,coordinates,"Καμπούδι / Άκραθως, Halkidiki",needs_review,"Καμπούδι / Άκραθως, Halkidiki",Καμπούδι / Άκραθως,31,0,Καμπούδι / Άκραθως,0,weak_name_match,40.34477,23.96517
432,Paradisos,central-macedonia-halkidiki-mainland,Halkidiki (mainland),REVIEW,coordinates,"Παραλία Παράδεισος, Halkidiki",needs_review,"Παραλία Παράδεισος, Halkidiki",Παραλία Παράδεισος,49,0,Παραλία Παράδεισος,0,weak_name_match,40.10215,23.77521
434,Pefkochori,central-macedonia-halkidiki-mainland,Halkidiki (mainland),REVIEW,coordinates,"Παραλία Πευκοχωρίου, Halkidiki",needs_review,"Παραλία Πευκοχωρίου, Halkidiki",Παραλία Πευκοχωρίου,69,0,Παραλία Πευκοχωρίου,0,weak_name_match,39.99246,23.60792
437,Platanitsi,central-macedonia-halkidiki-mainland,Halkidiki (mainland),REVIEW,coordinates,"Παραλία Πλατανίτσι, Halkidiki",needs_review,"Παραλία Πλατανίτσι, Halkidiki",Παραλία Πλατανίτσι,62,0,Παραλία Πλατανίτσι,0,weak_name_match,40.11829,23.98068
438,Porfi,central-macedonia-halkidiki-mainland,Halkidiki (mainland),PASS,none,"Porfi, Halkidiki",verified,"Porfi, Halkidiki",Porfi Beach,2,35,(unnamed),283,,40.22647,23.63298
439,Porto Elea,central-macedonia-halkidiki-mainland,Halkidiki (mainland),REVIEW,coordinates,"Παραλία Ζωγράφου, Halkidiki",needs_review,"Παραλία Ζωγράφου, Halkidiki",Παραλία Ζωγράφου,116,0,Παραλία Ζωγράφου,74,weak_name_match,40.171488,23.865562
440,Porto Koufo,central-macedonia-halkidiki-mainland,Halkidiki (mainland),REVIEW,coordinates,"Πόρτο Κουφό, Halkidiki",needs_review,"Πόρτο Κουφό, Halkidiki",Πόρτο Κουφό,107,0,Πόρτο Κουφό,0,weak_name_match,39.96518,23.92406
442,Sani Hill,central-macedonia-halkidiki-mainland,Halkidiki (mainland),PASS,none,"Sani Hill, Halkidiki",verified,"Sani Hill, Halkidiki",Sani Hill,0,35,(unnamed),149,,40.09969,23.30497
445,Sykia,central-macedonia-halkidiki-mainland,Halkidiki (mainland),REVIEW,coordinates,"Παραλία Συκιάς, Halkidiki",needs_review,"Παραλία Συκιάς, Halkidiki",Παραλία Συκιάς,123,0,Παραλία Συκιάς,1,weak_name_match,40.04148,23.98747
446,Tigania,central-macedonia-halkidiki-mainland,Halkidiki (mainland),REVIEW,coordinates,"Τηγανιά, Halkidiki",needs_review,"Τηγανιά, Halkidiki",Τηγανιά,11,0,Τηγανιά,0,weak_name_match,40.03235,24.01864
449,Trani Ammouda,central-macedonia-halkidiki-mainland,Halkidiki (mainland),REVIEW,coordinates,"Τρανή Αμμούδα, Halkidiki",needs_review,"Τρανή Αμμούδα, Halkidiki",Τρανή Αμμούδα,153,0,Τρανή Αμμούδα,0,weak_name_match,40.24233,23.72671
450,Tsaska,central-macedonia-halkidiki-mainland,Halkidiki (mainland),REVIEW,coordinates,"Τσάσκα, Halkidiki",needs_review,"Τσάσκα, Halkidiki",Τσάσκα,2,0,Τσάσκα,0,weak_name_match,40.33746,23.90735
452,Varkes,central-macedonia-halkidiki-mainland,Halkidiki (mainland),REVIEW,coordinates,"Βάρκες, Halkidiki",needs_review,"Βάρκες, Halkidiki",Βάρκες,0,0,Βάρκες,0,weak_name_match,40.10322,23.43573
454,Voulitsa,central-macedonia-halkidiki-mainland,Halkidiki (mainland),REVIEW,coordinates,"Βουλίτσα, Halkidiki",needs_review,"Βουλίτσα, Halkidiki",Βουλίτσα,22,0,Βουλίτσα,0,weak_name_match,40.38171,23.94042
457,Παραλία Βεργιάς,central-macedonia-halkidiki-mainland,Halkidiki (mainland),PASS,none,"Παραλία Βεργιάς, Halkidiki",verified,"Παραλία Βεργιάς, Halkidiki",Παραλία Βεργιάς,0,35,Παραλία Βεργιάς,0,,40.2906038,23.1231232
459,Παραλία Νέας Καλλικράτειας,central-macedonia-halkidiki-mainland,Halkidiki (mainland),PASS,none,"Παραλία Νέας Καλλικράτειας, Halkidiki",verified,"Παραλία Νέας Καλλικράτειας, Halkidiki",Παραλία Νέας Καλλικράτειας,142,35,Παραλία Νέας Καλλικράτειας,0,,40.3096302,23.0634276
460,Παραλία Νικήτης,central-macedonia-halkidiki-mainland,Halkidiki (mainland),PASS,none,"Παραλία Νικήτης, Halkidiki",verified,"Παραλία Νικήτης, Halkidiki",Παραλία Νικήτης,12,35,Παραλία Νικήτης,0,,40.2142777,23.6684267
461,Παραλία Μικρό Καστρί,central-macedonia-halkidiki-mainland,Halkidiki (mainland),PASS,none,"Παραλία Μικρό Καστρί, Halkidiki",verified,"Παραλία Μικρό Καστρί, Halkidiki",Παραλία Μικρό Καστρί,36,35,Παραλία Μικρό Καστρί,0,,40.1960696,23.682979
462,Παραλία Στρατώνι,central-macedonia-halkidiki-mainland,Halkidiki (mainland),PASS,none,"Παραλία Στρατώνι, Halkidiki",verified,"Παραλία Στρατώνι, Halkidiki",Παραλία Στρατώνι,36,35,Παραλία Στρατώνι,0,,40.5118095,23.8278636
463,Παραλία Κάμπος (Πυργαδίκια),central-macedonia-halkidiki-mainland,Halkidiki (mainland),PASS,none,"Παραλία Κάμπος (Πυργαδίκια), Halkidiki",verified,"Παραλία Κάμπος (Πυργαδίκια), Halkidiki",Παραλία Κάμπος (Πυργαδίκια),75,35,Παραλία Κάμπος (Πυργαδίκια),0,,40.3508365,23.7320479
464,Παραλία Λιβάρι,central-macedonia-halkidiki-mainland,Halkidiki (mainland),PASS,none,"Παραλία Λιβάρι, Halkidiki",verified,"Παραλία Λιβάρι, Halkidiki",Παραλία Λιβάρι,112,35,Παραλία Λιβάρι,0,,40.1996759,23.7690428
465,Παραλία Σαλονικιού,central-macedonia-halkidiki-mainland,Halkidiki (mainland),PASS,none,"Παραλία Σαλονικιού, Halkidiki",verified,"Παραλία Σαλονικιού, Halkidiki",Παραλία Σαλονικιού,24,35,Παραλία Σαλονικιού,0,,40.2929779,23.6950262
466,Παραλία Λαγονήσι,central-macedonia-halkidiki-mainland,Halkidiki (mainland),PASS,none,"Παραλία Λαγονήσι, Halkidiki",verified,"Παραλία Λαγονήσι, Halkidiki",Παραλία Λαγονήσι,44,35,Παραλία Λαγονήσι,0,,40.2299274,23.7463818
468,Παραλία Τριστινίκα,central-macedonia-halkidiki-mainland,Halkidiki (mainland),PASS,none,"Παραλία Τριστινίκα, Halkidiki",verified,"Παραλία Τριστινίκα, Halkidiki",Παραλία,138,35,Παραλία,0,,39.9943871,23.8903207
469,Παραλία Λατούρα,central-macedonia-halkidiki-mainland,Halkidiki (mainland),PASS,none,"Παραλία Λατούρα, Halkidiki",verified,"Παραλία Λατούρα, Halkidiki",Παραλία Λατούρα,32,35,Παραλία Λατούρα,0,,40.2298936,23.737964
470,Παραλία Καστρί,central-macedonia-halkidiki-mainland,Halkidiki (mainland),PASS,none,"Παραλία Καστρί, Halkidiki",verified,"Παραλία Καστρί, Halkidiki",Παραλία Καστρί,38,35,Παραλία Καστρί,0,,40.1934799,23.6860482
471,Παραλία Αγίου Ιωάννη,central-macedonia-halkidiki-mainland,Halkidiki (mainland),PASS,none,"Παραλία Αγίου Ιωάννη, Halkidiki",verified,"Παραλία Αγίου Ιωάννη, Halkidiki",Παραλία Αγίου Ιωάννη,133,35,Παραλία Αγίου Ιωάννη,0,,40.1919432,23.69349
472,Παραλία Ελάνη,central-macedonia-halkidiki-mainland,Halkidiki (mainland),PASS,none,"Παραλία Ελάνη, Halkidiki",verified,"Παραλία Ελάνη, Halkidiki",Παραλία Ελάνη,67,35,Παραλία Ελάνη,0,,40.049445,23.3481477
473,Παραλία Αυλάκι,central-macedonia-halkidiki-mainland,Halkidiki (mainland),PASS,none,"Παρ. Αυλάκι, Halkidiki",verified,"Παρ. Αυλάκι, Halkidiki",Παρ. Αυλάκι,141,35,Παρ. Αυλάκι,0,,39.9153554,23.6501909
474,Παραλία Χρουσώ,central-macedonia-halkidiki-mainland,Halkidiki (mainland),PASS,none,"Παραλία Χρουσώ, Halkidiki",verified,"Παραλία Χρουσώ, Halkidiki",Παραλία Χρουσώ,239,35,Παραλία Χρουσώ,0,,39.9620208,23.6785597
475,Παραλία Άμπελος,central-macedonia-halkidiki-mainland,Halkidiki (mainland),PASS,none,"Παρ. ΄Αμπελος, Halkidiki",verified,"Παρ. ΄Αμπελος, Halkidiki",Παρ. ΄Αμπελος,9,35,Παρ. ΄Αμπελος,0,,39.9641238,23.9669693
476,Παραλία Αρμενιστής,central-macedonia-halkidiki-mainland,Halkidiki (mainland),PASS,none,"Παραλία Αρμενιστής, Halkidiki",verified,"Παραλία Αρμενιστής, Halkidiki",Παραλία Αρμενιστής,97,35,Παραλία Αρμενιστής,0,,40.1549226,23.9166443
477,Παραλία Ποσείδι,central-macedonia-halkidiki-mainland,Halkidiki (mainland),PASS,none,"Παραλία Ποσείδι, Halkidiki",verified,"Παραλία Ποσείδι, Halkidiki",Παραλία Ποσείδ,153,35,Παραλία Ποσείδ,0,,39.9708785,23.3692992
479,Παραλία Αγίου Μάμα,central-macedonia-halkidiki-mainland,Halkidiki (mainland),PASS,none,"agjio mama, Halkidiki",verified,"agjio mama, Halkidiki",agjio mama,59,35,agjio mama,0,,40.2483532,23.358468
480,Παραλία Ελαιώνα,central-macedonia-halkidiki-mainland,Halkidiki (mainland),PASS,none,"Παραλία Ελαιώνα, Halkidiki",verified,"Παραλία Ελαιώνα, Halkidiki",Παραλία Ελαιώνα,2,35,Παραλία Ελαιώνα,0,,40.28039,23.6967168
481,Παραλία Δεβελίκι,central-macedonia-halkidiki-mainland,Halkidiki (mainland),PASS,none,"Παραλία Δεβελίκι, Halkidiki",verified,"Παραλία Δεβελίκι, Halkidiki",Παραλία Δεβελίκι,65,35,Παραλία Δεβελίκι,0,,40.3655712,23.8320599
482,Παραλία Ζέπκου,central-macedonia-halkidiki-mainland,Halkidiki (mainland),PASS,none,"Παραλία Ζέπκου, Halkidiki",verified,"Παραλία Ζέπκου, Halkidiki",Παραλία Ζέπκου,228,35,Παραλία Ζέπκου,0,,40.5609735,23.8313039
483,Παραλία Φτερωτή,central-macedonia-halkidiki-mainland,Halkidiki (mainland),PASS,none,"Παραλία Φτερωτή, Halkidiki",verified,"Παραλία Φτερωτή, Halkidiki",Παραλία Φτερωτή,116,35,Παραλία Φτερωτή,0,,40.2042563,23.764481
484,Παραλία Σχοινιά,central-macedonia-halkidiki-mainland,Halkidiki (mainland),PASS,none,"Παραλία Σχοινιά, Halkidiki",verified,"Παραλία Σχοινιά, Halkidiki",Παραλία Σχοινιά,8,35,Παραλία Σχοινιά,0,,40.2689527,23.7037959
488,Παραλία Σπαθιών,central-macedonia-halkidiki-mainland,Halkidiki (mainland),PASS,none,"Παραλία Σπαθιών, Halkidiki",verified,"Παραλία Σπαθιών, Halkidiki",Παραλία Σπαθιών,39,35,Παραλία Σπαθιών,0,,40.170237,23.7208495
489,Παραλία Μικρό Καρύδι,central-macedonia-halkidiki-mainland,Halkidiki (mainland),PASS,none,"Παραλία Μικρό Καρύδι, Halkidiki",verified,"Παραλία Μικρό Καρύδι, Halkidiki",Παραλία Μικρό Καρύδι,25,35,Παραλία Μικρό Καρύδι,0,,40.1918567,23.8104797
490,Παραλία Καρύδι,central-macedonia-halkidiki-mainland,Halkidiki (mainland),PASS,none,"Παραλία Καρύδι, Halkidiki",verified,"Παραλία Καρύδι, Halkidiki",Παραλία Καρύδι,46,35,Παραλία Καρύδι,0,,40.1934957,23.8082745
491,Παραλία Αζάπικο,central-macedonia-halkidiki-mainland,Halkidiki (mainland),PASS,none,"Παραλία Αζάπικο, Halkidiki",verified,"Παραλία Αζάπικο, Halkidiki",Παραλία Αζάπικο,123,35,Παραλία Αζάπικο,0,,40.0103678,23.8627823
493,Παραλία Ανθέμου,central-macedonia-halkidiki-mainland,Halkidiki (mainland),PASS,none,"Παραλία Ανθέμου, Halkidiki",verified,"Παραλία Ανθέμου, Halkidiki",Παραλία Ανθέμου,22,35,Παραλία Ανθέμου,0,,40.1463182,23.7333349
495,Παραλία Κουτλουμούση,central-macedonia-halkidiki-mainland,Halkidiki (mainland),PASS,none,"Παραλία Κουτλουμούση, Halkidiki",verified,"Παραλία Κουτλουμούση, Halkidiki",Παραλία Κουτλουμούση,74,35,Παραλία Κουτλουμούση,0,,40.1738902,23.853239
499,Παραλία Φάβα,central-macedonia-halkidiki-mainland,Halkidiki (mainland),PASS,none,"Παραλία Φάβα, Halkidiki",verified,"Παραλία Φάβα, Halkidiki",Παραλία Φάβα,109,35,Παραλία Μάνου,164,,40.1846866,23.8195559
501,Παραλία Αρετές,central-macedonia-halkidiki-mainland,Halkidiki (mainland),PASS,none,"Παραλία Αρετές, Halkidiki",verified,"Παραλία Αρετές, Halkidiki",Παραλία Αρετές,20,35,Παραλία Αρετές,0,,40.0031401,23.8692717
502,Συκιά Ολυμπιάδας,central-macedonia-halkidiki-mainland,Halkidiki (mainland),PASS,none,"Συκιά, Halkidiki",verified,"Συκιά, Halkidiki",Συκιά,29,35,Συκιά,0,,40.5912526,23.7913901