id,beach_gr,beach_en,island,region_file,has_photo,photo_source
2225,Βαθύ Πηγάδι,Vathy Pigadi,Αγαθονήσι,south-aegean-agathonisi,no,
2226,Γαδουρόλακκος,Gadourolakkos,Αγαθονήσι,south-aegean-agathonisi,no,
2227,Πάλος,Palos,Αγαθονήσι,south-aegean-agathonisi,no,
2228,Παραλία Σπηλιάς,Paralia Spilias,Αγαθονήσι,south-aegean-agathonisi,no,
2229,Τσαγκάρι,Tsagkari,Αγαθονήσι,south-aegean-agathonisi,no,
1420,Άγιος Αντώνιος,Agios Antonios,Άγιος Ευστράτιος,north-aegean-agios-efstratios,no,
1419,Άγιος Δημήτριος,Agios Dimitrios,Άγιος Ευστράτιος,north-aegean-agios-efstratios,no,
1421,Άγιος Νικόλαος,Agios Nikolaos,Άγιος Ευστράτιος,north-aegean-agios-efstratios,no,
1422,Αλονίτσι,Alonitsi,Άγιος Ευστράτιος,north-aegean-agios-efstratios,no,
1423,Γουρνιά,Gournia,Άγιος Ευστράτιος,north-aegean-agios-efstratios,no,
1424,Λιδαριό,Lidario,Άγιος Ευστράτιος,north-aegean-agios-efstratios,no,
1425,Μουρούλια,Mouroulia,Άγιος Ευστράτιος,north-aegean-agios-efstratios,no,
1430,Ροδοκάλι,Rodokali,Άγιος Ευστράτιος,north-aegean-agios-efstratios,no,
1426,Τρηγάρη,Trigari,Άγιος Ευστράτιος,north-aegean-agios-efstratios,no,
1427,Τρυπητή,Trypiti,Άγιος Ευστράτιος,north-aegean-agios-efstratios,no,
1428,Φράγκου,Fragkou,Άγιος Ευστράτιος,north-aegean-agios-efstratios,no,
1429,Φτελιό,Ftelio,Άγιος Ευστράτιος,north-aegean-agios-efstratios,no,
95,Απόνησος,Aponisos,Αγκίστρι,attica-agistri,no,
96,Δραγονέρα,Dragonera,Αγκίστρι,attica-agistri,no,
97,Ξεκοφτή,Xekofti,Αγκίστρι,attica-agistri,no,
98,Παραλία Μεγαλοχωρίου,Paralia Megalochoriou,Αγκίστρι,attica-agistri,no,
99,Σκληρή,Skliri,Αγκίστρι,attica-agistri,no,
100,Χαλικιάδα,Chalikiada,Αγκίστρι,attica-agistri,no,
81,Αγία Μαρίνα,Agia Marina,Αίγινα,attica-aegina,no,
3024,Αίγινα Αγ. Βασίλειος,Aigina Ag. Vasilios,Αίγινα,attica-aegina,no,
3022,Αίγινα Μαραθώνας,Aigina Marathonas,Αίγινα,attica-aegina,no,
82,Αιγινήτισσα,Aiginitissa,Αίγινα,attica-aegina,no,
83,Αύρα,Avra,Αίγινα,attica-aegina,no,
84,Βοτσαλωτή Παραλία,Votsaloti Paralia,Αίγινα,attica-aegina,no,
85,Κλειδί,Klidi,Αίγινα,attica-aegina,no,
86,Λουτρά,Loutra,Αίγινα,attica-aegina,no,
80,Παραλία Βαγίας,Paralia Vagias,Αίγινα,attica-aegina,no,
87,Παραλία Ζινόβι,Paralia Zinovi,Αίγινα,attica-aegina,no,
88,Παραλία Καμάρες,Paralia Kamares,Αίγινα,attica-aegina,no,
89,Παραλία Κολώνα,Paralia Kolona,Αίγινα,attica-aegina,no,
90,Παραλία Μαραθώνα Α,Paralia Marathona A,Αίγινα,attica-aegina,no,
91,Παραλία Μαραθώνα Β,Paralia Marathona V,Αίγινα,attica-aegina,no,
92,Παραλία Σαρπά,Paralia Sarpa,Αίγινα,attica-aegina,no,
94,Σουβάλα,Souvala,Αίγινα,attica-aegina,no,
93,Τούρλος,Tourlos,Αίγινα,attica-aegina,no,
2526,Αγριλιά,Agrilia,Αιτωλοακαρνανία,west-greece-aetolia-acarnania-mainland,no,
3044,Άκτιο Βόνιτσας Αγ. Δημήτριος,Aktio Vonitsas Ag. Dimitrios,Αιτωλοακαρνανία,west-greece-aetolia-acarnania-mainland,no,
3045,Άκτιο Βόνιτσας Πάλαιρος,Aktio Vonitsas Palairos,Αιτωλοακαρνανία,west-greece-aetolia-acarnania-mainland,no,
2528,Ασπρογιάλι,Asprogiali,Αιτωλοακαρνανία,west-greece-aetolia-acarnania-mainland,no,
2529,Βαθιά Βάλη,Vathia Vali,Αιτωλοακαρνανία,west-greece-aetolia-acarnania-mainland,no,
2530,Βελά,Vela,Αιτωλοακαρνανία,west-greece-aetolia-acarnania-mainland,no,
2531,Γιάννιτσα,Giannitsa,Αιτωλοακαρνανία,west-greece-aetolia-acarnania-mainland,no,
2532,Γρίμποβο,Grimpovo,Αιτωλοακαρνανία,west-greece-aetolia-acarnania-mainland,no,
2533,Λούρος,Louros,Αιτωλοακαρνανία,west-greece-aetolia-acarnania-mainland,no,
2534,Μαραθάκι,Marathaki,Αιτωλοακαρνανία,west-greece-aetolia-acarnania-mainland,no,
2535,Μαραθιάς,Marathias,Αιτωλοακαρνανία,west-greece-aetolia-acarnania-mainland,no,
3017,Μεσολόγγι Τουρλίδα,Mesolongi Tourlida,Αιτωλοακαρνανία,west-greece-aetolia-acarnania-mainland,no,
2536,Μυρτάρι,Myrtari,Αιτωλοακαρνανία,west-greece-aetolia-acarnania-mainland,no,
2537,Μυρτιά,Myrtia,Αιτωλοακαρνανία,west-greece-aetolia-acarnania-mainland,no,
2538,Παλιονήσι,Palionisi,Αιτωλοακαρνανία,west-greece-aetolia-acarnania-mainland,no,
2539,Παλιοπόταμος,Paliopotamos,Αιτωλοακαρνανία,west-greece-aetolia-acarnania-mainland,no,
2540,Παραθάλασσο,Parathalasso,Αιτωλοακαρνανία,west-greece-aetolia-acarnania-mainland,no,
2542,Παραλία Αγ. Σπυρίδωνα Λουτρακίου,Paralia Ag. Spyridona Loutrakiou,Αιτωλοακαρνανία,west-greece-aetolia-acarnania-mainland,no,
2544,Παραλία Αγίου Ιωάννη,Paralia Agiou Ioanni,Αιτωλοακαρνανία,west-greece-aetolia-acarnania-mainland,no,
2545,Παραλία Αμφιλοχίας,Paralia Amfilochias,Αιτωλοακαρνανία,west-greece-aetolia-acarnania-mainland,no,
2547,Παραλία Βαθυαβάλι,Paralia Vathyavali,Αιτωλοακαρνανία,west-greece-aetolia-acarnania-mainland,no,
2548,Παραλία Βλυχά,Paralia Vlycha,Αιτωλοακαρνανία,west-greece-aetolia-acarnania-mainland,no,
2549,Παραλία Διόνι,Paralia Dioni,Αιτωλοακαρνανία,west-greece-aetolia-acarnania-mainland,no,
2551,Παραλία Κατεργάκι,Paralia Katergaki,Αιτωλοακαρνανία,west-greece-aetolia-acarnania-mainland,no,
2552,Παραλία Κουλούρι,Paralia Koulouri,Αιτωλοακαρνανία,west-greece-aetolia-acarnania-mainland,no,
2553,Παραλία Λιμνοπούλα,Paralia Limnopoula,Αιτωλοακαρνανία,west-greece-aetolia-acarnania-mainland,no,
2554,Παραλία Λουτρακίου,Paralia Loutrakiou,Αιτωλοακαρνανία,west-greece-aetolia-acarnania-mainland,no,
2555,Παραλία Πλατανίτη,Paralia Plataniti,Αιτωλοακαρνανία,west-greece-aetolia-acarnania-mainland,no,
2556,Παραλία Ρίζας,Paralia Rizas,Αιτωλοακαρνανία,west-greece-aetolia-acarnania-mainland,no,
2558,Παραλία Ρούγας,Paralia Rougas,Αιτωλοακαρνανία,west-greece-aetolia-acarnania-mainland,no,
2559,Παραλία Τουρλίδας,Paralia Tourlidas,Αιτωλοακαρνανία,west-greece-aetolia-acarnania-mainland,no,
3046,ΠΔΕ Αραχωβίτικα,PDE Arachovitika,Αιτωλοακαρνανία,west-greece-aetolia-acarnania-mainland,no,
3050,ΠΔΕ Μακύνεια,PDE Makynia,Αιτωλοακαρνανία,west-greece-aetolia-acarnania-mainland,no,
3051,ΠΔΕ Πάτρα Αγ.Βασίλειος,PDE Patra Ag.Vasilios,Αιτωλοακαρνανία,west-greece-aetolia-acarnania-mainland,no,
2563,Χιόνι,Chioni,Αιτωλοακαρνανία,west-greece-aetolia-acarnania-mainland,no,
2564,Ψανή,Psani,Αιτωλοακαρνανία,west-greece-aetolia-acarnania-mainland,no,
2517,Abelakia,Abelakia,Αιτωλοακαρνανία,west-greece-aetolia-acarnania-mainland,no,
2518,Agrapidia,Agrapidia,Αιτωλοακαρνανία,west-greece-aetolia-acarnania-mainland,no,
2519,Athiki,Athiki,Αιτωλοακαρνανία,west-greece-aetolia-acarnania-mainland,no,
2520,Bouka Beach,Bouka Beach,Αιτωλοακαρνανία,west-greece-aetolia-acarnania-mainland,no,
2521,Drepano Kite Surfer's Paradise Beach,Drepano Kite Surfer's Paradise Beach,Αιτωλοακαρνανία,west-greece-aetolia-acarnania-mainland,no,
2522,Kitesurf Spot,Kitesurf Spot,Αιτωλοακαρνανία,west-greece-aetolia-acarnania-mainland,no,
2523,Mirtia Strand,Mirtia Strand,Αιτωλοακαρνανία,west-greece-aetolia-acarnania-mainland,no,
2524,Mylos beach,Mylos beach,Αιτωλοακαρνανία,west-greece-aetolia-acarnania-mainland,no,
2525,Vali,Vali,Αιτωλοακαρνανία,west-greece-aetolia-acarnania-mainland,no,
2583,Άγιοι Ανάργυροι,Agii Anargyri,Αλόννησος,thessaly-alonissos,no,
2584,Άγιος Πέτρος,Agios Petros,Αλόννησος,thessaly-alonissos,no,
3023,Αλόννησος Μηλιά,Alonnisos Milia,Αλόννησος,thessaly-alonissos,no,
2585,Βαμπακιές,Vampakies,Αλόννησος,thessaly-alonissos,no,
2586,Βασίλη Μπαμπακιές,Vasili Bampakies,Αλόννησος,thessaly-alonissos,no,
2587,Βρυσίτσα,Vrysitsa,Αλόννησος,thessaly-alonissos,no,
2581,Γέρακας,Gerakas,Αλόννησος,thessaly-alonissos,no,
2588,Γλυφά,Glyfa,Αλόννησος,thessaly-alonissos,no,
2589,Γυαλιά,Gyalia,Αλόννησος,thessaly-alonissos,no,
2580,Ελιά,Elia,Αλόννησος,thessaly-alonissos,yes,global
2590,Καλύβια Αλεξίου,Kalyvia Alexiou,Αλόννησος,thessaly-alonissos,no,
2591,Καλύβια Σταματίου,Kalyvia Stamatiou,Αλόννησος,thessaly-alonissos,no,
2592,Κατερίνας Βάλα,Katerinas Vala,Αλόννησος,thessaly-alonissos,no,
2593,Κεντρόρεμα,Kentrorema,Αλόννησος,thessaly-alonissos,no,
2594,Κοκκινόκαστρο,Kokkinokastro,Αλόννησος,thessaly-alonissos,no,
2595,Λένα,Lena,Αλόννησος,thessaly-alonissos,no,
2596,Λεφτό Γιαλός,Lefto Gialos,Αλόννησος,thessaly-alonissos,no,
2597,Μεγάλη Άμμος,Megali Ammos,Αλόννησος,thessaly-alonissos,no,
2598,Μηλιά,Milia,Αλόννησος,thessaly-alonissos,no,
2599,Μουρτίτσα,Mourtitsa,Αλόννησος,thessaly-alonissos,no,
2600,Νικόλα Βάλα,Nikola Vala,Αλόννησος,thessaly-alonissos,no,
2601,Παραλία Βότση,Paralia Votsi,Αλόννησος,thessaly-alonissos,no,
2602,Παραλία Βύθισμα,Paralia Vythisma,Αλόννησος,thessaly-alonissos,no,
2603,Παραλία Μεγάλος Μουρτιάς,Paralia Megalos Mourtias,Αλόννησος,thessaly-alonissos,no,
2604,Παραλία Μικρός Μουρτιάς,Paralia Mikros Mourtias,Αλόννησος,thessaly-alonissos,no,
2582,Παραλία Πατητηρίου,Paralia Patitiriou,Αλόννησος,thessaly-alonissos,no,
2606,Πλάκες,Plakes,Αλόννησος,thessaly-alonissos,no,
2607,Ρουσούμ Γιαλός,Rousoum Gialos,Αλόννησος,thessaly-alonissos,no,
2608,Σπαρτίνες,Spartines,Αλόννησος,thessaly-alonissos,no,
2609,Σπλιθάρι,Splithari,Αλόννησος,thessaly-alonissos,no,
2610,Στου Μαλαθρίτη Μπαμπακιές,Stou Malathriti Bampakies,Αλόννησος,thessaly-alonissos,no,
2611,Στροβίλι,Strovili,Αλόννησος,thessaly-alonissos,no,
2612,Τζώρτζη,Tzortzi,Αλόννησος,thessaly-alonissos,no,
2613,Τουρκονέρι,Tourkoneri,Αλόννησος,thessaly-alonissos,no,
2614,Τσουκαλιά,Tsoukalia,Αλόννησος,thessaly-alonissos,no,
1657,Αγία Άννα,Agia Anna,Αμοργός,south-aegean-amorgos,yes,cyclades:amorgos
1658,Άγιος Παύλος,Agios Pavlos,Αμοργός,south-aegean-amorgos,yes,cyclades:amorgos
1659,Καλοκαταρίτισσα,Kalokataritissa,Αμοργός,south-aegean-amorgos,yes,cyclades:amorgos
1660,Καμπί,Kampi,Αμοργός,south-aegean-amorgos,no,
1661,Κάτω Κάμπος,Kato Kampos,Αμοργός,south-aegean-amorgos,no,
1662,Λεβρωσός,Levrosos,Αμοργός,south-aegean-amorgos,no,
1663,Μαλτέζι,Maltezi,Αμοργός,south-aegean-amorgos,yes,cyclades:amorgos
1670,Μικρή Βλυχάδα,Mikri Vlychada,Αμοργός,south-aegean-amorgos,no,
1664,Μούρος,Mouros,Αμοργός,south-aegean-amorgos,yes,cyclades:amorgos
1665,Νικουριά,Nikouria,Αμοργός,south-aegean-amorgos,yes,cyclades:amorgos
1666,Παραδείσια,Paradisia,Αμοργός,south-aegean-amorgos,no,
1667,Φοινικιές,Finikies,Αμοργός,south-aegean-amorgos,no,
1668,Χόχλακας,Chochlakas,Αμοργός,south-aegean-amorgos,no,
1669,Ψιλή Άμμος,Psili Ammos,Αμοργός,south-aegean-amorgos,no,
78,Άγιος Πέτρος,Agios Petros,Ανατολική Αττική,attica-east-attica-mainland,no,
55,Αρμυρίκια,Armyrikia,Ανατολική Αττική,attica-east-attica-mainland,no,
74,Ασημάκη,Asimaki,Ανατολική Αττική,attica-east-attica-mainland,no,
46,Αυλάκι,Avlaki,Ανατολική Αττική,attica-east-attica-mainland,yes,attica:east_attica
54,Γαλάζια Ακτή,Galazia Akti,Ανατολική Αττική,attica-east-attica-mainland,yes,attica:east_attica
63,Δεύτερη Παραλία Σαρωνίδας,Devteri Paralia Saronidas,Ανατολική Αττική,attica-east-attica-mainland,no,
43,Ερωτοσπηλιά,Erotospilia,Ανατολική Αττική,attica-east-attica-mainland,yes,attica:east_attica
60,Ευκάλυπτα,Evkalypta,Ανατολική Αττική,attica-east-attica-mainland,no,
51,Ηλιόπουλος,Iliopoulos,Ανατολική Αττική,attica-east-attica-mainland,no,
31,Θέρετρο Αξιωματικών Ναυτικού,Theretro Axiomatikon Navtikou,Ανατολική Αττική,attica-east-attica-mainland,no,
70,Θυμάρι,Thymari,Ανατολική Αττική,attica-east-attica-mainland,yes,attica:east_attica
3026,ΚΑΑΥ Άγιος Ανδρέας,KAAv Agios Andreas,Ανατολική Αττική,attica-east-attica-mainland,no,
48,Κακιά Θάλασσα,Kakia Thalassa,Ανατολική Αττική,attica-east-attica-mainland,no,
59,Καλοπήγαδο,Kalopigado,Ανατολική Αττική,attica-east-attica-mainland,no,
62,Κεντρική παραλία Σαρωνίδας,Kentriki paralia Saronidas,Ανατολική Αττική,attica-east-attica-mainland,no,
50,Λομπάρδα / Mojito Bay,Lomparda / Mojito Bay,Ανατολική Αττική,attica-east-attica-mainland,no,
65,Μαύρο Λιθάρι / Eden Beach,Mavro Lithari / Eden Beach,Ανατολική Αττική,attica-east-attica-mainland,no,
40,Μικρή Χαμολιά,Mikri Chamolia,Ανατολική Αττική,attica-east-attica-mainland,yes,attica:east_attica
30,Μικρό Σέσι,Mikro Sesi,Ανατολική Αττική,attica-east-attica-mainland,no,
45,Νησίδα Κεκροπούλα,Nisida Kekropoula,Ανατολική Αττική,attica-east-attica-mainland,no,
67,Όρμος Αγίου Νικολάου,Ormos Agiou Nikolaou,Ανατολική Αττική,attica-east-attica-mainland,no,
35,Όρμος Ληδάκι,Ormos Lidaki,Ανατολική Αττική,attica-east-attica-mainland,no,
47,Πανόραμα,Panorama,Ανατολική Αττική,attica-east-attica-mainland,no,
27,Παραλία Αγίας Παρασκευής,Paralia Agias Paraskevis,Ανατολική Αττική,attica-east-attica-mainland,no,
28,Παραλία Αγίου Κωνσταντίνου,Paralia Agiou Konstantinou,Ανατολική Αττική,attica-east-attica-mainland,no,
69,Παραλία Αγίου Νικολάου,Paralia Agiou Nikolaou,Ανατολική Αττική,attica-east-attica-mainland,no,
44,Παραλία Αγίου Σπυρίδωνα,Paralia Agiou Spyridona,Ανατολική Αττική,attica-east-attica-mainland,no,
29,Παραλία Αγκώνα,Paralia Agkona,Ανατολική Αττική,attica-east-attica-mainland,no,
25,Παραλία Αγριλέζας,Paralia Agrilezas,Ανατολική Αττική,attica-east-attica-mainland,no,
26,Παραλία Ακρωτηρίου,Paralia Akrotiriou,Ανατολική Αττική,attica-east-attica-mainland,no,
52,Παραλία Αλθέας,Paralia Altheas,Ανατολική Αττική,attica-east-attica-mainland,yes,attica:east_attica
66,Παραλία Αναβύσσου,Paralia Anavyssou,Ανατολική Αττική,attica-east-attica-mainland,yes,attica:east_attica
42,Παραλία Αράχνες,Paralia Arachnes,Ανατολική Αττική,attica-east-attica-mainland,no,
37,Παραλία Αρτέμιδας,Paralia Artemidas,Ανατολική Αττική,attica-east-attica-mainland,no,
39,Παραλία Βραυρώνας,Paralia Vravronas,Ανατολική Αττική,attica-east-attica-mainland,yes,attica:east_attica
34,Παραλία Ζούμπερι,Paralia Zoumperi,Ανατολική Αττική,attica-east-attica-mainland,no,
77,Παραλία ΚΑΠΕ,Paralia KAPE,Ανατολική Αττική,attica-east-attica-mainland,yes,attica:east_attica
49,Παραλία Κοκολόκο,Paralia Kokoloko,Ανατολική Αττική,attica-east-attica-mainland,no,
76,Παραλία Λεγραινών,Paralia Legrainon,Ανατολική Αττική,attica-east-attica-mainland,yes,attica:east_attica
33,Παραλία Μαραθώνα,Paralia Marathona,Ανατολική Αττική,attica-east-attica-mainland,yes,attica:east_attica
64,Παραλία Μαύρο Λιθάρι,Paralia Mavro Lithari,Ανατολική Αττική,attica-east-attica-mainland,yes,attica:east_attica
53,Παραλία Σκάλες Αλθέας,Paralia Skales Altheas,Ανατολική Αττική,attica-east-attica-mainland,yes,attica:east_attica
79,Παραλία Σουνίου,Paralia Souniou,Ανατολική Αττική,attica-east-attica-mainland,yes,attica:east_attica
32,Παραλία Σχινιά,Paralia Schinia,Ανατολική Αττική,attica-east-attica-mainland,yes,attica:east_attica
41,Παραλία Χαμολιά,Paralia Chamolia,Ανατολική Αττική,attica-east-attica-mainland,yes,attica:east_attica
72,Πασά,Pasa,Ανατολική Αττική,attica-east-attica-mainland,no,
57,Πεύκο,Pevko,Ανατολική Αττική,attica-east-attica-mainland,no,
36,Πλαζ Ραφήνας,Plaz Rafinas,Ανατολική Αττική,attica-east-attica-mainland,yes,attica:east_attica
56,Πόρτο Εννέα,Porto Ennea,Ανατολική Αττική,attica-east-attica-mainland,no,
3006,Πόρτο Ράφτη Αυλάκι,Porto Rafti Avlaki,Ανατολική Αττική,attica-east-attica-mainland,no,
71,Πούντα Ζέζα,Pounta Zeza,Ανατολική Αττική,attica-east-attica-mainland,yes,attica:east_attica
68,Σκαλάκια Αναβύσσου,Skalakia Anavyssou,Ανατολική Αττική,attica-east-attica-mainland,yes,attica:east_attica
73,Τσίου,Tsiou,Ανατολική Αττική,attica-east-attica-mainland,no,
61,Τσονίμα,Tsonima,Ανατολική Αττική,attica-east-attica-mainland,yes,attica:east_attica
75,Χάρακας,Charakas,Ανατολική Αττική,attica-east-attica-mainland,yes,attica:east_attica
3027,Ωρωπός Άγιοι Απόστολοι Καλάμου,Oropos Agii Apostoli Kalamou,Ανατολική Αττική,attica-east-attica-mainland,no,
3028,Ωρωπός Σκάλα Ωρωπού,Oropos Skala Oropou,Ανατολική Αττική,attica-east-attica-mainland,no,
3029,Ωρωπός Χαλκούτσι,Oropos Chalkoutsi,Ανατολική Αττική,attica-east-attica-mainland,no,
58,Lagonissi Grand Resort,Lagonissi Grand Resort,Ανατολική Αττική,attica-east-attica-mainland,no,
1671,Άγιοι Ανάργυροι,Agii Anargyri,Ανάφη,south-aegean-anafi,no,
1672,Βαγιά,Vagia,Ανάφη,south-aegean-anafi,no,
1673,Έξω Ρούκουνας,Exo Roukounas,Ανάφη,south-aegean-anafi,yes,cyclades:anafi
1674,Καλαγκάθι,Kalagkathi,Ανάφη,south-aegean-anafi,no,
1675,Καταλιμάτσα,Katalimatsa,Ανάφη,south-aegean-anafi,no,
1676,Κατσούνι,Katsouni,Ανάφη,south-aegean-anafi,no,
1677,Κλεισίδι,Klisidi,Ανάφη,south-aegean-anafi,yes,cyclades:anafi
1678,Λιβοσκόπος,Livoskopos,Ανάφη,south-aegean-anafi,no,
1679,Μέγας Ποταμός,Megas Potamos,Ανάφη,south-aegean-anafi,no,
1680,Μικρός Ρούκουνας,Mikros Roukounas,Ανάφη,south-aegean-anafi,yes,cyclades:anafi
1681,Ξετρυπητή,Xetrypiti,Ανάφη,south-aegean-anafi,no,
1682,Πρασιές,Prasies,Ανάφη,south-aegean-anafi,no,
1683,Πράσσα,Prassa,Ανάφη,south-aegean-anafi,no,
1684,Ρούκουνας,Roukounas,Ανάφη,south-aegean-anafi,yes,cyclades:anafi
1685,Φλαμουρού,Flamourou,Ανάφη,south-aegean-anafi,no,
1686,Αγ.Κυπριανός,Ag.Kyprianos,Άνδρος,south-aegean-andros,no,
1687,Άγιος Ιωάννης,Agios Ioannis,Άνδρος,south-aegean-andros,no,
1688,Αγιος Πέτρος,Agios Petros,Άνδρος,south-aegean-andros,no,
1689,Αποθηκες,Apothikes,Άνδρος,south-aegean-andros,no,
1690,Αρτεμίδι,Artemidi,Άνδρος,south-aegean-andros,no,
1691,Ατένι,Ateni,Άνδρος,south-aegean-andros,no,
1692,Αχλα,Achla,Άνδρος,south-aegean-andros,yes,cyclades:andros
1696,Βίντζι,Vintzi,Άνδρος,south-aegean-andros,no,
1693,Βιτάλι,Vitali,Άνδρος,south-aegean-andros,yes,cyclades:andros
1694,Βλυχάδα,Vlychada,Άνδρος,south-aegean-andros,no,
1695,Βόρη,Vori,Άνδρος,south-aegean-andros,no,
1697,Γίδες,Gides,Άνδρος,south-aegean-andros,no,
1698,Γυάλια,Gyalia,Άνδρος,south-aegean-andros,no,
1699,Ζορκος,Zorkos,Άνδρος,south-aegean-andros,no,
1700,Καλαμίτσι,Kalamitsi,Άνδρος,south-aegean-andros,no,
1701,Καμινάκι,Kaminaki,Άνδρος,south-aegean-andros,no,
1702,Κολώνα,Kolona,Άνδρος,south-aegean-andros,no,
1704,Κουρταλή,Kourtali,Άνδρος,south-aegean-andros,no,
1705,Κυπρί,Kypri,Άνδρος,south-aegean-andros,yes,cyclades:andros
1706,Λεύκα,Levka,Άνδρος,south-aegean-andros,no,
1707,Λεφκιβάρι,Lefkivari,Άνδρος,south-aegean-andros,no,
1708,Λιμανάκι,Limanaki,Άνδρος,south-aegean-andros,no,
1709,Λυδι,Lydi,Άνδρος,south-aegean-andros,no,
1710,Μεγάλα Πέζα,Megala Peza,Άνδρος,south-aegean-andros,no,
1711,Μικρά Πέζα,Mikra Peza,Άνδρος,south-aegean-andros,no,
1712,Μικρογιάλι,Mikrogiali,Άνδρος,south-aegean-andros,no,
1713,Μπατσί,Batsi,Άνδρος,south-aegean-andros,yes,cyclades:andros
1714,Μπουρός,Bouros,Άνδρος,south-aegean-andros,no,
1703,Νειμποριό,Nimporio,Άνδρος,south-aegean-andros,no,
1715,Παλαιοπολη,Palaiopoli,Άνδρος,south-aegean-andros,no,
1716,Παραλία Φελού,Paralia Felou,Άνδρος,south-aegean-andros,no,
1717,Παραπόρτι,Paraporti,Άνδρος,south-aegean-andros,no,
1718,Πίσω Γυάλια,Piso Gyalia,Άνδρος,south-aegean-andros,no,
1719,Πίσω Λιμνιώνας,Piso Limnionas,Άνδρος,south-aegean-andros,no,
1720,Πλατανιστός,Platanistos,Άνδρος,south-aegean-andros,no,
1721,Πύργος,Pyrgos,Άνδρος,south-aegean-andros,no,
1722,Ρόζος,Rozos,Άνδρος,south-aegean-andros,no,
1723,Στενό (Σταυρός),Steno (Stavros),Άνδρος,south-aegean-andros,no,
1724,Συνετί,Syneti,Άνδρος,south-aegean-andros,no,
1725,Της γριας το πήδημα,Tis grias to pidima,Άνδρος,south-aegean-andros,yes,cyclades:andros
1726,Χρυσή Αμμος,Chrysi Ammos,Άνδρος,south-aegean-andros,yes,cyclades:andros
1050,Αγριαπιδιά,Agriapidia,Αντίπαξοι,ionian-islands-antipaxos,no,
1053,Βουτούμι,Voutoumi,Αντίπαξοι,ionian-islands-antipaxos,no,
1055,Βρίκα,Vrika,Αντίπαξοι,ionian-islands-antipaxos,no,
1045,Καλαμίτσα,Kalamitsa,Αντίπαξοι,ionian-islands-antipaxos,no,
1048,Μεγάλο Αγνί,Megalo Agni,Αντίπαξοι,ionian-islands-antipaxos,no,
1054,Μεσοβρίκα,Mesovrika,Αντίπαξοι,ionian-islands-antipaxos,no,
1047,Μικρό Αγνί,Mikro Agni,Αντίπαξοι,ionian-islands-antipaxos,no,
1052,Πλάκκα,Plakka,Αντίπαξοι,ionian-islands-antipaxos,no,
1049,Ροδοβάνι,Rodovani,Αντίπαξοι,ionian-islands-antipaxos,no,
1051,Ροδοβανόπουλο,Rodovanopoulo,Αντίπαξοι,ionian-islands-antipaxos,no,
1043,Σαρακίνικο,Sarakiniko,Αντίπαξοι,ionian-islands-antipaxos,no,
1046,Σκίδι,Skidi,Αντίπαξοι,ionian-islands-antipaxos,no,
1044,Φύκι,Fyki,Αντίπαξοι,ionian-islands-antipaxos,no,
1727,Άγιος Σώστης,Agios Sostis,Αντίπαρος,south-aegean-antiparos,no,
1728,Ακτή Παναγίας Φανερωμένης,Akti Panagias Faneromenis,Αντίπαρος,south-aegean-antiparos,no,
1729,Δεύτερη Ψαραλυκή,Devteri Psaralyki,Αντίπαρος,south-aegean-antiparos,no,
1730,Θεολόγος,Theologos,Αντίπαρος,south-aegean-antiparos,no,
1731,Καλούδια,Kaloudia,Αντίπαρος,south-aegean-antiparos,no,
1732,Λιβάδι,Livadi,Αντίπαρος,south-aegean-antiparos,no,
1733,Λιβάδια,Livadia,Αντίπαρος,south-aegean-antiparos,no,
1734,Παραλία Παναγίας Δεσποτικού,Paralia Panagias Despotikou,Αντίπαρος,south-aegean-antiparos,no,
1735,Πρώτη Ψαραλυκή,Proti Psaralyki,Αντίπαρος,south-aegean-antiparos,no,
1736,Σιφνέικο,Sifniko,Αντίπαρος,south-aegean-antiparos,yes,cyclades:antiparos
1737,Σωρό,Soro,Αντίπαρος,south-aegean-antiparos,yes,cyclades:antiparos
1738,Φανερωμένη,Faneromeni,Αντίπαρος,south-aegean-antiparos,no,
1471,Ανάβαλος,Anavalos,Αργολίδα,peloponnese-argolida-mainland,no,
1472,Ανεπίσημη Γυμνιστική Παραλία,Anepisimi Gymnistiki Paralia,Αργολίδα,peloponnese-argolida-mainland,no,
1473,Βερβερόντα,Ververonta,Αργολίδα,peloponnese-argolida-mainland,no,
1496,Βιβάρι,Vivari,Αργολίδα,peloponnese-argolida-mainland,no,
1498,Γιαλάσι,Gialasi,Αργολίδα,peloponnese-argolida-mainland,no,
1474,Γκλιάτη,Gliati,Αργολίδα,peloponnese-argolida-mainland,no,
1497,Ίρια,Iria,Αργολίδα,peloponnese-argolida-mainland,no,
1475,Καλαμάκι,Kalamaki,Αργολίδα,peloponnese-argolida-mainland,no,
1476,Καραθώνα,Karathona,Αργολίδα,peloponnese-argolida-mainland,no,
1477,Καστράκι,Kastraki,Αργολίδα,peloponnese-argolida-mainland,no,
1504,Κόστα,Kosta,Αργολίδα,peloponnese-argolida-mainland,no,
1500,Κουβέρτα,Kouverta,Αργολίδα,peloponnese-argolida-mainland,no,
1501,Κουνουπί,Kounoupi,Αργολίδα,peloponnese-argolida-mainland,no,
1478,Λεπίτσα,Lepitsa,Αργολίδα,peloponnese-argolida-mainland,no,
1479,Μικρή Βουρλιά,Mikri Vourlia,Αργολίδα,peloponnese-argolida-mainland,no,
1480,Μπούκα,Bouka,Αργολίδα,peloponnese-argolida-mainland,no,
1499,Νέα Επίδαυρος - Αλιότου,Nea Epidavros - Aliotou,Αργολίδα,peloponnese-argolida-mainland,no,
1481,Νεράκι,Neraki,Αργολίδα,peloponnese-argolida-mainland,no,
1482,"Παραλία ""Παναγιά Πολέμαρχος""","Paralia ""Panagia Polemarchos""",Αργολίδα,peloponnese-argolida-mainland,no,
1483,Παραλία Αγίου Νικολάου - Κονδύλι,Paralia Agiou Nikolaou - Kondyli,Αργολίδα,peloponnese-argolida-mainland,no,
1484,Παραλία Αρβανιτιά,Paralia Arvanitia,Αργολίδα,peloponnese-argolida-mainland,no,
1485,Παραλία Ασίνης,Paralia Asinis,Αργολίδα,peloponnese-argolida-mainland,no,
1486,Παραλία Βαγιωνία,Paralia Vagionia,Αργολίδα,peloponnese-argolida-mainland,no,
1503,Παραλία Δάρδεζα,Paralia Dardeza,Αργολίδα,peloponnese-argolida-mainland,no,
1487,Παραλία Κάντιας,Paralia Kantias,Αργολίδα,peloponnese-argolida-mainland,no,
1488,Παραλία Κιβερίου,Paralia Kiveriou,Αργολίδα,peloponnese-argolida-mainland,no,
1489,Παραλία Μύλων,Paralia Mylon,Αργολίδα,peloponnese-argolida-mainland,no,
1490,Παραλία Σαλάντι,Paralia Salanti,Αργολίδα,peloponnese-argolida-mainland,no,
1491,Παραλία Τιμενίου,Paralia Timeniou,Αργολίδα,peloponnese-argolida-mainland,no,
1495,Παραλία Τολού - Ψιλή Άμμος,Paralia Tolou - Psili Ammos,Αργολίδα,peloponnese-argolida-mainland,no,
1492,Παραλία Φούρνων,Paralia Fournon,Αργολίδα,peloponnese-argolida-mainland,no,
1493,Πετροθάλασσα,Petrothalassa,Αργολίδα,peloponnese-argolida-mainland,no,
1494,Πλάκα Δρεπάνου,Plaka Drepanou,Αργολίδα,peloponnese-argolida-mainland,no,
1502,Χινίτσα,Chinitsa,Αργολίδα,peloponnese-argolida-mainland,no,
1505,Άγιος Χριστόφορος - Ζαρίτισι Τυρού,Agios Christoforos - Zaritisi Tyrou,Αρκαδία,peloponnese-arkadia-mainland,no,
1506,Άμμος του Μουλά,Ammos tou Moula,Αρκαδία,peloponnese-arkadia-mainland,no,
1507,Ατσίγγανος,Atsinganos,Αρκαδία,peloponnese-arkadia-mainland,no,
1508,Βίλες,Viles,Αρκαδία,peloponnese-arkadia-mainland,no,
1509,Ζαρίτσι,Zaritsi,Αρκαδία,peloponnese-arkadia-mainland,no,
1510,Καρακατσάνης,Karakatsanis,Αρκαδία,peloponnese-arkadia-mainland,no,
1511,Κρυονέρι,Kryoneri,Αρκαδία,peloponnese-arkadia-mainland,no,
1512,Λυγαριά,Lygaria,Αρκαδία,peloponnese-arkadia-mainland,no,
1513,Νεκροταφείο,Nekrotafio,Αρκαδία,peloponnese-arkadia-mainland,no,
1514,Παλιόχανο,Paliochano,Αρκαδία,peloponnese-arkadia-mainland,no,
1515,Παραλία Βερβένων,Paralia Vervenon,Αρκαδία,peloponnese-arkadia-mainland,no,
1516,Παραλία Θιόπαυτο,Paralia Thiopavto,Αρκαδία,peloponnese-arkadia-mainland,no,
1517,Παραλία Ξηροπήγαδου,Paralia Xiropigadou,Αρκαδία,peloponnese-arkadia-mainland,no,
1518,Πλαζ Παράλιου Άστρους,Plaz Paraliou Astrous,Αρκαδία,peloponnese-arkadia-mainland,no,
1519,Πούλιθρα,Poulithra,Αρκαδία,peloponnese-arkadia-mainland,no,
1520,Τηγάνι (Φουρνάκα),Tigani (Fournaka),Αρκαδία,peloponnese-arkadia-mainland,no,
2499,Λιμνάρι,Limnari,Αρκοί,south-aegean-arki,no,
2498,Πατελιά,Patelia,Αρκοί,south-aegean-arki,no,
860,Παραλία Σαλαώρας,Paralia Salaoras,Άρτα,epirus-arta-mainland,no,
861,Φράχτης,Frachtis,Άρτα,epirus-arta-mainland,no,
2230,Άγιος Βασίλειος,Agios Vasilios,Αστυπάλαια,south-aegean-astypalaia,no,
2232,Άγιος Ιωάννης,Agios Ioannis,Αστυπάλαια,south-aegean-astypalaia,no,
2231,Άγιος Ιωάννης Ρίχτης,Agios Ioannis Richtis,Αστυπάλαια,south-aegean-astypalaia,no,
2233,Άγιος Κωνσταντίνος,Agios Konstantinos,Αστυπάλαια,south-aegean-astypalaia,no,
2234,Βάι,Vai,Αστυπάλαια,south-aegean-astypalaia,yes,global
2235,Βάτσες,Vatses,Αστυπάλαια,south-aegean-astypalaia,no,
2236,Καμινάκια,Kaminakia,Αστυπάλαια,south-aegean-astypalaia,no,
2237,Κούνουπες,Kounoupes,Αστυπάλαια,south-aegean-astypalaia,no,
2238,Λαντές,Lantes,Αστυπάλαια,south-aegean-astypalaia,no,
2239,Λιβάδι,Livadi,Αστυπάλαια,south-aegean-astypalaia,yes,global
2240,Μαγαζάκι,Magazaki,Αστυπάλαια,south-aegean-astypalaia,no,
2241,Μαμούνια,Mamounia,Αστυπάλαια,south-aegean-astypalaia,no,
2242,Μικρές Βάτσες,Mikres Vatses,Αστυπάλαια,south-aegean-astypalaia,no,
2243,Μπλε Λιμανάκι,Ble Limanaki,Αστυπάλαια,south-aegean-astypalaia,no,
2244,Πάνορμος,Panormos,Αστυπάλαια,south-aegean-astypalaia,yes,global
2245,Παππού,Pappou,Αστυπάλαια,south-aegean-astypalaia,no,
2246,Παχιά Άμμος,Pachia Ammos,Αστυπάλαια,south-aegean-astypalaia,yes,global
2247,Πλάκες,Plakes,Αστυπάλαια,south-aegean-astypalaia,no,
2248,Στενό,Steno,Αστυπάλαια,south-aegean-astypalaia,no,
2249,Ψιλή Άμμος,Psili Ammos,Αστυπάλαια,south-aegean-astypalaia,yes,global
2502,Άκολη,Akoli,Αχαΐα,west-greece-achaia-mainland,no,
2503,Αμμόλοφος,Ammolofos,Αχαΐα,west-greece-achaia-mainland,no,
2504,Βάθη,Vathi,Αχαΐα,west-greece-achaia-mainland,no,
2505,Διγελιώτικα,Digeliotika,Αχαΐα,west-greece-achaia-mainland,no,
2506,Μικρό Γιανισκάρι,Mikro Gianiskari,Αχαΐα,west-greece-achaia-mainland,no,
2507,Νικολαίικα,Nikolaiika,Αχαΐα,west-greece-achaia-mainland,no,
2508,Παραλία Ακράτας,Paralia Akratas,Αχαΐα,west-greece-achaia-mainland,no,
2509,Παραλία Αλυκή,Paralia Alyki,Αχαΐα,west-greece-achaia-mainland,no,
2510,Παραλία Γιανισκάρη,Paralia Gianiskari,Αχαΐα,west-greece-achaia-mainland,no,
2511,Παραλία Εγκάλη,Paralia Egkali,Αχαΐα,west-greece-achaia-mainland,no,
2512,Παραλία Καλόγριας,Paralia Kalogrias,Αχαΐα,west-greece-achaia-mainland,no,
2513,Παραλία Πούντα,Paralia Pounta,Αχαΐα,west-greece-achaia-mainland,no,
3047,ΠΔΕ Καστελόκαμπος,PDE Kastelokampos,Αχαΐα,west-greece-achaia-mainland,no,
3048,ΠΔΕ Κάτω Αχαΐας,PDE Kato Achaias,Αχαΐα,west-greece-achaia-mainland,no,
3049,ΠΔΕ Λακκόπετρα,PDE Lakkopetra,Αχαΐα,west-greece-achaia-mainland,no,
3052,ΠΔΕ Πούντα Αιγιαλείας,PDE Pounta Aigialias,Αχαΐα,west-greece-achaia-mainland,no,
2514,Πλαζ Πατρών,Plaz Patron,Αχαΐα,west-greece-achaia-mainland,no,
2515,Τέμενη,Temeni,Αχαΐα,west-greece-achaia-mainland,no,
2516,Τρυπιά,Trypia,Αχαΐα,west-greece-achaia-mainland,no,
371,Άγιος Νικόλαος,Agios Nikolaos,Βοιωτία,central-greece-viotia-mainland,yes,global
372,Γυάλινη Άμμος,Gyalini Ammos,Βοιωτία,central-greece-viotia-mainland,no,
373,Ζάλτσα,Zaltsa,Βοιωτία,central-greece-viotia-mainland,no,
374,Λαιμός,Laimos,Βοιωτία,central-greece-viotia-mainland,no,
375,Παραλία Κορομίλι,Paralia Koromili,Βοιωτία,central-greece-viotia-mainland,no,
376,Παραλία Λιβαδόστρας,Paralia Livadostras,Βοιωτία,central-greece-viotia-mainland,no,
377,Παραλία Σαράντη,Paralia Saranti,Βοιωτία,central-greece-viotia-mainland,no,
3031,Τανάγρα Δήλεσι,Tanagra Dilesi,Βοιωτία,central-greece-viotia-mainland,no,
618,Άγιος Ιωάννης,Agios Ioannis,Γαύδος,crete-gavdos,no,
613,Κόρφος,Korfos,Γαύδος,crete-gavdos,no,
619,Λαβρακάς,Lavrakas,Γαύδος,crete-gavdos,no,
612,Λακκούδι,Lakkoudi,Γαύδος,crete-gavdos,no,
617,Λίβας,Livas,Γαύδος,crete-gavdos,no,
614,Ποταμός,Potamos,Γαύδος,crete-gavdos,no,
616,Πύργος,Pyrgos,Γαύδος,crete-gavdos,no,
615,Σαρακίνικο,Sarakiniko,Γαύδος,crete-gavdos,yes,global
611,Τρυπητή,Trypiti,Γαύδος,crete-gavdos,no,
2189,Κέδρος,Kedros,Δονούσα,south-aegean-donousa,no,
2190,Λιβάδι,Livadi,Δονούσα,south-aegean-donousa,no,
2191,Λιμενάρι,Limenari,Δονούσα,south-aegean-donousa,no,
2192,Σταυρός,Stavros,Δονούσα,south-aegean-donousa,no,
187,Ακρογιάλι,Akrogiali,Δυτική Αττική,attica-west-attica-mainland,no,
188,Παραλία Κινέτας,Paralia Kinetas,Δυτική Αττική,attica-west-attica-mainland,yes,attica:west_attica
189,Παραλία Πόρτο Γερμενό,Paralia Porto Germeno,Δυτική Αττική,attica-west-attica-mainland,yes,attica:west_attica
190,Παραλία Πόρτο Γερμενό (νότιο τμήμα),Paralia Porto Germeno (notio tmima),Δυτική Αττική,attica-west-attica-mainland,no,
191,Προσήλι,Prosili,Δυτική Αττική,attica-west-attica-mainland,no,
192,Ψάθα,Psatha,Δυτική Αττική,attica-west-attica-mainland,yes,attica:west_attica
775,Άγιος Γεώργιος Μάκρης,Agios Georgios Makris,Έβρος,east-macedonia-and-thrace-evros-mainland,yes,thrace:evros
777,Δίκελλα - Αγία Παρασκευή,Dikella - Agia Paraskevi,Έβρος,east-macedonia-and-thrace-evros-mainland,no,
778,Παραλία Αλεξανδρούπολης,Paralia Alexandroupolis,Έβρος,east-macedonia-and-thrace-evros-mainland,yes,thrace:evros
776,Παραλία Νέας Χιλής,Paralia Neas Chilis,Έβρος,east-macedonia-and-thrace-evros-mainland,yes,thrace:evros
1059,Μπραγκίνι,Bragkini,Ερείκουσα,ionian-islands-erikoussa,no,
1060,Πόρτο,Porto,Ερείκουσα,ionian-islands-erikoussa,no,
193,Αγία Ειρήνη Καρύστου,Agia Irini Karystou,Εύβοια,central-greece-evia,no,
194,Αγία Ειρήνη Μαρμαρίου,Agia Irini Marmariou,Εύβοια,central-greece-evia,no,
195,Αγία Παρασκευή,Agia Paraskevi,Εύβοια,central-greece-evia,no,
196,Άγιος Αθανάσιος,Agios Athanasios,Εύβοια,central-greece-evia,no,
197,Άγιος Αντώνιος,Agios Antonios,Εύβοια,central-greece-evia,no,
198,Άγιος Βασίλειος,Agios Vasilios,Εύβοια,central-greece-evia,no,
199,Άγιος Δημήτριος,Agios Dimitrios,Εύβοια,central-greece-evia,no,
200,Άγιος Μηνάς,Agios Minas,Εύβοια,central-greece-evia,no,
201,Άγιος Νικόλαος,Agios Nikolaos,Εύβοια,central-greece-evia,yes,global
202,Αγκάλη,Agkali,Εύβοια,central-greece-evia,yes,global
203,Ακρωτήρι,Akrotiri,Εύβοια,central-greece-evia,no,
204,Ακτή Βουβάλι,Akti Vouvali,Εύβοια,central-greece-evia,no,
205,Αλυκές,Alykes,Εύβοια,central-greece-evia,no,
206,Ανεμάκι,Anemaki,Εύβοια,central-greece-evia,no,
207,Αράλιμος,Aralimos,Εύβοια,central-greece-evia,no,
208,Αρχάμπολη,Archampoli,Εύβοια,central-greece-evia,no,
209,Ατάλαντος,Atalantos,Εύβοια,central-greece-evia,no,
210,Βαθυχάντακο,Vathychantako,Εύβοια,central-greece-evia,no,
211,Βαλοπούλα,Valopoula,Εύβοια,central-greece-evia,no,
212,Βαρελλαίων,Varellaion,Εύβοια,central-greece-evia,no,
213,Βύθουρη,Vythouri,Εύβοια,central-greece-evia,no,
214,Γάιδαρος,Gaidaros,Εύβοια,central-greece-evia,no,
215,Γαλατάκι,Galataki,Εύβοια,central-greece-evia,no,
216,Γαλλίδα,Gallida,Εύβοια,central-greece-evia,no,
217,Γιαννίτσι,Giannitsi,Εύβοια,central-greece-evia,no,
218,Γρεγολίμανο,Gregolimano,Εύβοια,central-greece-evia,no,
219,Δαφνοπόταμος,Dafnopotamos,Εύβοια,central-greece-evia,no,
220,Ελιά,Elia,Εύβοια,central-greece-evia,yes,global
221,Ζάστανα,Zastana,Εύβοια,central-greece-evia,no,
222,Ζέφυρος,Zefyros,Εύβοια,central-greece-evia,no,
223,Θαψά,Thapsa,Εύβοια,central-greece-evia,no,
224,Κάβος,Kavos,Εύβοια,central-greece-evia,no,
225,Κακιά,Kakia,Εύβοια,central-greece-evia,no,
226,Κακολίμανο,Kakolimano,Εύβοια,central-greece-evia,no,
227,Καλάμι,Kalami,Εύβοια,central-greece-evia,no,
228,Καλαμίτσι,Kalamitsi,Εύβοια,central-greece-evia,no,
229,Κάλαμος,Kalamos,Εύβοια,central-greece-evia,no,
230,Καναπίτσα,Kanapitsa,Εύβοια,central-greece-evia,no,
231,Κατσούλι,Katsouli,Εύβοια,central-greece-evia,no,
232,Κεφάλα,Kefala,Εύβοια,central-greece-evia,no,
233,Κλιμάκι,Klimaki,Εύβοια,central-greece-evia,no,
234,Κοκκινιάς,Kokkinias,Εύβοια,central-greece-evia,no,
235,Κορασίδα,Korasida,Εύβοια,central-greece-evia,no,
236,Κόσκινα,Koskina,Εύβοια,central-greece-evia,no,
237,Κουρέντι,Kourenti,Εύβοια,central-greece-evia,no,
238,Κρεμάλα,Kremala,Εύβοια,central-greece-evia,no,
239,Λάκα Σαραβάνου,Laka Saravanou,Εύβοια,central-greece-evia,no,
240,Λευκή Ακτή,Levki Akti,Εύβοια,central-greece-evia,no,
241,Λημνιώνας Μαρμαρίου,Limnionas Marmariou,Εύβοια,central-greece-evia,no,
243,Λιανή Άμμος Πετριών,Liani Ammos Petrion,Εύβοια,central-greece-evia,no,
242,Λιανή Άμμος Χαλκίδας,Liani Ammos Chalkidas,Εύβοια,central-greece-evia,no,
244,Λιβαδάκι,Livadaki,Εύβοια,central-greece-evia,yes,global
245,Λιβαδάκια,Livadakia,Εύβοια,central-greece-evia,yes,global
246,Λιβάδι,Livadi,Εύβοια,central-greece-evia,yes,global
247,Λιμνιώνα,Limniona,Εύβοια,central-greece-evia,no,
248,Λιμνιωνάκι,Limnionaki,Εύβοια,central-greece-evia,no,
249,Λιμνιώνας Ψαχνών,Limnionas Psachnon,Εύβοια,central-greece-evia,no,
250,Λινάρι,Linari,Εύβοια,central-greece-evia,no,
251,Λουτράκι Μπούρου,Loutraki Bourou,Εύβοια,central-greece-evia,no,
252,Μάγειρας,Magiras,Εύβοια,central-greece-evia,no,
253,Μακρύς Γιαλός,Makrys Gialos,Εύβοια,central-greece-evia,no,
254,Μάρμαρα,Marmara,Εύβοια,central-greece-evia,no,
255,Μαύρικας,Mavrikas,Εύβοια,central-greece-evia,no,
256,Μεγάλη Άμμος,Megali Ammos,Εύβοια,central-greece-evia,no,
257,Μικρή Κεφάλα,Mikri Kefala,Εύβοια,central-greece-evia,no,
258,Μνήματα,Mnimata,Εύβοια,central-greece-evia,no,
259,Μπουρνόντας,Bournontas,Εύβοια,central-greece-evia,no,
260,Ναυτικό,Navtiko,Εύβοια,central-greece-evia,no,
261,Νησιώτισσα,Nisiotissa,Εύβοια,central-greece-evia,no,
262,Παπαθανασίου,Papathanasiou,Εύβοια,central-greece-evia,no,
265,"Παραλία ""Αστέρια""","Paralia ""Asteria""",Εύβοια,central-greece-evia,no,
263,Παραλία Αγίου Νικολάου,Paralia Agiou Nikolaou,Εύβοια,central-greece-evia,no,
264,Παραλία Ακταίου,Paralia Aktaiou,Εύβοια,central-greece-evia,no,
266,Παραλία Αχλαδίου (Φραγκάκη),Paralia Achladiou (Fragkaki),Εύβοια,central-greece-evia,no,
267,Παραλία Βλαχιάς,Paralia Vlachias,Εύβοια,central-greece-evia,no,
268,Παραλία Γιάλτρων,Paralia Gialtron,Εύβοια,central-greece-evia,no,
269,Παραλία Δάφνης,Paralia Dafnis,Εύβοια,central-greece-evia,no,
270,Παραλία Εύα,Paralia Eva,Εύβοια,central-greece-evia,no,
271,Παραλία Καλλιανού,Paralia Kallianou,Εύβοια,central-greece-evia,no,
272,Παραλία Κοτσικιάς,Paralia Kotsikias,Εύβοια,central-greece-evia,no,
273,Παραλία Κρύας Βρύσης,Paralia Kryas Vrysis,Εύβοια,central-greece-evia,no,
274,Παραλία Μετοχίου,Paralia Metochiou,Εύβοια,central-greece-evia,no,
275,Παραλία Μουρτιάς,Paralia Mourtias,Εύβοια,central-greece-evia,no,
276,Παραλία Πευκί,Paralia Pevki,Εύβοια,central-greece-evia,no,
277,Παραλία Πολιτικών,Paralia Politikon,Εύβοια,central-greece-evia,no,
278,Παραλία Ροδάκι,Paralia Rodaki,Εύβοια,central-greece-evia,no,
279,Παραλία Σκιάθου,Paralia Skiathou,Εύβοια,central-greece-evia,no,
280,Παραλία τσιρμοκόκκαλα,Paralia tsirmokokkala,Εύβοια,central-greece-evia,no,
281,Παραλία Φάρου,Paralia Farou,Εύβοια,central-greece-evia,no,
282,Παραλία Φηγιά,Paralia Figia,Εύβοια,central-greece-evia,no,
283,Παραλία Ψαροπούλι/Βασιλικών,Paralia Psaropouli/Vasilikon,Εύβοια,central-greece-evia,no,
284,Πέλαγος,Pelagos,Εύβοια,central-greece-evia,no,
285,Πέρα Κατσούλι,Pera Katsouli,Εύβοια,central-greece-evia,no,
286,Πετάλη,Petali,Εύβοια,central-greece-evia,no,
287,Πηνελόπη,Pinelopi,Εύβοια,central-greece-evia,no,
288,Πίσω Συκιά,Piso Sykia,Εύβοια,central-greece-evia,no,
289,Πλατύς Γιαλός,Platys Gialos,Εύβοια,central-greece-evia,yes,global
290,Πόρτο Λάφια,Porto Lafia,Εύβοια,central-greece-evia,no,
291,Πόρτο Πεύκο,Porto Pevko,Εύβοια,central-greece-evia,no,
293,Ποτάμι Βλαχιάς,Potami Vlachias,Εύβοια,central-greece-evia,no,
292,Ποτάμι Καρύστου,Potami Karystou,Εύβοια,central-greece-evia,no,
294,Πρασίδι,Prasidi,Εύβοια,central-greece-evia,no,
295,Ροδιές,Rodies,Εύβοια,central-greece-evia,no,
297,Σαρακήνικο Αγίας Άννας,Sarakiniko Agias Annas,Εύβοια,central-greece-evia,no,
296,Σαρακήνικο Βλαχιάς,Sarakiniko Vlachias,Εύβοια,central-greece-evia,no,
298,Σγούρα,Sgoura,Εύβοια,central-greece-evia,no,
299,Σουβάλα,Souvala,Εύβοια,central-greece-evia,no,
300,Σούρζα Μπουτ,Sourza Bout,Εύβοια,central-greece-evia,no,
301,Σουτσίνι,Soutsini,Εύβοια,central-greece-evia,no,
302,Σπίθα,Spitha,Εύβοια,central-greece-evia,no,
303,Στενή,Steni,Εύβοια,central-greece-evia,no,
304,Στόμιο,Stomio,Εύβοια,central-greece-evia,no,
305,Συκιές,Sykies,Εύβοια,central-greece-evia,no,
306,Σχοινοδαύλεια,Schinodavlia,Εύβοια,central-greece-evia,no,
307,Τριανταφυλλένια,Triantafyllenia,Εύβοια,central-greece-evia,no,
308,Τσίλαρος,Tsilaros,Εύβοια,central-greece-evia,no,
309,Τσοκαΐτι,Tsokaiti,Εύβοια,central-greece-evia,no,
310,Χερόμυλος,Cheromylos,Εύβοια,central-greece-evia,no,
311,Χιλιαδού,Chiliadou,Εύβοια,central-greece-evia,no,
312,Χιλιαδού παραλία Γυμνιστών,Chiliadou paralia Gymniston,Εύβοια,central-greece-evia,no,
313,Χρυσή ακτή,Chrysi akti,Εύβοια,central-greece-evia,yes,global
314,Ψιλή Άμμος,Psili Ammos,Εύβοια,central-greece-evia,yes,global
1195,Άγιος Νικόλαος Βασιλικού,Agios Nikolaos Vasilikou,Ζάκυνθος,ionian-islands-zakynthos,no,
1182,Άγιος Νικόλαος Βολιμών,Agios Nikolaos Volimon,Ζάκυνθος,ionian-islands-zakynthos,no,
1183,Αλυκανάς,Alykanas,Ζάκυνθος,ionian-islands-zakynthos,no,
1199,Αλυκές,Alykes,Ζάκυνθος,ionian-islands-zakynthos,no,
1200,Αμμούδι,Ammoudi,Ζάκυνθος,ionian-islands-zakynthos,no,
1184,Αμπούλα,Ampoula,Ζάκυνθος,ionian-islands-zakynthos,no,
1201,Ατσίγγανος,Atsinganos,Ζάκυνθος,ionian-islands-zakynthos,no,
1197,Βαθύ Λαγκάδι,Vathy Lagkadi,Ζάκυνθος,ionian-islands-zakynthos,no,
1202,Βουρδέρη,Vourderi,Ζάκυνθος,ionian-islands-zakynthos,no,
1186,Δάφνη,Dafni,Ζάκυνθος,ionian-islands-zakynthos,no,
1187,Καλαμάκι,Kalamaki,Ζάκυνθος,ionian-islands-zakynthos,no,
1203,Καμαρωτή,Kamaroti,Ζάκυνθος,ionian-islands-zakynthos,no,
1188,Κορακονήσι,Korakonisi,Ζάκυνθος,ionian-islands-zakynthos,no,
1189,Κρεμμύδι,Kremmydi,Ζάκυνθος,ionian-islands-zakynthos,no,
1190,Λαγανάς,Laganas,Ζάκυνθος,ionian-islands-zakynthos,no,
1204,Λευκή Παραλία,Levki Paralia,Ζάκυνθος,ionian-islands-zakynthos,no,
1192,Μαδράκια,Madrakia,Ζάκυνθος,ionian-islands-zakynthos,no,
1205,Μακρύς Γιαλός,Makrys Gialos,Ζάκυνθος,ionian-islands-zakynthos,no,
1206,Μαυράτζης,Mavratzis,Ζάκυνθος,ionian-islands-zakynthos,no,
1207,Μεγάλη Μυζήθρα,Megali Myzithra,Ζάκυνθος,ionian-islands-zakynthos,no,
1191,Μικρή Ξύγκια,Mikri Xygkia,Ζάκυνθος,ionian-islands-zakynthos,no,
1185,Μπανάνα,Banana,Ζάκυνθος,ionian-islands-zakynthos,no,
1208,Ναυάγιο,Navagio,Ζάκυνθος,ionian-islands-zakynthos,no,
1198,Ξύγκια,Xygkia,Ζάκυνθος,ionian-islands-zakynthos,no,
1209,Παραλία Γέρακας,Paralia Gerakas,Ζάκυνθος,ionian-islands-zakynthos,no,
1210,Παραλία Κεριού,Paralia Keriou,Ζάκυνθος,ionian-islands-zakynthos,no,
1211,Παραλία Μαραθιά,Paralia Marathia,Ζάκυνθος,ionian-islands-zakynthos,no,
1212,Παραλία Μαραθονήσι,Paralia Marathonisi,Ζάκυνθος,ionian-islands-zakynthos,no,
1213,Παραλία Πλακάκι,Paralia Plakaki,Ζάκυνθος,ionian-islands-zakynthos,no,
1214,Παραλία Σελίνας Φιλίππων,Paralia Selinas Filippon,Ζάκυνθος,ionian-islands-zakynthos,no,
1215,Πλάκα/Περιβολάκια,Plaka/Perivolakia,Ζάκυνθος,ionian-islands-zakynthos,no,
1216,Πόρτο Βρώμη,Porto Vromi,Ζάκυνθος,ionian-islands-zakynthos,no,
1217,Πόρτο Ζόρο,Porto Zoro,Ζάκυνθος,ionian-islands-zakynthos,no,
1218,Πόρτο Καμίνια,Porto Kaminia,Ζάκυνθος,ionian-islands-zakynthos,no,
1193,Πόρτο Λιμνιώνας,Porto Limnionas,Ζάκυνθος,ionian-islands-zakynthos,no,
1194,Πόρτο Ρόξα,Porto Roxa,Ζάκυνθος,ionian-islands-zakynthos,no,
1219,Πόρτο Ρώμα,Porto Roma,Ζάκυνθος,ionian-islands-zakynthos,no,
1220,Σεκάνια,Sekania,Ζάκυνθος,ionian-islands-zakynthos,no,
1196,Τσιλιβί,Tsilivi,Ζάκυνθος,ionian-islands-zakynthos,no,
2565,Άγιος Ανδρέας,Agios Andreas,Ηλεία,west-greece-ileia-mainland,no,
2566,Αρκούδι,Arkoudi,Ηλεία,west-greece-ileia-mainland,no,
2567,Κουνουπελάκι,Kounoupelaki,Ηλεία,west-greece-ileia-mainland,no,
2568,Κουνουπέλι,Kounoupeli,Ηλεία,west-greece-ileia-mainland,no,
2569,Ματζάκουρα,Matzakoura,Ηλεία,west-greece-ileia-mainland,no,
2570,Μέλισσα,Melissa,Ηλεία,west-greece-ileia-mainland,no,
2571,Μπρινιά,Brinia,Ηλεία,west-greece-ileia-mainland,no,
2572,Παραλία Αγίας Μαρίνας,Paralia Agias Marinas,Ηλεία,west-greece-ileia-mainland,no,
2573,Παραλία Αγίου Ηλία,Paralia Agiou Ilia,Ηλεία,west-greece-ileia-mainland,no,
2574,Παραλία Κουρούτα,Paralia Kourouta,Ηλεία,west-greece-ileia-mainland,no,
2575,Παραλία Κυλλήνης,Paralia Kyllinis,Ηλεία,west-greece-ileia-mainland,no,
2576,Παραλία Λεβεντοχωρίου,Paralia Leventochoriou,Ηλεία,west-greece-ileia-mainland,no,
2577,Παραλία Μαραθιάς,Paralia Marathias,Ηλεία,west-greece-ileia-mainland,no,
3053,Πηνειός Γλύφα,Pinios Glyfa,Ηλεία,west-greece-ileia-mainland,no,
2578,Σκαφιδιά,Skafidia,Ηλεία,west-greece-ileia-mainland,no,
2579,Φάλαρι,Falari,Ηλεία,west-greece-ileia-mainland,no,
2219,Βορεινή Σπηλιά,Vorini Spilia,Ηρακλειά,south-aegean-iraklia,no,
2220,Λιβάδι,Livadi,Ηρακλειά,south-aegean-iraklia,no,
635,Αγία Πελαγία,Agia Pelagia,Ηράκλειο,crete-crete-heraklion,no,
666,Άγιος Νικήτας,Agios Nikitas,Ηράκλειο,crete-crete-heraklion,no,
621,Αγιοφάραγγο,Agiofarango,Ηράκλειο,crete-crete-heraklion,no,
653,Αλιόρι,Aliori,Ηράκλειο,crete-crete-heraklion,no,
633,Αμμουδάρα,Ammoudara,Ηράκλειο,crete-crete-heraklion,no,
643,Ανάληψη,Analipsi,Ηράκλειο,crete-crete-heraklion,no,
632,Βαθύ,Vathy,Ηράκλειο,crete-crete-heraklion,no,
664,Γλυκός Κόλυμπος,Glykos Kolympos,Ηράκλειο,crete-crete-heraklion,no,
642,Γούβες,Gouves,Ηράκλειο,crete-crete-heraklion,no,
660,Ελυγιά,Elygia,Ηράκλειο,crete-crete-heraklion,no,
623,Καραβόβρυση,Karavovrysi,Ηράκλειο,crete-crete-heraklion,no,
634,Καρτερός,Karteros,Ηράκλειο,crete-crete-heraklion,no,
649,Καταλυκή,Katalyki,Ηράκλειο,crete-crete-heraklion,no,
659,Κατάρτι,Katarti,Ηράκλειο,crete-crete-heraklion,no,
656,Κόκκινες Πλάκες,Kokkines Plakes,Ηράκλειο,crete-crete-heraklion,no,
624,Κόκκινη Άμμος,Kokkini Ammos,Ηράκλειο,crete-crete-heraklion,no,
641,Κοκκίνη Χάνι,Kokkini Chani,Ηράκλειο,crete-crete-heraklion,no,
625,Κομμός,Kommos,Ηράκλειο,crete-crete-heraklion,yes,crete:heraklion
652,Κουδουμάς,Koudoumas,Ηράκλειο,crete-crete-heraklion,no,
658,Λεπριάς,Leprias,Ηράκλειο,crete-crete-heraklion,no,
650,Ληστής,Listis,Ηράκλειο,crete-crete-heraklion,no,
644,Λιμανάκια Χερσονήσου,Limanakia Chersonisou,Ηράκλειο,crete-crete-heraklion,no,
636,Λυγαριά,Lygaria,Ηράκλειο,crete-crete-heraklion,no,
639,Μάδε,Made,Ηράκλειο,crete-crete-heraklion,no,
667,Μακριά Άμμος,Makria Ammos,Ηράκλειο,crete-crete-heraklion,no,
646,Μάλια,Malia,Ηράκλειο,crete-crete-heraklion,no,
663,Μαριδάκι,Maridaki,Ηράκλειο,crete-crete-heraklion,no,
627,Μάρτσαλο,Martsalo,Ηράκλειο,crete-crete-heraklion,no,
626,Μάταλα,Matala,Ηράκλειο,crete-crete-heraklion,yes,crete:heraklion
657,Μάχα,Macha,Ηράκλειο,crete-crete-heraklion,no,
637,Μονοναύτης,Mononavtis,Ηράκλειο,crete-crete-heraklion,no,
640,Παλαιόκαστρο,Palaiokastro,Ηράκλειο,crete-crete-heraklion,no,
648,Παραλία Κρασά,Paralia Krasa,Ηράκλειο,crete-crete-heraklion,no,
655,Πέρα Γαλήνοι,Pera Galini,Ηράκλειο,crete-crete-heraklion,no,
628,Πόρος,Poros,Ηράκλειο,crete-crete-heraklion,no,
647,Ποταμός Μαλίας,Potamos Malias,Ηράκλειο,crete-crete-heraklion,no,
665,Σαλαμίας,Salamias,Ηράκλειο,crete-crete-heraklion,no,
670,Σαραντάρι,Sarantari,Ηράκλειο,crete-crete-heraklion,no,
661,Σκούρος,Skouros,Ηράκλειο,crete-crete-heraklion,no,
645,Σταλίδα,Stalida,Ηράκλειο,crete-crete-heraklion,no,
662,Στενά,Stena,Ηράκλειο,crete-crete-heraklion,no,
630,Τραφουλάς,Trafoulas,Ηράκλειο,crete-crete-heraklion,no,
631,Τρυπητή,Trypiti,Ηράκλειο,crete-crete-heraklion,no,
622,Φόδελε,Fodele,Ηράκλειο,crete-crete-heraklion,no,
3033,Χερσόνησος Αγκισαράς,Chersonisos Agkisaras,Ηράκλειο,crete-crete-heraklion,no,
668,Χρυσόστομος,Chrysostomos,Ηράκλειο,crete-crete-heraklion,no,
638,Ψαρομούρα,Psaromoura,Ηράκλειο,crete-crete-heraklion,no,
629,Ψιλή Άμμος,Psili Ammos,Ηράκλειο,crete-crete-heraklion,no,
671,Ψιλή Άμμος Καλών Λιμένων,Psili Ammos Kalon Limenon,Ηράκλειο,crete-crete-heraklion,no,
620,Afrathia,Afrathia,Ηράκλειο,crete-crete-heraklion,no,
651,Keratokambos,Keratokambos,Ηράκλειο,crete-crete-heraklion,no,
669,Pantanassa,Pantanassa,Ηράκλειο,crete-crete-heraklion,no,
654,Star Beach,Star Beach,Ηράκλειο,crete-crete-heraklion,no,
804,Αγία Άννα,Agia Anna,Θάσος,east-macedonia-and-thrace-thasos,no,
805,Αγία Παρασκευή,Agia Paraskevi,Θάσος,east-macedonia-and-thrace-thasos,no,
802,Άγιος Αντώνιος,Agios Antonios,Θάσος,east-macedonia-and-thrace-thasos,no,
834,Άγιος Βασίλειος,Agios Vasilios,Θάσος,east-macedonia-and-thrace-thasos,no,
803,Άγιος Ιωάννης Λουκάς,Agios Ioannis Loukas,Θάσος,east-macedonia-and-thrace-thasos,no,
806,Αλεξάντρα,Alexantra,Θάσος,east-macedonia-and-thrace-thasos,no,
807,Αλυκές,Alykes,Θάσος,east-macedonia-and-thrace-thasos,no,
808,Αρσανάς,Arsanas,Θάσος,east-macedonia-and-thrace-thasos,no,
809,Αστρίς,Astris,Θάσος,east-macedonia-and-thrace-thasos,no,
801,Ατσπάς,Atspas,Θάσος,east-macedonia-and-thrace-thasos,no,
836,Βάθη,Vathi,Θάσος,east-macedonia-and-thrace-thasos,no,
3004,Γκιόλα,Giola,Θάσος,east-macedonia-and-thrace-thasos,no,
837,Γλυκάδι,Glykadi,Θάσος,east-macedonia-and-thrace-thasos,no,
838,Γλυφάδα,Glyfada,Θάσος,east-macedonia-and-thrace-thasos,no,
839,Γλυφονέρι,Glyfoneri,Θάσος,east-macedonia-and-thrace-thasos,no,
840,Δασύλλιο,Dasyllio,Θάσος,east-macedonia-and-thrace-thasos,no,
810,Θυμωνιά,Thymonia,Θάσος,east-macedonia-and-thrace-thasos,no,
811,Καλάμι,Kalami,Θάσος,east-macedonia-and-thrace-thasos,no,
841,Καρνάγιο,Karnagio,Θάσος,east-macedonia-and-thrace-thasos,no,
812,Κεκές,Kekes,Θάσος,east-macedonia-and-thrace-thasos,no,
842,Κλίσμα,Klisma,Θάσος,east-macedonia-and-thrace-thasos,no,
843,Κοίνυρα,Kinyra,Θάσος,east-macedonia-and-thrace-thasos,no,
813,Λιβάδι,Livadi,Θάσος,east-macedonia-and-thrace-thasos,no,
844,Λιμανάκι,Limanaki,Θάσος,east-macedonia-and-thrace-thasos,no,
814,Λιμενάρια,Limenaria,Θάσος,east-macedonia-and-thrace-thasos,no,
845,Μακρύαμμος,Makryammos,Θάσος,east-macedonia-and-thrace-thasos,no,
815,Μεταλλεία,Metallia,Θάσος,east-macedonia-and-thrace-thasos,no,
816,Μικρή παραλία,Mikri paralia,Θάσος,east-macedonia-and-thrace-thasos,no,
846,Νιστέρι,Nisteri,Θάσος,east-macedonia-and-thrace-thasos,no,
817,Νότος,Notos,Θάσος,east-macedonia-and-thrace-thasos,no,
835,Όρμος Αγίου Ιωάννου,Ormos Agiou Ioannou,Θάσος,east-macedonia-and-thrace-thasos,no,
847,Παπαλιμάνι,Papalimani,Θάσος,east-macedonia-and-thrace-thasos,no,
818,Παραδείσος,Paradisos,Θάσος,east-macedonia-and-thrace-thasos,yes,macedonia:thasos
833,Παραλία Γλυφάδα (Θάσος),Paralia Glyfada (Thasos),Θάσος,east-macedonia-and-thrace-thasos,no,
848,Παχύς,Pachys,Θάσος,east-macedonia-and-thrace-thasos,no,
819,Πευκάρι,Pevkari,Θάσος,east-macedonia-and-thrace-thasos,no,
820,Πλάτανα,Platana,Θάσος,east-macedonia-and-thrace-thasos,no,
849,Πόρτο Βαθύ,Porto Vathy,Θάσος,east-macedonia-and-thrace-thasos,no,
821,Ποτός,Potos,Θάσος,east-macedonia-and-thrace-thasos,no,
822,Ρωσογκρεμός,Rosogkremos,Θάσος,east-macedonia-and-thrace-thasos,no,
850,Σαλιάρα,Saliara,Θάσος,east-macedonia-and-thrace-thasos,yes,macedonia:thasos
823,Σαλονικιός,Salonikios,Θάσος,east-macedonia-and-thrace-thasos,no,
851,Σκάλα Καλλιράχης,Skala Kallirachis,Θάσος,east-macedonia-and-thrace-thasos,no,
824,Σκάλα Μαριών,Skala Marion,Θάσος,east-macedonia-and-thrace-thasos,no,
852,Σκάλα Πρίνου,Skala Prinou,Θάσος,east-macedonia-and-thrace-thasos,no,
853,Σκάλα Ραχώνι,Skala Rachoni,Θάσος,east-macedonia-and-thrace-thasos,no,
854,Σκάλα Σωτήρος,Skala Sotiros,Θάσος,east-macedonia-and-thrace-thasos,no,
825,Σκίδια,Skidia,Θάσος,east-macedonia-and-thrace-thasos,no,
826,Σμαραγδένια Παραλία,Smaragdenia Paralia,Θάσος,east-macedonia-and-thrace-thasos,no,
855,Ταρσανάς,Tarsanas,Θάσος,east-macedonia-and-thrace-thasos,no,
827,Τρυπητή,Trypiti,Θάσος,east-macedonia-and-thrace-thasos,no,
828,Φαρι,Fari,Θάσος,east-macedonia-and-thrace-thasos,no,
856,Χρυσή Ακτή,Chrysi Akti,Θάσος,east-macedonia-and-thrace-thasos,yes,macedonia:thasos
857,Χρυσή Αμμουδιά,Chrysi Ammoudia,Θάσος,east-macedonia-and-thrace-thasos,yes,macedonia:thasos
829,Ψιλή Άμμος,Psili Ammos,Θάσος,east-macedonia-and-thrace-thasos,no,
830,Blue Lake,Blue Lake,Θάσος,east-macedonia-and-thrace-thasos,no,
831,Hara,Hara,Θάσος,east-macedonia-and-thrace-thasos,no,
832,Ilio Mare,Ilio Mare,Θάσος,east-macedonia-and-thrace-thasos,no,
888,Αγία Παρασκευή,Agia Paraskevi,Θεσπρωτία,epirus-thesprotia-mainland,no,
889,Αγκάλη,Agkali,Θεσπρωτία,epirus-thesprotia-mainland,yes,global
890,Αρίλλα,Arilla,Θεσπρωτία,epirus-thesprotia-mainland,no,
891,Γαλλικός Μώλος,Gallikos Molos,Θεσπρωτία,epirus-thesprotia-mainland,no,
892,Δεή,Dei,Θεσπρωτία,epirus-thesprotia-mainland,no,
893,Δεή πλους,Dei plous,Θεσπρωτία,epirus-thesprotia-mainland,no,
894,Διαπόρι,Diapori,Θεσπρωτία,epirus-thesprotia-mainland,no,
896,Ζαβία,Zavia,Θεσπρωτία,epirus-thesprotia-mainland,no,
895,Ζέρη,Zeri,Θεσπρωτία,epirus-thesprotia-mainland,no,
898,Καμίνι,Kamini,Θεσπρωτία,epirus-thesprotia-mainland,no,
899,Καραβοστάσι,Karavostasi,Θεσπρωτία,epirus-thesprotia-mainland,no,
897,Κάρβουνο,Karvouno,Θεσπρωτία,epirus-thesprotia-mainland,no,
900,Μέγα Άμμος,Mega Ammos,Θεσπρωτία,epirus-thesprotia-mainland,no,
901,Μέγα Ντράφι,Mega Drafi,Θεσπρωτία,epirus-thesprotia-mainland,no,
902,Μικρή Άμμος,Mikri Ammos,Θεσπρωτία,epirus-thesprotia-mainland,no,
903,Μικρό Ντράφι,Mikro Drafi,Θεσπρωτία,epirus-thesprotia-mainland,no,
904,Μουρτεμένο,Mourtemeno,Θεσπρωτία,epirus-thesprotia-mainland,no,
905,Μπέλα Βράκα,Bela Vraka,Θεσπρωτία,epirus-thesprotia-mainland,no,
906,Πάνα,Pana,Θεσπρωτία,epirus-thesprotia-mainland,no,
910,Παραλία Γαλάζιος Κόλπος,Paralia Galazios Kolpos,Θεσπρωτία,epirus-thesprotia-mainland,no,
909,Παραλία Γάτα,Paralia Gata,Θεσπρωτία,epirus-thesprotia-mainland,no,
911,Παραλία Δρέπανο,Paralia Drepano,Θεσπρωτία,epirus-thesprotia-mainland,no,
908,Παραλία Έλενα,Paralia Elena,Θεσπρωτία,epirus-thesprotia-mainland,no,
912,Παραλία Ελιά,Paralia Elia,Θεσπρωτία,epirus-thesprotia-mainland,no,
913,Παραλία Καλάμι,Paralia Kalami,Θεσπρωτία,epirus-thesprotia-mainland,no,
914,Παραλία Κατσονήσι,Paralia Katsonisi,Θεσπρωτία,epirus-thesprotia-mainland,no,
924,Παραλία Κέρκυρα,Paralia Kerkyra,Θεσπρωτία,epirus-thesprotia-mainland,no,
915,Παραλία Κόκκινος Βράχος,Paralia Kokkinos Vrachos,Θεσπρωτία,epirus-thesprotia-mainland,no,
916,Παραλία Μακρυγιάλι,Paralia Makrygiali,Θεσπρωτία,epirus-thesprotia-mainland,no,
917,Παραλία Μπούκα,Paralia Bouka,Θεσπρωτία,epirus-thesprotia-mainland,no,
918,Παραλία Ναυτίλος,Paralia Navtilos,Θεσπρωτία,epirus-thesprotia-mainland,no,
919,Παραλία Πλαταριάς,Paralia Platarias,Θεσπρωτία,epirus-thesprotia-mainland,no,
925,Παραλία Σαγιάδας,Paralia Sagiadas,Θεσπρωτία,epirus-thesprotia-mainland,no,
907,Παραλία Plataria Beach Hotel,Paralia Plataria Beach Hotel,Θεσπρωτία,epirus-thesprotia-mainland,no,
920,Πισίνα,Pisina,Θεσπρωτία,epirus-thesprotia-mainland,no,
921,Πράπα Μάλι,Prapa Mali,Θεσπρωτία,epirus-thesprotia-mainland,no,
922,Σοφάς,Sofas,Θεσπρωτία,epirus-thesprotia-mainland,no,
923,Σταυρολιμένας,Stavrolimenas,Θεσπρωτία,epirus-thesprotia-mainland,no,
926,Keramidi Beach,Keramidi Beach,Θεσπρωτία,epirus-thesprotia-mainland,no,
1237,Αμμούδι,Ammoudi,Ιθάκη,ionian-islands-ithaca,no,
1221,Άντρη,Antri,Ιθάκη,ionian-islands-ithaca,no,
1231,Άσπρος Γιαλός,Aspros Gialos,Ιθάκη,ionian-islands-ithaca,no,
1243,Αφάλες,Afales,Ιθάκη,ionian-islands-ithaca,no,
1240,Δεύτερα Κουρβούλια,Devtera Kourvoulia,Ιθάκη,ionian-islands-ithaca,no,
1232,Κουτούπι,Koutoupi,Ιθάκη,ionian-islands-ithaca,no,
1234,Κριτάμι,Kritami,Ιθάκη,ionian-islands-ithaca,no,
1233,Λιανό Νησάκι,Liano Nisaki,Ιθάκη,ionian-islands-ithaca,no,
1242,Λιμένια,Limenia,Ιθάκη,ionian-islands-ithaca,no,
1227,Λούτσα,Loutsa,Ιθάκη,ionian-islands-ithaca,no,
1235,Μικρή Πόλη,Mikri Poli,Ιθάκη,ionian-islands-ithaca,no,
1230,Παραλία Γιδάκι,Paralia Gidaki,Ιθάκη,ionian-islands-ithaca,no,
1225,Παραλία Δεξά,Paralia Dexa,Ιθάκη,ionian-islands-ithaca,no,
1223,Παραλία Καμίνια,Paralia Kaminia,Ιθάκη,ionian-islands-ithaca,no,
1244,Παραλία Μάρμακα,Paralia Marmaka,Ιθάκη,ionian-islands-ithaca,no,
1228,Παραλία Μνήματα,Paralia Mnimata,Ιθάκη,ionian-islands-ithaca,no,
1224,Παραλία Σαρακήνικο,Paralia Sarakiniko,Ιθάκη,ionian-islands-ithaca,no,
1229,Παραλία Σκίνος,Paralia Skinos,Ιθάκη,ionian-islands-ithaca,no,
1226,Παραλία Φιλιατρό,Paralia Filiatro,Ιθάκη,ionian-islands-ithaca,no,
1222,Πέρα Πηγάδι,Pera Pigadi,Ιθάκη,ionian-islands-ithaca,no,
1238,Πλακούτσες,Plakoutses,Ιθάκη,ionian-islands-ithaca,no,
1236,Πόλη,Poli,Ιθάκη,ionian-islands-ithaca,no,
1241,Πρώτα Κουρβούλια,Prota Kourvoulia,Ιθάκη,ionian-islands-ithaca,no,
1239,Τρίτα Κουρβούλια,Trita Kourvoulia,Ιθάκη,ionian-islands-ithaca,no,
1294,Αγάλιασμα,Agaliasma,Ικαρία,north-aegean-ikaria,no,
1293,Άρης Ποταμός,Aris Potamos,Ικαρία,north-aegean-ikaria,no,
1295,Αρμενιστής,Armenistis,Ικαρία,north-aegean-ikaria,no,
1296,Ιερό,Iero,Ικαρία,north-aegean-ikaria,no,
1297,Κάμπος,Kampos,Ικαρία,north-aegean-ikaria,no,
1298,Κεραμέ,Kerame,Ικαρία,north-aegean-ikaria,no,
1299,Κυπαρίσσι,Kyparissi,Ικαρία,north-aegean-ikaria,no,
1300,Λιβάδι,Livadi,Ικαρία,north-aegean-ikaria,no,
1301,Μεσακτή,Mesakti,Ικαρία,north-aegean-ikaria,yes,north-aegean:ikaria
1302,Νας,Nas,Ικαρία,north-aegean-ikaria,yes,north-aegean:ikaria
1303,Παραλία Ξυλοσύρτη,Paralia Xylosyrti,Ικαρία,north-aegean-ikaria,no,
1305,Παρθένι,Partheni,Ικαρία,north-aegean-ikaria,no,
1306,Πριόνι,Prioni,Ικαρία,north-aegean-ikaria,no,
1307,Σευχέλες,Sevcheles,Ικαρία,north-aegean-ikaria,no,
1308,Συρτικό,Syrtiko,Ικαρία,north-aegean-ikaria,no,
1304,Του Κοντού το Λάκωμα,Tou Kontou to Lakoma,Ικαρία,north-aegean-ikaria,no,
1309,Τράχηλα,Trachila,Ικαρία,north-aegean-ikaria,no,
1310,Φυρόδη,Fyrodi,Ικαρία,north-aegean-ikaria,no,
1311,Φύτεμα,Fytema,Ικαρία,north-aegean-ikaria,no,
1759,Αγία Θεοδότη,Agia Theodoti,Ίος,south-aegean-ios,no,
1760,Αγία Κυριακή,Agia Kyriaki,Ίος,south-aegean-ios,no,
1762,Αλμυρός,Almyros,Ίος,south-aegean-ios,no,
1763,Αντώναρου,Antonarou,Ίος,south-aegean-ios,no,
1764,Βαθύ Ρέμα,Vathy Rema,Ίος,south-aegean-ios,no,
1765,Βαλμάς,Valmas,Ίος,south-aegean-ios,no,
1766,Διαμμούδια,Diammoudia,Ίος,south-aegean-ios,no,
1767,Κάλαμος,Kalamos,Ίος,south-aegean-ios,no,
1768,Καμπάκι,Kampaki,Ίος,south-aegean-ios,no,
1769,Καρατζάς,Karatzas,Ίος,south-aegean-ios,no,
1771,Κατσιβέλι,Katsiveli,Ίος,south-aegean-ios,no,
1772,Κλήμα,Klima,Ίος,south-aegean-ios,no,
1773,Κολιτσάνι,Kolitsani,Ίος,south-aegean-ios,no,
1774,Κουμπάρα,Koumpara,Ίος,south-aegean-ios,no,
1776,Λορέντζαινα,Lorentzaina,Ίος,south-aegean-ios,no,
1777,Λουκά Αυλάκι,Louka Avlaki,Ίος,south-aegean-ios,no,
1778,Μαγγανάρι,Manganari,Ίος,south-aegean-ios,no,
1779,Μανούσου,Manousou,Ίος,south-aegean-ios,no,
1780,Μυλοπότας,Mylopotas,Ίος,south-aegean-ios,no,
1781,Νεράκι,Neraki,Ίος,south-aegean-ios,no,
1782,Ντόμινο,Domino,Ίος,south-aegean-ios,no,
1785,Παπάς,Papas,Ίος,south-aegean-ios,no,
1783,Πέπα,Pepa,Ίος,south-aegean-ios,no,
1789,Πικρί Νερό,Pikri Nero,Ίος,south-aegean-ios,no,
1790,Πλάκες,Plakes,Ίος,south-aegean-ios,no,
1791,Ρούσσου,Roussou,Ίος,south-aegean-ios,no,
1792,Σαντορινέικο,Santoriniko,Ίος,south-aegean-ios,no,
1793,Σαπουνόχωμα,Sapounochoma,Ίος,south-aegean-ios,no,
1794,Σοφιάς Αυλάκι,Sofias Avlaki,Ίος,south-aegean-ios,no,
1795,Τζαμαρία,Tzamaria,Ίος,south-aegean-ios,no,
1798,Τρεις Κλεισιές βόρειος,Tris Klisies vorios,Ίος,south-aegean-ios,no,
1799,Τρεις Κλεισιές μεγάλη,Tris Klisies megali,Ίος,south-aegean-ios,no,
1800,Τρεις Κλεισιές μικρή,Tris Klisies mikri,Ίος,south-aegean-ios,no,
1801,Τρυπητή,Trypiti,Ίος,south-aegean-ios,no,
1802,Χάλαρα,Chalara,Ίος,south-aegean-ios,no,
1803,Ψάθη,Psathi,Ίος,south-aegean-ios,no,
1755,Foniadiko,Foniadiko,Ίος,south-aegean-ios,no,
1756,Gero Aggeli,Gero Aggeli,Ίος,south-aegean-ios,no,
1757,Kalo Avlaki,Kalo Avlaki,Ίος,south-aegean-ios,no,
1758,Plakotos,Plakotos,Ίος,south-aegean-ios,no,
786,Αμμόλοφοι,Ammolofi,Καβάλα,east-macedonia-and-thrace-kavala-mainland,no,
787,Βρασίδας,Vrasidas,Καβάλα,east-macedonia-and-thrace-kavala-mainland,no,
788,Μπάτης,Batis,Καβάλα,east-macedonia-and-thrace-kavala-mainland,no,
789,Νέα Καρβάλη,Nea Karvali,Καβάλα,east-macedonia-and-thrace-kavala-mainland,no,
790,Παραλία Γυμνιστών,Paralia Gymniston,Καβάλα,east-macedonia-and-thrace-kavala-mainland,no,
785,Παραλία Καβάλας,Paralia Kavalas,Καβάλα,east-macedonia-and-thrace-kavala-mainland,no,
792,Παραλία Καλαμίτσας,Paralia Kalamitsas,Καβάλα,east-macedonia-and-thrace-kavala-mainland,yes,macedonia:kavala
791,Παραλία Κάριανης,Paralia Karianis,Καβάλα,east-macedonia-and-thrace-kavala-mainland,no,
784,Παραλία Νέας Ηρακλείτσας,Paralia Neas Iraklitsas,Καβάλα,east-macedonia-and-thrace-kavala-mainland,no,
793,Παραλία Οφρυνίου,Paralia Ofryniou,Καβάλα,east-macedonia-and-thrace-kavala-mainland,no,
3012,Περιγιάλι,Perigiali,Καβάλα,east-macedonia-and-thrace-kavala-mainland,no,
795,Ραψάνη,Rapsani,Καβάλα,east-macedonia-and-thrace-kavala-mainland,yes,macedonia:kavala
794,Ρέμβη,Remvi,Καβάλα,east-macedonia-and-thrace-kavala-mainland,no,
782,Τόσκα,Toska,Καβάλα,east-macedonia-and-thrace-kavala-mainland,no,
796,Ψάθα,Psatha,Καβάλα,east-macedonia-and-thrace-kavala-mainland,no,
783,Monastiraki Beach,Monastiraki Beach,Καβάλα,east-macedonia-and-thrace-kavala-mainland,no,
2258,Βιζωτός,Vizotos,Κάλυμνος,south-aegean-kalymnos,no,
2252,Έξω Αλμύρες,Exo Almyres,Κάλυμνος,south-aegean-kalymnos,no,
2254,Καλιμιές,Kalimies,Κάλυμνος,south-aegean-kalymnos,no,
2259,Κασόνια,Kasonia,Κάλυμνος,south-aegean-kalymnos,no,
2260,Παραλία Αλέξις,Paralia Alexis,Κάλυμνος,south-aegean-kalymnos,no,
2261,Παραλία Αργίνωντα,Paralia Arginonta,Κάλυμνος,south-aegean-kalymnos,no,
2262,Παραλία Γέφυρα,Paralia Gefyra,Κάλυμνος,south-aegean-kalymnos,no,
2263,Παραλία Ελιά,Paralia Elia,Κάλυμνος,south-aegean-kalymnos,no,
2264,Παραλία Θέρμα,Paralia Therma,Κάλυμνος,south-aegean-kalymnos,no,
2265,Παραλία Καντούνι,Paralia Kantouni,Κάλυμνος,south-aegean-kalymnos,no,
2266,Παραλία Λινάρια,Paralia Linaria,Κάλυμνος,south-aegean-kalymnos,no,
2267,Παραλία Μεγάλες Αλμύρες,Paralia Megales Almyres,Κάλυμνος,south-aegean-kalymnos,no,
2268,Παραλία Μικρές Αλμύρες,Paralia Mikres Almyres,Κάλυμνος,south-aegean-kalymnos,no,
2269,Παραλία Παλιόνησος,Paralia Palionisos,Κάλυμνος,south-aegean-kalymnos,no,
2270,Παραλία Σική,Paralia Siki,Κάλυμνος,south-aegean-kalymnos,no,
2271,Παραλία Συκάτης,Paralia Sykatis,Κάλυμνος,south-aegean-kalymnos,no,
2255,Πεζόντα,Pezonta,Κάλυμνος,south-aegean-kalymnos,no,
2256,Πλατύς Γιαλός,Platys Gialos,Κάλυμνος,south-aegean-kalymnos,yes,global
2257,Τίχη,Tichi,Κάλυμνος,south-aegean-kalymnos,no,
2253,Χαλί,Chali,Κάλυμνος,south-aegean-kalymnos,no,
2302,Αγιά Ειρήνη,Agia Irini,Κάρπαθος,south-aegean-karpathos,no,
2301,Άγιος Μηνάς,Agios Minas,Κάρπαθος,south-aegean-karpathos,no,
2273,Αλιμούντα,Alimounta,Κάρπαθος,south-aegean-karpathos,no,
2274,Αμμοοπή,Ammoopi,Κάρπαθος,south-aegean-karpathos,no,
2275,Απέλλα,Apella,Κάρπαθος,south-aegean-karpathos,no,
2303,Αργιλαοπόταμος,Argilaopotamos,Κάρπαθος,south-aegean-karpathos,no,
2272,Αχάτα,Achata,Κάρπαθος,south-aegean-karpathos,no,
2304,Βάθια,Vathia,Κάρπαθος,south-aegean-karpathos,no,
2298,Βανάντα,Vananta,Κάρπαθος,south-aegean-karpathos,no,
2299,Βοτσαλάκια,Votsalakia,Κάρπαθος,south-aegean-karpathos,no,
2281,Γιαλού Χωράφι,Gialou Chorafi,Κάρπαθος,south-aegean-karpathos,no,
2305,Δαματριά,Damatria,Κάρπαθος,south-aegean-karpathos,no,
2276,Ευγώνυμος,Evgonymos,Κάρπαθος,south-aegean-karpathos,no,
2283,Καμινάκι,Kaminaki,Κάρπαθος,south-aegean-karpathos,no,
2284,Κάντρι,Kantri,Κάρπαθος,south-aegean-karpathos,no,
2285,Κάπι,Kapi,Κάρπαθος,south-aegean-karpathos,no,
2282,Καστέλια,Kastelia,Κάρπαθος,south-aegean-karpathos,no,
2306,Κάτω Λάκκος,Kato Lakkos,Κάρπαθος,south-aegean-karpathos,no,
2307,Κήπος Μιχαλιού,Kipos Michaliou,Κάρπαθος,south-aegean-karpathos,no,
2308,Κυρά Παναγιά,Kyra Panagia,Κάρπαθος,south-aegean-karpathos,no,
2286,Λακκί,Lakki,Κάρπαθος,south-aegean-karpathos,no,
2289,Λάλα,Lala,Κάρπαθος,south-aegean-karpathos,no,
2287,Λάρες,Lares,Κάρπαθος,south-aegean-karpathos,no,
2293,Λιμάνι Παναγιάς,Limani Panagias,Κάρπαθος,south-aegean-karpathos,no,
2290,Μακριά,Makria,Κάρπαθος,south-aegean-karpathos,no,
2309,Μακρύγιαλος,Makrygialos,Κάρπαθος,south-aegean-karpathos,no,
2288,Μικρή Αμμοοπή,Mikri Ammoopi,Κάρπαθος,south-aegean-karpathos,no,
2291,Νάτι,Nati,Κάρπαθος,south-aegean-karpathos,no,
2300,Όψη,Opsi,Κάρπαθος,south-aegean-karpathos,no,
2292,Παλάτια,Palatia,Κάρπαθος,south-aegean-karpathos,no,
2294,Παπάς Μηνάς,Papas Minas,Κάρπαθος,south-aegean-karpathos,no,
2310,Παραλία Άγιος Θεόδωρος,Paralia Agios Theodoros,Κάρπαθος,south-aegean-karpathos,no,
2311,Παραλία Αγίου Νικολάου,Paralia Agiou Nikolaou,Κάρπαθος,south-aegean-karpathos,no,
2312,Παραλία Αγνόντια,Paralia Agnontia,Κάρπαθος,south-aegean-karpathos,no,
2313,Παραλία Αρκάσα,Paralia Arkasa,Κάρπαθος,south-aegean-karpathos,no,
2314,Παραλία Διακοφτης,Paralia Diakoftis,Κάρπαθος,south-aegean-karpathos,no,
2295,Ποντικάλια,Pontikalia,Κάρπαθος,south-aegean-karpathos,no,
2296,Ποτάλι,Potali,Κάρπαθος,south-aegean-karpathos,no,
2297,Της Πέρδικας Ποταμός,Tis Perdikas Potamos,Κάρπαθος,south-aegean-karpathos,no,
2280,Φίσσες,Fisses,Κάρπαθος,south-aegean-karpathos,no,
2277,Φοινίκι,Finiki,Κάρπαθος,south-aegean-karpathos,no,
2279,Φορόκλι,Forokli,Κάρπαθος,south-aegean-karpathos,no,
2278,Φωκιά,Fokia,Κάρπαθος,south-aegean-karpathos,no,
2315,Χριστού Πηγάδι,Christou Pigadi,Κάρπαθος,south-aegean-karpathos,no,
2316,Ψωράρης,Psoraris,Κάρπαθος,south-aegean-karpathos,no,
2489,Αμμούα,Ammoua,Κάσος,south-aegean-kasos,no,
2487,Μικρό Αυλάκι,Mikro Avlaki,Κάσος,south-aegean-kasos,no,
2488,Παραλία Τρίτα,Paralia Trita,Κάσος,south-aegean-kasos,no,
2485,Χέλατρος,Chelatros,Κάσος,south-aegean-kasos,no,
2486,Χοχλάκια,Chochlakia,Κάσος,south-aegean-kasos,no,
2317,Μανδράκι,Mandraki,Καστελλόριζο,south-aegean-kastellorizo,no,
2318,Παραλία Αγίου Γεωργίου,Paralia Agiou Georgiou,Καστελλόριζο,south-aegean-kastellorizo,no,
2319,Πλάκες,Plakes,Καστελλόριζο,south-aegean-kastellorizo,no,
1805,Αβύθου,Avythou,Κέα,south-aegean-kea,no,
1804,Άγιος Φίλιππος,Agios Filippos,Κέα,south-aegean-kea,no,
1806,Βλαντή,Vlanti,Κέα,south-aegean-kea,no,
1807,Βρόσκοπος,Vroskopos,Κέα,south-aegean-kea,no,
1808,Γιαλισκάρι,Gialiskari,Κέα,south-aegean-kea,yes,cyclades:kea
1809,Καλαμίτσι,Kalamitsi,Κέα,south-aegean-kea,no,
1810,Καληδονύχι,Kalidonychi,Κέα,south-aegean-kea,no,
1811,Καλησκιά,Kaliskia,Κέα,south-aegean-kea,no,
1812,Καλόγηρος,Kalogiros,Κέα,south-aegean-kea,no,
1813,Καμπί,Kampi,Κέα,south-aegean-kea,no,
1814,Καστριανή,Kastriani,Κέα,south-aegean-kea,no,
1815,Κούνδουρος,Koundouros,Κέα,south-aegean-kea,yes,cyclades:kea
1816,Λαδού,Ladou,Κέα,south-aegean-kea,no,
1817,Λιπαρό,Liparo,Κέα,south-aegean-kea,no,
1818,Λυγιά,Lygia,Κέα,south-aegean-kea,no,
1819,Μαβιά,Mavia,Κέα,south-aegean-kea,no,
1820,Μαυραμπέλι,Mavrampeli,Κέα,south-aegean-kea,no,
1821,Μεγάλες Πόλες,Megales Poles,Κέα,south-aegean-kea,no,
1822,Μικρές Πόλες,Mikres Poles,Κέα,south-aegean-kea,no,
1823,Ξύλα,Xyla,Κέα,south-aegean-kea,yes,cyclades:kea
1824,Ορκός,Orkos,Κέα,south-aegean-kea,no,
1825,Οτζιάς,Otzias,Κέα,south-aegean-kea,yes,cyclades:kea
1826,Πετρούσα,Petrousa,Κέα,south-aegean-kea,no,
1827,Ποίσσες,Pisses,Κέα,south-aegean-kea,yes,cyclades:kea
1828,Σιδερού,Siderou,Κέα,south-aegean-kea,no,
1829,Σπαθί,Spathi,Κέα,south-aegean-kea,yes,cyclades:kea
1830,Στέφα,Stefa,Κέα,south-aegean-kea,no,
1831,Συκαμιά,Sykamia,Κέα,south-aegean-kea,no,
1832,Σχίνος,Schinos,Κέα,south-aegean-kea,no,
1833,Τηλέγραφος,Tilegrafos,Κέα,south-aegean-kea,no,
1834,Φρέας,Freas,Κέα,south-aegean-kea,no,
1835,Χυλιαμόδου,Chyliamodou,Κέα,south-aegean-kea,no,
1836,Ψαθί,Psathi,Κέα,south-aegean-kea,no,
1837,Ψιλή Άμμος,Psili Ammos,Κέα,south-aegean-kea,no,
956,Αγία Αικατερίνη,Agia Aikaterini,Κέρκυρα,ionian-islands-corfu,no,
955,Άγιος Ιωάννης Περιστερών,Agios Ioannis Peristeron,Κέρκυρα,ionian-islands-corfu,no,
954,Άγιος Στέφανος,Agios Stefanos,Κέρκυρα,ionian-islands-corfu,no,
957,Αλμυρός,Almyros,Κέρκυρα,ionian-islands-corfu,no,
1017,Αντύψος,Antypsos,Κέρκυρα,ionian-islands-corfu,no,
958,Αποτρυπητή,Apotrypiti,Κέρκυρα,ionian-islands-corfu,no,
959,Αρίλλας,Arillas,Κέρκυρα,ionian-islands-corfu,no,
960,Αστρακερή,Astrakeri,Κέρκυρα,ionian-islands-corfu,no,
3013,Γουβιά,Gouvia,Κέρκυρα,ionian-islands-corfu,no,
961,Ηλιόδωρος,Iliodoros,Κέρκυρα,ionian-islands-corfu,no,
962,Κάβος,Kavos,Κέρκυρα,ionian-islands-corfu,no,
963,Καλυβιώτης,Kalyviotis,Κέρκυρα,ionian-islands-corfu,no,
964,Καμάρι,Kamari,Κέρκυρα,ionian-islands-corfu,no,
965,Κανάλι του Έρωτα,Kanali tou Erota,Κέρκυρα,ionian-islands-corfu,no,
966,Κανόνι,Kanoni,Κέρκυρα,ionian-islands-corfu,no,
967,Καρδάκι,Kardaki,Κέρκυρα,ionian-islands-corfu,no,
971,Κόλιας,Kolias,Κέρκυρα,ionian-islands-corfu,no,
968,Κοντογιαλός,Kontogialos,Κέρκυρα,ionian-islands-corfu,no,
970,Κρούζα,Krouza,Κέρκυρα,ionian-islands-corfu,no,
969,Κρουζερή,Krouzeri,Κέρκυρα,ionian-islands-corfu,no,
972,Μαΐστρος,Maistros,Κέρκυρα,ionian-islands-corfu,no,
973,Μανδράκι,Mandraki,Κέρκυρα,ionian-islands-corfu,no,
974,Μικρό Στελάρι,Mikro Stelari,Κέρκυρα,ionian-islands-corfu,no,
975,Μπουκάρη,Boukari,Κέρκυρα,ionian-islands-corfu,no,
976,Μώλος,Molos,Κέρκυρα,ionian-islands-corfu,no,
977,Νότος,Notos,Κέρκυρα,ionian-islands-corfu,no,
3014,Παλαιοκαστρίτσα,Palaiokastritsa,Κέρκυρα,ionian-islands-corfu,no,
978,Παραλία Άγιος Γεώργιος Πάγων,Paralia Agios Georgios Pagon,Κέρκυρα,ionian-islands-corfu,no,
979,Παραλία Άγιος Γόρδης,Paralia Agios Gordis,Κέρκυρα,ionian-islands-corfu,no,
980,Παραλία Άγιος Νικόλαος,Paralia Agios Nikolaos,Κέρκυρα,ionian-islands-corfu,no,
934,Παραλία Άγιος Πέτρος (Λευκίμμη),Paralia Agios Petros (Levkimmi),Κέρκυρα,ionian-islands-corfu,no,
981,Παραλία Άγιος Σπυρίδωνας,Paralia Agios Spyridonas,Κέρκυρα,ionian-islands-corfu,no,
1006,Παραλία Αγίου Γορδίου,Paralia Agiou Gordiou,Κέρκυρα,ionian-islands-corfu,no,
983,Παραλία Αγίου Σπυρίδωνα,Paralia Agiou Spyridona,Κέρκυρα,ionian-islands-corfu,no,
984,Παραλία Αμπελάκι,Paralia Ampelaki,Κέρκυρα,ionian-islands-corfu,no,
985,Παραλία Αρκουδίλα,Paralia Arkoudila,Κέρκυρα,ionian-islands-corfu,no,
986,Παραλία Αχαράβης,Paralia Acharavis,Κέρκυρα,ionian-islands-corfu,no,
987,Παραλία Γαρδένο,Paralia Gardeno,Κέρκυρα,ionian-islands-corfu,no,
988,Παραλία Γιαλισκάρι,Paralia Gialiskari,Κέρκυρα,ionian-islands-corfu,no,
989,Παραλία Γλυφάδας,Paralia Glyfadas,Κέρκυρα,ionian-islands-corfu,no,
1007,Παραλία Γυαλί,Paralia Gyali,Κέρκυρα,ionian-islands-corfu,no,
982,Παραλία Έρμονες,Paralia Ermones,Κέρκυρα,ionian-islands-corfu,no,
990,Παραλία Κάνουλας,Paralia Kanoulas,Κέρκυρα,ionian-islands-corfu,no,
991,Παραλία Κληματιά,Paralia Klimatia,Κέρκυρα,ionian-islands-corfu,no,
992,Παραλία Κοντοκαλίου,Paralia Kontokaliou,Κέρκυρα,ionian-islands-corfu,no,
994,Παραλία Λακκιές,Paralia Lakkies,Κέρκυρα,ionian-islands-corfu,no,
995,Παραλία Λιαπάδων,Paralia Liapadon,Κέρκυρα,ionian-islands-corfu,no,
993,Παραλία Λίμνη,Paralia Limni,Κέρκυρα,ionian-islands-corfu,no,
996,Παραλία Λογγάς,Paralia Longas,Κέρκυρα,ionian-islands-corfu,no,
997,Παραλία Μπαρμπάτι,Paralia Barmpati,Κέρκυρα,ionian-islands-corfu,no,
998,Παραλία Μπούκα,Paralia Bouka,Κέρκυρα,ionian-islands-corfu,no,
1008,Παραλία Μυρτιώτισσας,Paralia Myrtiotissas,Κέρκυρα,ionian-islands-corfu,no,
999,Παραλία ΝΑΟΚ,Paralia NAOK,Κέρκυρα,ionian-islands-corfu,no,
1000,Παραλία Παρακλάδι,Paralia Parakladi,Κέρκυρα,ionian-islands-corfu,no,
1001,Παραλία Ρόδας,Paralia Rodas,Κέρκυρα,ionian-islands-corfu,no,
1009,Παραλία Σιδάρι,Paralia Sidari,Κέρκυρα,ionian-islands-corfu,no,
1002,Παραλία Σκάλομα,Paralia Skaloma,Κέρκυρα,ionian-islands-corfu,no,
1003,Παραλία Στέλάρι,Paralia Stelari,Κέρκυρα,ionian-islands-corfu,no,
1004,Παραλία Σύκι,Paralia Syki,Κέρκυρα,ionian-islands-corfu,no,
1010,Παραλία Χαλικούνα,Paralia Chalikouna,Κέρκυρα,ionian-islands-corfu,no,
1005,Παραλία Χωμοί,Paralia Chomi,Κέρκυρα,ionian-islands-corfu,no,
1011,Πετριτή,Petriti,Κέρκυρα,ionian-islands-corfu,no,
1013,Πόρτο Τιμόνι,Porto Timoni,Κέρκυρα,ionian-islands-corfu,no,
1012,Πρασούδι,Prasoudi,Κέρκυρα,ionian-islands-corfu,no,
1014,Ροβινιά,Rovinia,Κέρκυρα,ionian-islands-corfu,no,
1015,Σωτηριώτισσα,Sotiriotissa,Κέρκυρα,ionian-islands-corfu,no,
1016,Τραμουντάνα,Tramountana,Κέρκυρα,ionian-islands-corfu,no,
927,Acquasanta Beach,Acquasanta Beach,Κέρκυρα,ionian-islands-corfu,no,
928,Agias Triades Beach,Agias Triades Beach,Κέρκυρα,ionian-islands-corfu,no,
929,Agni Beach,Agni Beach,Κέρκυρα,ionian-islands-corfu,no,
930,Alipa beach,Alipa beach,Κέρκυρα,ionian-islands-corfu,no,
931,Alonaki Bay,Alonaki Bay,Κέρκυρα,ionian-islands-corfu,no,
932,Benitses beach,Benitses beach,Κέρκυρα,ionian-islands-corfu,no,
933,Black Rocks Beach,Black Rocks Beach,Κέρκυρα,ionian-islands-corfu,no,
935,Dafnila Beach,Dafnila Beach,Κέρκυρα,ionian-islands-corfu,no,
936,Dassia Beach,Dassia Beach,Κέρκυρα,ionian-islands-corfu,no,
937,Galiskari Beach,Galiskari Beach,Κέρκυρα,ionian-islands-corfu,no,
938,Glyfa Beach,Glyfa Beach,Κέρκυρα,ionian-islands-corfu,no,
939,Imerolia Beach,Imerolia Beach,Κέρκυρα,ionian-islands-corfu,no,
940,Issos Beach,Issos Beach,Κέρκυρα,ionian-islands-corfu,no,
941,Kalamionas Beach,Kalamionas Beach,Κέρκυρα,ionian-islands-corfu,no,
942,Kaminaki Beach,Kaminaki Beach,Κέρκυρα,ionian-islands-corfu,no,
943,Kanoni Beach,Kanoni Beach,Κέρκυρα,ionian-islands-corfu,no,
944,Karavi Beach,Karavi Beach,Κέρκυρα,ionian-islands-corfu,no,
945,Kogevina Beach,Kogevina Beach,Κέρκυρα,ionian-islands-corfu,no,
946,Maltas beach,Maltas beach,Κέρκυρα,ionian-islands-corfu,no,
947,Marathias beach,Marathias beach,Κέρκυρα,ionian-islands-corfu,no,
948,Moraitika Beach,Moraitika Beach,Κέρκυρα,ionian-islands-corfu,no,
949,Nissaki Beach,Nissaki Beach,Κέρκυρα,ionian-islands-corfu,no,
950,Paramonas,Paramonas,Κέρκυρα,ionian-islands-corfu,no,
951,Robolla Beach,Robolla Beach,Κέρκυρα,ionian-islands-corfu,no,
952,Santa Barbara beach,Santa Barbara beach,Κέρκυρα,ionian-islands-corfu,no,
953,skalia beach,skalia beach,Κέρκυρα,ionian-islands-corfu,no,
1084,Αγία Ελένη,Agia Eleni,Κεφαλονιά,ionian-islands-kefalonia,no,
1086,Αγια Κυριακη,Agia Kyriaki,Κεφαλονιά,ionian-islands-kefalonia,no,
1073,Αγία Παρασκευή,Agia Paraskevi,Κεφαλονιά,ionian-islands-kefalonia,no,
1137,Αγιά Σοφία,Agia Sofia,Κεφαλονιά,ionian-islands-kefalonia,no,
1085,Αγία Σωτήρα,Agia Sotira,Κεφαλονιά,ionian-islands-kefalonia,no,
1080,Άγιος Θωμάς,Agios Thomas,Κεφαλονιά,ionian-islands-kefalonia,no,
1081,Άγιος Χέλης,Agios Chelis,Κεφαλονιά,ionian-islands-kefalonia,no,
1087,Αθέρας,Atheras,Κεφαλονιά,ionian-islands-kefalonia,no,
1062,Αμίδι,Amidi,Κεφαλονιά,ionian-islands-kefalonia,no,
1082,Άμμες,Ammes,Κεφαλονιά,ionian-islands-kefalonia,no,
1088,Αντίσαμος,Antisamos,Κεφαλονιά,ionian-islands-kefalonia,no,
1083,Άσπρος Βράχος,Aspros Vrachos,Κεφαλονιά,ionian-islands-kefalonia,no,
1089,Βάτσα,Vatsa,Κεφαλονιά,ionian-islands-kefalonia,no,
1090,Βουτη,Vouti,Κεφαλονιά,ionian-islands-kefalonia,no,
1091,Βραχινάρι,Vrachinari,Κεφαλονιά,ionian-islands-kefalonia,no,
1135,Γιαγάνα,Giagana,Κεφαλονιά,ionian-islands-kefalonia,no,
1092,Γραδάκια,Gradakia,Κεφαλονιά,ionian-islands-kefalonia,no,
1066,Δαφνούδι,Dafnoudi,Κεφαλονιά,ionian-islands-kefalonia,no,
1133,Ελιές,Elies,Κεφαλονιά,ionian-islands-kefalonia,no,
1093,Ελληνικά,Ellinika,Κεφαλονιά,ionian-islands-kefalonia,no,
1067,Έμπλυση,Emplysi,Κεφαλονιά,ionian-islands-kefalonia,no,
1094,Κακό Λαγκάδι,Kako Lagkadi,Κεφαλονιά,ionian-islands-kefalonia,no,
1095,Καλάμια,Kalamia,Κεφαλονιά,ionian-islands-kefalonia,no,
1096,Καμίνια,Kaminia,Κεφαλονιά,ionian-islands-kefalonia,no,
1097,Κανάλι,Kanali,Κεφαλονιά,ionian-islands-kefalonia,no,
1098,Καραβόμυλος,Karavomylos,Κεφαλονιά,ionian-islands-kefalonia,no,
1099,Κατελειός,Katelios,Κεφαλονιά,ionian-islands-kefalonia,no,
1069,Κιμηλιά,Kimilia,Κεφαλονιά,ionian-islands-kefalonia,no,
1100,Κορώνι,Koroni,Κεφαλονιά,ionian-islands-kefalonia,no,
1101,Κουμαριά,Koumaria,Κεφαλονιά,ionian-islands-kefalonia,no,
1102,Κουνόπετρα,Kounopetra,Κεφαλονιά,ionian-islands-kefalonia,no,
1104,Λαγκαδάκια,Lagkadakia,Κεφαλονιά,ionian-islands-kefalonia,no,
1105,Λεύκα,Levka,Κεφαλονιά,ionian-islands-kefalonia,no,
1134,Λιθοβάτης,Lithovatis,Κεφαλονιά,ionian-islands-kefalonia,no,
1103,Λίθος,Lithos,Κεφαλονιά,ionian-islands-kefalonia,no,
1077,Λιμανάκι Τραπεζακίου,Limanaki Trapezakiou,Κεφαλονιά,ionian-islands-kefalonia,no,
1106,Λιμένια,Limenia,Κεφαλονιά,ionian-islands-kefalonia,no,
1107,Λουρδάτα,Lourdata,Κεφαλονιά,ionian-islands-kefalonia,no,
1109,Λυγιά Πεσσάδας,Lygia Pessadas,Κεφαλονιά,ionian-islands-kefalonia,no,
1108,Λυγιά Φάρσων,Lygia Farson,Κεφαλονιά,ionian-islands-kefalonia,no,
1110,Μακρυς Γιαλος,Makrys Gialos,Κεφαλονιά,ionian-islands-kefalonia,no,
1070,Μεγάλη Άμμος,Megali Ammos,Κεφαλονιά,ionian-islands-kefalonia,no,
1111,Μέγας Λάκκος,Megas Lakkos,Κεφαλονιά,ionian-islands-kefalonia,no,
1112,Μούντα,Mounta,Κεφαλονιά,ionian-islands-kefalonia,no,
1072,Μούντα (γυμνιστών),Mounta (gymniston),Κεφαλονιά,ionian-islands-kefalonia,no,
1113,Μύρτος,Myrtos,Κεφαλονιά,ionian-islands-kefalonia,no,
1114,Νιψιάς,Nipsias,Κεφαλονιά,ionian-islands-kefalonia,no,
1063,Νότια Άβυθος Γυμνιστών,Notia Avythos Gymniston,Κεφαλονιά,ionian-islands-kefalonia,no,
1078,Ξι,Xi,Κεφαλονιά,ionian-islands-kefalonia,no,
1079,Ξυλοκάραβο,Xylokaravo,Κεφαλονιά,ionian-islands-kefalonia,no,
1115,Παλιοσταφίδα,Paliostafida,Κεφαλονιά,ionian-islands-kefalonia,no,
1123,Παραλία Άβυθος,Paralia Avythos,Κεφαλονιά,ionian-islands-kefalonia,no,
1116,Παραλία Αγία Βαρβάρα,Paralia Agia Varvara,Κεφαλονιά,ionian-islands-kefalonia,no,
1117,Παραλία Αγία Ιερουσαλήμ,Paralia Agia Ierousalim,Κεφαλονιά,ionian-islands-kefalonia,no,
1118,Παραλία Αλατιές,Paralia Alaties,Κεφαλονιά,ionian-islands-kefalonia,no,
1119,Παραλία Γιαλισκάρι,Paralia Gialiskari,Κεφαλονιά,ionian-islands-kefalonia,no,
1121,Παραλία Κόλπος Κορμοράνων,Paralia Kolpos Kormoranon,Κεφαλονιά,ionian-islands-kefalonia,no,
1122,Παραλία Παλιολινός,Paralia Paliolinos,Κεφαλονιά,ionian-islands-kefalonia,no,
1071,Παραλία Σκάλας,Paralia Skalas,Κεφαλονιά,ionian-islands-kefalonia,no,
1074,Πεσσάδα,Pessada,Κεφαλονιά,ionian-islands-kefalonia,no,
1124,Πετανι,Petani,Κεφαλονιά,ionian-islands-kefalonia,no,
1125,Πλατιά Άμμος,Platia Ammos,Κεφαλονιά,ionian-islands-kefalonia,no,
1138,Πλατύ Λιμάνι,Platy Limani,Κεφαλονιά,ionian-islands-kefalonia,no,
1126,Πλατύς Γιαλός,Platys Gialos,Κεφαλονιά,ionian-islands-kefalonia,no,
1127,Ράγια,Ragia,Κεφαλονιά,ionian-islands-kefalonia,no,
1075,Σίσσια,Sissia,Κεφαλονιά,ionian-islands-kefalonia,no,
1129,Σπαρτιάς,Spartias,Κεφαλονιά,ionian-islands-kefalonia,no,
1128,Σπίθι,Spithi,Κεφαλονιά,ionian-islands-kefalonia,no,
1130,Τραπεζάκι,Trapezaki,Κεφαλονιά,ionian-islands-kefalonia,no,
1076,Τραπεζάκι (γυμνιστών),Trapezaki (gymniston),Κεφαλονιά,ionian-islands-kefalonia,no,
1068,Φτέρη,Fteri,Κεφαλονιά,ionian-islands-kefalonia,no,
1131,Φωκι,Foki,Κεφαλονιά,ionian-islands-kefalonia,no,
1136,Χοργοτά,Chorgota,Κεφαλονιά,ionian-islands-kefalonia,no,
1132,Ψαμούσα,Psamousa,Κεφαλονιά,ionian-islands-kefalonia,no,
1064,Central Square Beach,Central Square Beach,Κεφαλονιά,ionian-islands-kefalonia,no,
1065,Cronidis Beach,Cronidis Beach,Κεφαλονιά,ionian-islands-kefalonia,no,
1838,Αγιόκλημα,Agioklima,Κίμωλος,south-aegean-kimolos,no,
1839,Άγιος Μηνάς,Agios Minas,Κίμωλος,south-aegean-kimolos,no,
1840,Αθηνιά,Athinia,Κίμωλος,south-aegean-kimolos,no,
1842,Βρωμολίμνη,Vromolimni,Κίμωλος,south-aegean-kimolos,no,
1843,Γκιώνη,Gioni,Κίμωλος,south-aegean-kimolos,no,
1844,Ελληνικά,Ellinika,Κίμωλος,south-aegean-kimolos,yes,cyclades:kimolos
1846,Καλαμίτσι,Kalamitsi,Κίμωλος,south-aegean-kimolos,no,
1847,Κλήμα,Klima,Κίμωλος,south-aegean-kimolos,no,
1848,Λάκος,Lakos,Κίμωλος,south-aegean-kimolos,no,
1849,Μακροπούντα,Makropounta,Κίμωλος,south-aegean-kimolos,no,
1850,Μαυροσπηλιά,Mavrospilia,Κίμωλος,south-aegean-kimolos,yes,cyclades:kimolos
1852,Μοναστήρια,Monastiria,Κίμωλος,south-aegean-kimolos,no,
1853,Μπονάτσα,Bonatsa,Κίμωλος,south-aegean-kimolos,yes,cyclades:kimolos
1854,Παραλία Πήγαδος,Paralia Pigados,Κίμωλος,south-aegean-kimolos,no,
1855,Πράσα (Άγιος Γεώργιος),Prassa (Agios Georgios),Κίμωλος,south-aegean-kimolos,yes,cyclades:kimolos
1856,Σούφι,Soufi,Κίμωλος,south-aegean-kimolos,no,
1857,Ψάθη,Psathi,Κίμωλος,south-aegean-kimolos,no,
1521,Καλαμάκι,Kalamaki,Κορινθία,peloponnese-korinthia-mainland,no,
1522,Καλάμια,Kalamia,Κορινθία,peloponnese-korinthia-mainland,no,
1523,Καλογερολίμανο,Kalogerolimano,Κορινθία,peloponnese-korinthia-mainland,no,
1524,Κανταρέ,Kantare,Κορινθία,peloponnese-korinthia-mainland,no,
1525,Κοκκώσι,Kokkosi,Κορινθία,peloponnese-korinthia-mainland,no,
1526,Κρυφή,Kryfi,Κορινθία,peloponnese-korinthia-mainland,no,
1527,Λευκή,Levki,Κορινθία,peloponnese-korinthia-mainland,no,
3039,Λουτράκι Αγ. Θεόδωροι,Loutraki Ag. Theodori,Κορινθία,peloponnese-korinthia-mainland,no,
3040,Λουτράκι Λίμνη Βουλιαγμένης Ηραίου,Loutraki Limni Vouliagmenis Iraiou,Κορινθία,peloponnese-korinthia-mainland,no,
3041,Λουτράκι Νεράιδα,Loutraki Neraida,Κορινθία,peloponnese-korinthia-mainland,no,
3042,Λουτράκι Σχίνος,Loutraki Schinos,Κορινθία,peloponnese-korinthia-mainland,no,
1528,Λυχνάρι,Lychnari,Κορινθία,peloponnese-korinthia-mainland,no,
1529,Μεγάλο Αμόνι,Megalo Amoni,Κορινθία,peloponnese-korinthia-mainland,no,
1530,Μικρό Αμόνι,Mikro Amoni,Κορινθία,peloponnese-korinthia-mainland,no,
1531,Παραλία Αγία Σωτήρα,Paralia Agia Sotira,Κορινθία,peloponnese-korinthia-mainland,no,
1532,Παραλία Αγίων Θεωδώρων,Paralia Agion Theodoron,Κορινθία,peloponnese-korinthia-mainland,no,
1533,Παραλία Λουτρακίου,Paralia Loutrakiou,Κορινθία,peloponnese-korinthia-mainland,no,
1534,Παραλία Λυκοποριάς,Paralia Lykoporias,Κορινθία,peloponnese-korinthia-mainland,no,
1535,Παραλία Μυλοκοπή,Paralia Mylokopi,Κορινθία,peloponnese-korinthia-mainland,no,
1536,Παραλία Σκαλωσιά,Paralia Skalosia,Κορινθία,peloponnese-korinthia-mainland,no,
1537,Πλαζ Αλκυονίδας,Plaz Alkyonidas,Κορινθία,peloponnese-korinthia-mainland,no,
1538,Πλαζ Λίμνης Ηραίου,Plaz Limnis Iraiou,Κορινθία,peloponnese-korinthia-mainland,no,
1539,Σιδερώνα,Siderona,Κορινθία,peloponnese-korinthia-mainland,no,
1540,Στέρνα,Sterna,Κορινθία,peloponnese-korinthia-mainland,no,
1541,Συκιά,Sykia,Κορινθία,peloponnese-korinthia-mainland,no,
2193,Άμμος,Ammos,Κουφονήσια,south-aegean-koufonisia,no,
2194,Αφρυανιά,Afryania,Κουφονήσια,south-aegean-koufonisia,no,
3002,Γάλα,Gala,Κουφονήσια,south-aegean-koufonisia,no,
2195,Γενούπας,Genoupas,Κουφονήσια,south-aegean-koufonisia,no,
2196,Δέτη,Deti,Κουφονήσια,south-aegean-koufonisia,no,
2198,Λάκοι,Laki,Κουφονήσια,south-aegean-koufonisia,no,
2202,Λίμνη Κάτω Κουφονησίου,Limni Kato Koufonisiou,Κουφονήσια,south-aegean-koufonisia,no,
2201,Λίμνη Πάνω Κουφονησίου,Limni Pano Koufonisiou,Κουφονήσια,south-aegean-koufonisia,no,
2203,Λουτρό,Loutro,Κουφονήσια,south-aegean-koufonisia,no,
2204,Νερό,Nero,Κουφονήσια,south-aegean-koufonisia,no,
2205,Παναγία,Panagia,Κουφονήσια,south-aegean-koufonisia,no,
2199,Παραλία Λεωνίδα,Paralia Leonida,Κουφονήσια,south-aegean-koufonisia,no,
3003,Πισίνα,Pisina,Κουφονήσια,south-aegean-koufonisia,no,
2197,Πλατιά Πούντα (Ιταλίδα),Platia Pounta (Italida),Κουφονήσια,south-aegean-koufonisia,no,
2206,Πόρι,Pori,Κουφονήσια,south-aegean-koufonisia,no,
2207,Πόρτα,Porta,Κουφονήσια,south-aegean-koufonisia,no,
2208,Φανός,Fanos,Κουφονήσια,south-aegean-koufonisia,no,
2209,Φοίνικας,Finikas,Κουφονήσια,south-aegean-koufonisia,no,
2210,Φύκιο,Fykio,Κουφονήσια,south-aegean-koufonisia,no,
119,Αγία Πατρικία,Agia Patrikia,Κύθηρα,attica-kythira,no,
129,Άγιος Λευτέρης,Agios Levteris,Κύθηρα,attica-kythira,no,
110,Άγιος Νικόλαος,Agios Nikolaos,Κύθηρα,attica-kythira,no,
112,Αμμούτσι,Ammoutsi,Κύθηρα,attica-kythira,no,
137,Βλυχάδα Ανατολική,Vlychada Anatoliki,Κύθηρα,attica-kythira,no,
115,Βλυχάδα Πλατιάς Άμμου,Vlychada Platias Ammou,Κύθηρα,attica-kythira,no,
150,Βρουλέα,Vroulea,Κύθηρα,attica-kythira,no,
131,Διακόφτι,Diakofti,Κύθηρα,attica-kythira,yes,attica:kythira
141,Κακόπετρα,Kakopetra,Κύθηρα,attica-kythira,no,
111,Καλάμι,Kalami,Κύθηρα,attica-kythira,no,
113,Καλόγεροι,Kalogeri,Κύθηρα,attica-kythira,no,
144,Καψάλι,Kapsali,Κύθηρα,attica-kythira,yes,attica:kythira
146,Καψάλι Πίσω Γιαλός,Kapsali Piso Gialos,Κύθηρα,attica-kythira,yes,attica:kythira
138,Κομπονάδα,Komponada,Κύθηρα,attica-kythira,yes,attica:kythira
3005,Κύθηρα Καψάλι,Kythira Kapsali,Κύθηρα,attica-kythira,no,
147,Κυριακουλου,Kyriakoulou,Κύθηρα,attica-kythira,no,
143,Λεφτό,Lefto,Κύθηρα,attica-kythira,no,
125,Λίμνη (Αγίας Πελαγίας),Limni (Agias Pelagias),Κύθηρα,attica-kythira,no,
133,Λιμνιώνας,Limnionas,Κύθηρα,attica-kythira,yes,attica:kythira
140,Μελιδόνι,Melidoni,Κύθηρα,attica-kythira,yes,attica:kythira
151,Ξεροπόταμος,Xeropotamos,Κύθηρα,attica-kythira,no,
120,Παραλία Αγία Πελαγία,Paralia Agia Pelagia,Κύθηρα,attica-kythira,yes,attica:kythira
127,Παραλία Δίπορος,Paralia Diporos,Κύθηρα,attica-kythira,no,
124,Παραλια Κακιά Λαγκάδα,Paralia Kakia Lagkada,Κύθηρα,attica-kythira,yes,attica:kythira
136,Παραλία Καλαδί,Paralia Kaladi,Κύθηρα,attica-kythira,yes,attica:kythira
132,Παραλία Καλάμι,Paralia Kalami,Κύθηρα,attica-kythira,no,
122,Παραλια Καλαμίτσι,Paralia Kalamitsi,Κύθηρα,attica-kythira,no,
114,Παραλία Καρπάθι,Paralia Karpathi,Κύθηρα,attica-kythira,no,
135,Παραλία Λίμνη (Παλαιόπολη),Paralia Limni (Palaiopoli),Κύθηρα,attica-kythira,no,
123,Παραλία Λορέντζος,Paralia Lorentzos,Κύθηρα,attica-kythira,no,
126,Παραλία Λυγία,Paralia Lygia,Κύθηρα,attica-kythira,no,
130,Παραλία Λυκοδήμου,Paralia Lykodimou,Κύθηρα,attica-kythira,no,
134,Παραλία Παλαιόπολη,Paralia Palaiopoli,Κύθηρα,attica-kythira,no,
145,Παραλία Σπαραγγάριο,Paralia Sparangario,Κύθηρα,attica-kythira,no,
118,Παραλία Φούρνοι,Paralia Fourni,Κύθηρα,attica-kythira,no,
121,Παραλια Φυρή Άμμος,Paralia Fyri Ammos,Κύθηρα,attica-kythira,yes,attica:kythira
149,Παραλία Χαλκός,Paralia Chalkos,Κύθηρα,attica-kythira,yes,attica:kythira
128,Πετρίτης,Petritis,Κύθηρα,attica-kythira,no,
117,Πλατιά Άμμος,Platia Ammos,Κύθηρα,attica-kythira,yes,attica:kythira
116,Ῥουτσούνας,Routsounas,Κύθηρα,attica-kythira,no,
148,Στενό Αυλάκι,Steno Avlaki,Κύθηρα,attica-kythira,no,
142,Φελωτή,Feloti,Κύθηρα,attica-kythira,no,
139,Φυρή Άμμος (Κάλαμος),Fyri Ammos (Kalamos),Κύθηρα,attica-kythira,yes,attica:kythira
1863,Αγία Ειρήνη,Agia Irini,Κύθνος,south-aegean-kythnos,no,
1858,Άγιος Δημήτριος,Agios Dimitrios,Κύθνος,south-aegean-kythnos,no,
1859,Άγιος Ιωάννης,Agios Ioannis,Κύθνος,south-aegean-kythnos,no,
1860,Άγιος Νικόλαος,Agios Nikolaos,Κύθνος,south-aegean-kythnos,no,
1861,Άγιος Στέφανος,Agios Stefanos,Κύθνος,south-aegean-kythnos,no,
1862,Άγιος Σώστης,Agios Sostis,Κύθνος,south-aegean-kythnos,no,
1864,Αγκορίτσα,Agkoritsa,Κύθνος,south-aegean-kythnos,no,
1865,Αλυκή,Alyki,Κύθνος,south-aegean-kythnos,no,
1866,Αντώνηδες,Antonides,Κύθνος,south-aegean-kythnos,no,
1868,Αόσα,Aosa,Κύθνος,south-aegean-kythnos,no,
1867,Απόκρουσης,Apokrousis,Κύθνος,south-aegean-kythnos,yes,cyclades:kythnos
1869,Βασιλικό,Vasiliko,Κύθνος,south-aegean-kythnos,no,
1871,Γαϊδουρόμαντρα,Gaidouromantra,Κύθνος,south-aegean-kythnos,yes,cyclades:kythnos
1870,Γαλάζια Ακτή,Galazia Akti,Κύθνος,south-aegean-kythnos,no,
1872,Επισκοπή,Episkopi,Κύθνος,south-aegean-kythnos,yes,cyclades:kythnos
1873,Ζογκάκι,Zogkaki,Κύθνος,south-aegean-kythnos,no,
1874,Καβουροχέρι,Kavourocheri,Κύθνος,south-aegean-kythnos,no,
1875,Κακή Μαρία,Kaki Maria,Κύθνος,south-aegean-kythnos,no,
1876,Καλό Λιβάδι,Kalo Livadi,Κύθνος,south-aegean-kythnos,no,
1877,Καστέλλα,Kastella,Κύθνος,south-aegean-kythnos,no,
1878,Κολοβελόνη,Koloveloni,Κύθνος,south-aegean-kythnos,no,
1879,Κουρή,Kouri,Κύθνος,south-aegean-kythnos,no,
1880,Λαγκούση,Lagkousi,Κύθνος,south-aegean-kythnos,no,
1881,Λεύκες,Levkes,Κύθνος,south-aegean-kythnos,no,
1882,Λιβαδάκι,Livadaki,Κύθνος,south-aegean-kythnos,no,
1883,Μαρκουλη,Markouli,Κύθνος,south-aegean-kythnos,no,
1884,Μαρούλα,Maroula,Κύθνος,south-aegean-kythnos,no,
1885,Μαρτινάκια,Martinakia,Κύθνος,south-aegean-kythnos,no,
1886,Μικρό Λιβαδάκι,Mikro Livadaki,Κύθνος,south-aegean-kythnos,no,
1887,Νίκα,Nika,Κύθνος,south-aegean-kythnos,no,
1888,Παραλία Κολώνα,Paralia Kolona,Κύθνος,south-aegean-kythnos,yes,cyclades:kythnos
1889,Πετρούσα,Petrousa,Κύθνος,south-aegean-kythnos,no,
1890,Ποντίκια,Pontikia,Κύθνος,south-aegean-kythnos,no,
1891,Ποταμιά,Potamia,Κύθνος,south-aegean-kythnos,no,
1892,Σι Μου Σι,Si Mou Si,Κύθνος,south-aegean-kythnos,no,
1893,Σκινάρι,Skinari,Κύθνος,south-aegean-kythnos,no,
1894,Σκλαβός,Sklavos,Κύθνος,south-aegean-kythnos,no,
1895,Σκύλου,Skylou,Κύθνος,south-aegean-kythnos,no,
1896,Στύφος,Styfos,Κύθνος,south-aegean-kythnos,no,
1897,Φλαμπούρια,Flampouria,Κύθνος,south-aegean-kythnos,yes,cyclades:kythnos
2322,Γυμνιστική Παραλία Τιγκάκι,Gymnistiki Paralia Tigkaki,Κως,south-aegean-kos,no,
2337,Θερμά,Therma,Κως,south-aegean-kos,no,
2320,Κόλπος Αγίου Στεφάνου,Kolpos Agiou Stefanou,Κως,south-aegean-kos,no,
2338,Κοχυλάρι,Kochylari,Κως,south-aegean-kos,no,
2324,Λαγκάδα,Lagkada,Κως,south-aegean-kos,no,
2325,Λακιτήρα,Lakitira,Κως,south-aegean-kos,no,
2339,Λιμνιώνας,Limnionas,Κως,south-aegean-kos,no,
2326,Μαλιμπού,Malimpou,Κως,south-aegean-kos,no,
2328,Μαρμάρι,Marmari,Κως,south-aegean-kos,no,
2357,Όρμος Μαστιχάρι,Ormos Mastichari,Κως,south-aegean-kos,no,
2341,Παραλία Άγιος Στέφανος,Paralia Agios Stefanos,Κως,south-aegean-kos,no,
2342,Παραλία Άγιος Φωκάς,Paralia Agios Fokas,Κως,south-aegean-kos,no,
2346,Παραλία Αγίου Θεολόγου,Paralia Agiou Theologou,Κως,south-aegean-kos,no,
2343,Παραλία Ατσά,Paralia Atsa,Κως,south-aegean-kos,no,
2344,Παραλία Αχινός,Paralia Achinos,Κως,south-aegean-kos,no,
2333,Παραλία Δαίδαλος,Paralia Daidalos,Κως,south-aegean-kos,no,
2348,Παραλία Καμήλα,Paralia Kamila,Κως,south-aegean-kos,no,
2327,Παραλία Καρδάμαινας,Paralia Kardamainas,Κως,south-aegean-kos,no,
2349,Παραλία Καρνάγιο,Paralia Karnagio,Κως,south-aegean-kos,no,
2347,Παραλία Κάτα,Paralia Kata,Κως,south-aegean-kos,no,
2350,Παραλία Λάμπη,Paralia Lampi,Κως,south-aegean-kos,no,
2329,Παραλία Μαστιχάρι (Νέπτουν),Paralia Mastichari (Neptoun),Κως,south-aegean-kos,no,
2330,Παραλία Παράδεισος,Paralia Paradisos,Κως,south-aegean-kos,no,
2351,Παραλία Πασχάλη,Paralia Paschali,Κως,south-aegean-kos,no,
2352,Παραλία Τρούλος,Paralia Troulos,Κως,south-aegean-kos,no,
2353,Παραλία Τρυπητή,Paralia Trypiti,Κως,south-aegean-kos,no,
2321,Παραλία Ψαλιδίου,Paralia Psalidiou,Κως,south-aegean-kos,no,
2340,Παραλία Volcana,Paralia Volcana,Κως,south-aegean-kos,no,
2332,Πολέμι / Magic Beach,Polemi / Magic Beach,Κως,south-aegean-kos,no,
2354,Προτοκάραβος,Protokaravos,Κως,south-aegean-kos,no,
2334,Ταμ Ταμ,Tam Tam,Κως,south-aegean-kos,no,
2335,Τιγκάκι,Tigkaki,Κως,south-aegean-kos,no,
2355,Φάρος,Faros,Κως,south-aegean-kos,yes,global
2323,Χελώνα,Chelona,Κως,south-aegean-kos,no,
2356,Ψαλίδι,Psalidi,Κως,south-aegean-kos,no,
2331,Ψηλός Γκρεμός,Psilos Gremos,Κως,south-aegean-kos,no,
2345,Cavo Paradiso,Cavo Paradiso,Κως,south-aegean-kos,no,
2336,Tropical,Tropical,Κως,south-aegean-kos,no,
1542,Αγία Βαρβάρα,Agia Varvara,Λακωνία,peloponnese-lakonia-mainland,no,
1543,Αγία Κυριακή,Agia Kyriaki,Λακωνία,peloponnese-lakonia-mainland,yes,global
1544,Άγιος Κυπριανός,Agios Kyprianos,Λακωνία,peloponnese-lakonia-mainland,no,
1545,Αλύπα,Alypa,Λακωνία,peloponnese-lakonia-mainland,no,
1546,Αμπελάκια,Ampelakia,Λακωνία,peloponnese-lakonia-mainland,no,
1547,Άμπελο,Ampelo,Λακωνία,peloponnese-lakonia-mainland,no,
1548,Ανδρόγυαλος,Androgyalos,Λακωνία,peloponnese-lakonia-mainland,no,
1549,Ανεπίσημη Γυμνιστική Παραλία,Anepisimi Gymnistiki Paralia,Λακωνία,peloponnese-lakonia-mainland,no,
1550,Αρτάνη,Artani,Λακωνία,peloponnese-lakonia-mainland,no,
1551,Βαθύ,Vathy,Λακωνία,peloponnese-lakonia-mainland,yes,global
1552,Βιανδίνη (Βούρκος),Viandini (Vourkos),Λακωνία,peloponnese-lakonia-mainland,no,
1553,Βλυχάδα,Vlychada,Λακωνία,peloponnese-lakonia-mainland,yes,global
1554,Βορδόνας,Vordonas,Λακωνία,peloponnese-lakonia-mainland,no,
1555,Γιαλός,Gialos,Λακωνία,peloponnese-lakonia-mainland,no,
1556,Δρίμισκος,Drimiskos,Λακωνία,peloponnese-lakonia-mainland,no,
1557,Θυνί,Thyni,Λακωνία,peloponnese-lakonia-mainland,no,
1558,Καλαμάκια,Kalamakia,Λακωνία,peloponnese-lakonia-mainland,no,
1559,Καμάρες,Kamares,Λακωνία,peloponnese-lakonia-mainland,yes,global
1560,Καραβοστάσι Οιτύλου,Karavostasi Itylou,Λακωνία,peloponnese-lakonia-mainland,no,
1561,Καστέλλα,Kastella,Λακωνία,peloponnese-lakonia-mainland,no,
1562,Κοντογώνι,Kontogoni,Λακωνία,peloponnese-lakonia-mainland,no,
1563,Κόχυλας,Kochylas,Λακωνία,peloponnese-lakonia-mainland,no,
1564,Κυανή Ακτή,Kyani Akti,Λακωνία,peloponnese-lakonia-mainland,no,
1565,Λιμάνι,Limani,Λακωνία,peloponnese-lakonia-mainland,no,
1566,Μαρμάρι,Marmari,Λακωνία,peloponnese-lakonia-mainland,no,
1567,Μεγάλη Άμμος,Megali Ammos,Λακωνία,peloponnese-lakonia-mainland,no,
1568,Μπαλογκέρι (Ντάμος),Balogkeri (Damos),Λακωνία,peloponnese-lakonia-mainland,no,
1569,Μποζάς,Bozas,Λακωνία,peloponnese-lakonia-mainland,no,
1570,Μώλος,Molos,Λακωνία,peloponnese-lakonia-mainland,yes,global
1571,Ξιφιάς,Xifias,Λακωνία,peloponnese-lakonia-mainland,no,
1572,Οίτυλο,Itylo,Λακωνία,peloponnese-lakonia-mainland,no,
1573,Παραλία 100 Ρίζες,Paralia 100 Rizes,Λακωνία,peloponnese-lakonia-mainland,no,
1574,Παραλία Αγλύφτης,Paralia Aglyftis,Λακωνία,peloponnese-lakonia-mainland,no,
1575,Παραλία Βαλτάκι,Paralia Valtaki,Λακωνία,peloponnese-lakonia-mainland,no,
1576,Παραλία Ελιάς,Paralia Elias,Λακωνία,peloponnese-lakonia-mainland,no,
1577,Παραλία Καλεβόλου,Paralia Kalevolou,Λακωνία,peloponnese-lakonia-mainland,no,
1578,Παραλία Κάτω Νησί,Paralia Kato Nisi,Λακωνία,peloponnese-lakonia-mainland,no,
1579,Παραλία Κοκκινιά,Paralia Kokkinia,Λακωνία,peloponnese-lakonia-mainland,no,
1580,Παραλία Κότρωνα,Paralia Kotrona,Λακωνία,peloponnese-lakonia-mainland,no,
1581,Παραλία Λεύκης,Paralia Levkis,Λακωνία,peloponnese-lakonia-mainland,no,
1582,Παραλία Μαυροβουνίου,Paralia Mavrovouniou,Λακωνία,peloponnese-lakonia-mainland,no,
1583,Παραλία Νερατζιώνα,Paralia Neratziona,Λακωνία,peloponnese-lakonia-mainland,no,
1584,Παραλία Σαρακίνικο,Paralia Sarakiniko,Λακωνία,peloponnese-lakonia-mainland,no,
1585,Παραλία Σελινίτσας,Paralia Selinitsas,Λακωνία,peloponnese-lakonia-mainland,no,
1586,Παραλία Σίμος,Paralia Simos,Λακωνία,peloponnese-lakonia-mainland,no,
1587,Παραλία της Πικριάς,Paralia tis Pikrias,Λακωνία,peloponnese-lakonia-mainland,no,
1588,Παραλία Τρίνησα,Paralia Trinisa,Λακωνία,peloponnese-lakonia-mainland,no,
1589,Πλύτρα - Παχιά Άμμος,Plytra - Pachia Ammos,Λακωνία,peloponnese-lakonia-mainland,no,
1590,Πορί,Pori,Λακωνία,peloponnese-lakonia-mainland,no,
1591,Πόρτο Κάγιο,Porto Kagio,Λακωνία,peloponnese-lakonia-mainland,no,
1592,Πούλια,Poulia,Λακωνία,peloponnese-lakonia-mainland,no,
1593,Πούντα,Pounta,Λακωνία,peloponnese-lakonia-mainland,no,
1594,Πρώτο Αυλάκι,Proto Avlaki,Λακωνία,peloponnese-lakonia-mainland,no,
1595,Πύλα,Pyla,Λακωνία,peloponnese-lakonia-mainland,no,
1596,Πύλιζα,Pyliza,Λακωνία,peloponnese-lakonia-mainland,no,
1597,Ρωμαϊκή Παραλία,Romaiki Paralia,Λακωνία,peloponnese-lakonia-mainland,no,
1598,Σκοπά,Skopa,Λακωνία,peloponnese-lakonia-mainland,no,
1599,Τηγάνια,Tigania,Λακωνία,peloponnese-lakonia-mainland,no,
1600,Χαλικιά,Chalikia,Λακωνία,peloponnese-lakonia-mainland,no,
1601,Χαλικιά Βάτα,Chalikia Vata,Λακωνία,peloponnese-lakonia-mainland,no,
1602,Χαρακιά,Charakia,Λακωνία,peloponnese-lakonia-mainland,no,
716,Αγία Φωτιά,Agia Fotia,Λασίθι,crete-crete-lasithi,yes,crete:lasithi
717,Άγιος Παντελεήμονας,Agios Panteleimonas,Λασίθι,crete-crete-lasithi,no,
718,Αθερίνα,Atherina,Λασίθι,crete-crete-lasithi,no,
719,Αλατσολίμνη,Alatsolimni,Λασίθι,crete-crete-lasithi,no,
720,Αλμυρός,Almyros,Λασίθι,crete-crete-lasithi,no,
721,Άμμος Αγίου Νικολάου,Ammos Agiou Nikolaou,Λασίθι,crete-crete-lasithi,no,
722,Άμμος Ξερόκαμπου,Ammos Xerokampou,Λασίθι,crete-crete-lasithi,no,
723,Αμμούδι,Ammoudi,Λασίθι,crete-crete-lasithi,no,
724,Ανασκελού,Anaskelou,Λασίθι,crete-crete-lasithi,no,
725,Άργιλος,Argilos,Λασίθι,crete-crete-lasithi,yes,crete:lasithi
726,Άσπες,Aspes,Λασίθι,crete-crete-lasithi,no,
727,Αυλάκι,Avlaki,Λασίθι,crete-crete-lasithi,no,
728,Βαγί,Vagi,Λασίθι,crete-crete-lasithi,no,
729,Βάγκες,Vagkes,Λασίθι,crete-crete-lasithi,no,
730,Βάι,Vai,Λασίθι,crete-crete-lasithi,yes,crete:lasithi
731,Βλυχάδα Ξερόκαμπου,Vlychada Xerokampou,Λασίθι,crete-crete-lasithi,no,
732,Βόλια,Volia,Λασίθι,crete-crete-lasithi,no,
733,Βούλισμα,Voulisma,Λασίθι,crete-crete-lasithi,yes,crete:lasithi
734,Βουρλιά,Vourlia,Λασίθι,crete-crete-lasithi,no,
735,Βρυονήσι,Vryonisi,Λασίθι,crete-crete-lasithi,no,
736,Γεροντόλακκος,Gerontolakkos,Λασίθι,crete-crete-lasithi,no,
737,Διανισκάρι,Dianiskari,Λασίθι,crete-crete-lasithi,no,
738,Διασκάρι,Diaskari,Λασίθι,crete-crete-lasithi,no,
3010,Ελούντα,Elounta,Λασίθι,crete-crete-lasithi,no,
739,Θόλος,Tholos,Λασίθι,crete-crete-lasithi,no,
740,Ίτανος,Itanos,Λασίθι,crete-crete-lasithi,yes,crete:lasithi
741,Κάκκος,Kakkos,Λασίθι,crete-crete-lasithi,no,
742,Καλάμι,Kalami,Λασίθι,crete-crete-lasithi,no,
743,Καραβοστάσι,Karavostasi,Λασίθι,crete-crete-lasithi,no,
744,Καρούμες,Karoumes,Λασίθι,crete-crete-lasithi,yes,crete:lasithi
745,Καταπρόσωπο,Kataprosopo,Λασίθι,crete-crete-lasithi,no,
746,Κιτροπλατεία,Kitroplatia,Λασίθι,crete-crete-lasithi,no,
747,Κολοκύθα,Kolokytha,Λασίθι,crete-crete-lasithi,yes,crete:lasithi
748,Κουρεμένος,Kouremenos,Λασίθι,crete-crete-lasithi,no,
749,Κρινάκια,Krinakia,Λασίθι,crete-crete-lasithi,no,
750,Λαγκάδα,Lagkada,Λασίθι,crete-crete-lasithi,no,
751,Λιβάρι,Livari,Λασίθι,crete-crete-lasithi,no,
752,Μαζιδά Άμμος,Mazida Ammos,Λασίθι,crete-crete-lasithi,yes,crete:lasithi
753,Μαριδάτη,Maridati,Λασίθι,crete-crete-lasithi,no,
754,Μονή Καψά,Moni Kapsa,Λασίθι,crete-crete-lasithi,no,
755,Μπάλος Ελούντας,Balos Elountas,Λασίθι,crete-crete-lasithi,no,
756,Μπελεγρίνα,Belegrina,Λασίθι,crete-crete-lasithi,no,
757,Μποτζαλάκι,Botzalaki,Λασίθι,crete-crete-lasithi,no,
758,Μπούφος,Boufos,Λασίθι,crete-crete-lasithi,no,
759,Παραλία Βλυχάδια,Paralia Vlychadia,Λασίθι,crete-crete-lasithi,no,
760,Παραλία Ρίχτη,Paralia Richti,Λασίθι,crete-crete-lasithi,no,
761,Παραλία της Γριάς το Πήδημα,Paralia tis Grias to Pidima,Λασίθι,crete-crete-lasithi,no,
762,Πελεκητή,Pelekiti,Λασίθι,crete-crete-lasithi,no,
763,Πλάκα,Plaka,Λασίθι,crete-crete-lasithi,no,
764,Πλάκα Ελούντας,Plaka Elountas,Λασίθι,crete-crete-lasithi,no,
765,Ποταμός Ξερόκαμπου,Potamos Xerokampou,Λασίθι,crete-crete-lasithi,no,
766,Σκινιάς,Skinias,Λασίθι,crete-crete-lasithi,no,
767,Σχίσμα,Schisma,Λασίθι,crete-crete-lasithi,no,
768,Χαβάνια,Chavania,Λασίθι,crete-crete-lasithi,no,
769,Χιόνα Ξερόκαμπου,Chiona Xerokampou,Λασίθι,crete-crete-lasithi,no,
770,Χιόνα Παλαίκαστρου,Chiona Palaikastrou,Λασίθι,crete-crete-lasithi,no,
771,Ψιλή Άμμος Βάι,Psili Ammos Vai,Λασίθι,crete-crete-lasithi,no,
772,Palaria,Palaria,Λασίθι,crete-crete-lasithi,no,
773,Palm Bay Beach,Palm Bay Beach,Λασίθι,crete-crete-lasithi,no,
774,Trachilias Beach,Trachilias Beach,Λασίθι,crete-crete-lasithi,no,
2370,Άγιος Νικόλαος,Agios Nikolaos,Λειψοί,south-aegean-lipsi,yes,global
2372,Καμάρες,Kamares,Λειψοί,south-aegean-lipsi,yes,global
2371,Κάμπος,Kampos,Λειψοί,south-aegean-lipsi,no,
2373,Κατσαδιά,Katsadia,Λειψοί,south-aegean-lipsi,no,
2374,Κισσίρια,Kissiria,Λειψοί,south-aegean-lipsi,no,
2375,Κοίμηση,Kimisi,Λειψοί,south-aegean-lipsi,no,
2376,Κορακιά,Korakia,Λειψοί,south-aegean-lipsi,no,
2377,Λεντού,Lentou,Λειψοί,south-aegean-lipsi,no,
2369,Λευκή Παραλία Ασπρονήσι,Levki Paralia Aspronisi,Λειψοί,south-aegean-lipsi,no,
2378,Λύρα,Lyra,Λειψοί,south-aegean-lipsi,no,
2379,Μερσίνη,Mersini,Λειψοί,south-aegean-lipsi,no,
2380,Ξηρόκαμπος,Xirokampos,Λειψοί,south-aegean-lipsi,no,
2381,Παπαντριά,Papantria,Λειψοί,south-aegean-lipsi,no,
2382,Πλατύς Γιαλός,Platys Gialos,Λειψοί,south-aegean-lipsi,yes,global
2383,Πνιγμένος,Pnigmenos,Λειψοί,south-aegean-lipsi,no,
2384,Στίφη,Stifi,Λειψοί,south-aegean-lipsi,no,
2385,Τουρκόμνημα,Tourkomnima,Λειψοί,south-aegean-lipsi,no,
2386,Χοχλάκουρα,Chochlakoura,Λειψοί,south-aegean-lipsi,no,
2362,Βρομόλιθος,Vromolithos,Λέρος,south-aegean-leros,no,
2359,Γούρνα,Gourna,Λέρος,south-aegean-leros,no,
2358,Δύο Λισκάρια,Dyo Liskaria,Λέρος,south-aegean-leros,no,
2360,Κιούρα,Kioura,Λέρος,south-aegean-leros,no,
2363,Κόκκινη παραλία,Kokkini paralia,Λέρος,south-aegean-leros,yes,global
2368,Όρμος Μπελφούτη,Ormos Belfouti,Λέρος,south-aegean-leros,no,
2364,Παραλία Αγίας Κιούρας,Paralia Agias Kiouras,Λέρος,south-aegean-leros,no,
2365,Παραλία Βρωμόλιθος,Paralia Vromolithos,Λέρος,south-aegean-leros,no,
2366,Παραλία Κρυφός,Paralia Kryfos,Λέρος,south-aegean-leros,no,
2361,Παραλία Λακκίου,Paralia Lakkiou,Λέρος,south-aegean-leros,no,
2367,Παραλία Μπλεφούτης,Paralia Blefoutis,Λέρος,south-aegean-leros,no,
1321,Άγιος Ερμογένης,Agios Ermogenis,Λέσβος,north-aegean-lesvos,no,
1322,Άγιος Ισίδωρος,Agios Isidoros,Λέσβος,north-aegean-lesvos,no,
1323,Ακτή Τσαμάκια,Akti Tsamakia,Λέσβος,north-aegean-lesvos,no,
1324,Αμμουδέλι,Ammoudeli,Λέσβος,north-aegean-lesvos,no,
1325,Αμπέλια,Ampelia,Λέσβος,north-aegean-lesvos,no,
1326,Ανδρομάχη,Andromachi,Λέσβος,north-aegean-lesvos,no,
1327,Απεργούσα,Apergousa,Λέσβος,north-aegean-lesvos,no,
1328,Αυλάκι,Avlaki,Λέσβος,north-aegean-lesvos,no,
1329,Βαθύ Κριτήρι,Vathy Kritiri,Λέσβος,north-aegean-lesvos,no,
1330,Βατερά,Vatera,Λέσβος,north-aegean-lesvos,no,
1331,Βατραχιά,Vatrachia,Λέσβος,north-aegean-lesvos,no,
1332,Ελεύκος,Elevkos,Λέσβος,north-aegean-lesvos,no,
1334,Καλό Λιμάνι,Kalo Limani,Λέσβος,north-aegean-lesvos,no,
1333,Κάμπος,Kampos,Λέσβος,north-aegean-lesvos,no,
1335,Καταβάθρα,Katavathra,Λέσβος,north-aegean-lesvos,no,
1336,Κοχύλια,Kochylia,Λέσβος,north-aegean-lesvos,no,
1339,Λαγκάδα,Lagkada,Λέσβος,north-aegean-lesvos,no,
1340,Λαμπρίνη ή Ουζούν Σοκάκ,Lamprini i Ouzoun Sokak,Λέσβος,north-aegean-lesvos,no,
1337,Λάψαρνα,Lapsarna,Λέσβος,north-aegean-lesvos,no,
1341,Λιγονάρι,Ligonari,Λέσβος,north-aegean-lesvos,no,
1342,Λιμαντζίκι,Limantziki,Λέσβος,north-aegean-lesvos,no,
1338,Λίμενας,Limenas,Λέσβος,north-aegean-lesvos,no,
1343,Μάκαρα,Makara,Λέσβος,north-aegean-lesvos,no,
1344,Μάλαθρα,Malathra,Λέσβος,north-aegean-lesvos,no,
1347,Μόλυβος,Molyvos,Λέσβος,north-aegean-lesvos,no,
1345,Μπάκερος,Bakeros,Λέσβος,north-aegean-lesvos,no,
1346,Μπαλίνη,Balini,Λέσβος,north-aegean-lesvos,no,
1348,Νησέλια,Niselia,Λέσβος,north-aegean-lesvos,no,
1349,Ντάλαντος,Dalantos,Λέσβος,north-aegean-lesvos,no,
1350,Ξέρες Ευρειακής,Xeres Evriakis,Λέσβος,north-aegean-lesvos,no,
1353,Παραλία Αμμούδι,Paralia Ammoudi,Λέσβος,north-aegean-lesvos,no,
1352,Παραλία Άναξου,Paralia Anaxou,Λέσβος,north-aegean-lesvos,no,
1354,Παραλία Γυμνιστών Ερεσού,Paralia Gymniston Eresou,Λέσβος,north-aegean-lesvos,no,
1320,Παραλία Γυμνιστών Μολύβου,Paralia Gymniston Molyvou,Λέσβος,north-aegean-lesvos,no,
1355,Παραλία Γυμνιστών Χρούσος,Paralia Gymniston Chrousos,Λέσβος,north-aegean-lesvos,no,
1356,Παραλία Δρότας,Paralia Drotas,Λέσβος,north-aegean-lesvos,no,
1357,Παραλία Καγιά,Paralia Kagia,Λέσβος,north-aegean-lesvos,no,
1358,Παραλία Νυφίδας,Paralia Nyfidas,Λέσβος,north-aegean-lesvos,no,
1359,Παραλία Τάρτι,Paralia Tarti,Λέσβος,north-aegean-lesvos,no,
1319,Παραλία Τοκμάκια,Paralia Tokmakia,Λέσβος,north-aegean-lesvos,no,
1360,Παραλία Τσόνια,Paralia Tsonia,Λέσβος,north-aegean-lesvos,no,
1351,Πάτος,Patos,Λέσβος,north-aegean-lesvos,no,
1361,Περιστεριά,Peristeria,Λέσβος,north-aegean-lesvos,no,
1362,Πεταλίδι,Petalidi,Λέσβος,north-aegean-lesvos,no,
1363,Πλαζ Κανόνι,Plaz Kanoni,Λέσβος,north-aegean-lesvos,no,
1364,Ποδαράς,Podaras,Λέσβος,north-aegean-lesvos,no,
1365,Πυραμιές,Pyramies,Λέσβος,north-aegean-lesvos,no,
1366,Τηλέγραφος,Tilegrafos,Λέσβος,north-aegean-lesvos,no,
1367,Τσάφι,Tsafi,Λέσβος,north-aegean-lesvos,no,
1368,Τσίλια,Tsilia,Λέσβος,north-aegean-lesvos,no,
1369,Τσιπούρια,Tsipouria,Λέσβος,north-aegean-lesvos,no,
1370,Τσιχλιώτα,Tsichliota,Λέσβος,north-aegean-lesvos,no,
1371,Τσιχράντα,Tsichranta,Λέσβος,north-aegean-lesvos,no,
1372,Φανερωμένη,Faneromeni,Λέσβος,north-aegean-lesvos,no,
1373,Φαρά,Fara,Λέσβος,north-aegean-lesvos,no,
1374,Φυκιότρυπα,Fykiotrypa,Λέσβος,north-aegean-lesvos,no,
1375,Χαλατσές,Chalatses,Λέσβος,north-aegean-lesvos,no,
1376,Χαραμίδα,Charamida,Λέσβος,north-aegean-lesvos,no,
1377,Χαραμίδα νησέλι,Charamida niseli,Λέσβος,north-aegean-lesvos,no,
1378,Χρούσος,Chrousos,Λέσβος,north-aegean-lesvos,no,
1147,Αβάλι,Avali,Λευκάδα,ionian-islands-lefkada,no,
1146,Άγιος Ιωάννης,Agios Ioannis,Λευκάδα,ionian-islands-lefkada,no,
1148,Αγιοφύλλι,Agiofylli,Λευκάδα,ionian-islands-lefkada,no,
1150,Αμμόγλωσσα,Ammoglossa,Λευκάδα,ionian-islands-lefkada,no,
1149,Αμμούσα,Ammousa,Λευκάδα,ionian-islands-lefkada,no,
1151,Ανατολική παραλία Σκορπιού,Anatoliki paralia Skorpiou,Λευκάδα,ionian-islands-lefkada,no,
1152,Ανώνυμη Παραλία Κομηλιό,Anonymi Paralia Komilio,Λευκάδα,ionian-islands-lefkada,no,
1153,Ασπρογιαλός,Asprogialos,Λευκάδα,ionian-islands-lefkada,no,
1154,Αφτέλι,Afteli,Λευκάδα,ionian-islands-lefkada,no,
1155,Βασιλική,Vasiliki,Λευκάδα,ionian-islands-lefkada,no,
1156,Γάϊδαρος,Gaidaros,Λευκάδα,ionian-islands-lefkada,no,
1157,Γιαλός,Gialos,Λευκάδα,ionian-islands-lefkada,no,
1158,Γύρα (Άννα),Gyra (Anna),Λευκάδα,ionian-islands-lefkada,no,
1140,Δεσίμι,Desimi,Λευκάδα,ionian-islands-lefkada,no,
1159,Εγκρεμνοί,Egkremni,Λευκάδα,ionian-islands-lefkada,no,
1162,Καβαλικευτά,Kavalikevta,Λευκάδα,ionian-islands-lefkada,no,
1160,Κάθισμα,Kathisma,Λευκάδα,ionian-islands-lefkada,no,
1141,Καμάρι,Kamari,Λευκάδα,ionian-islands-lefkada,no,
1163,Καμίνια,Kaminia,Λευκάδα,ionian-islands-lefkada,no,
1161,Κάστρο,Kastro,Λευκάδα,ionian-islands-lefkada,no,
1164,Κρυονέρι,Kryoneri,Λευκάδα,ionian-islands-lefkada,no,
1145,Λίμνη / Στροφή,Limni / Strofi,Λευκάδα,ionian-islands-lefkada,no,
1165,Λυγιά,Lygia,Λευκάδα,ionian-islands-lefkada,no,
1166,Μικρός Γιαλός,Mikros Gialos,Λευκάδα,ionian-islands-lefkada,no,
1167,Μύλος,Mylos,Λευκάδα,ionian-islands-lefkada,no,
1143,Νότια Παραλία Νικιάνας,Notia Paralia Nikianas,Λευκάδα,ionian-islands-lefkada,no,
1168,Νότια Παραλία Σκορπιού,Notia Paralia Skorpiou,Λευκάδα,ionian-islands-lefkada,no,
1142,Παραλία Νικιάνας,Paralia Nikianas,Λευκάδα,ionian-islands-lefkada,no,
1144,Πασάς,Pasas,Λευκάδα,ionian-islands-lefkada,no,
1169,Πευκούλια,Pevkoulia,Λευκάδα,ionian-islands-lefkada,no,
1170,Πλάκα (Βαγιά),Plaka (Vagia),Λευκάδα,ionian-islands-lefkada,no,
1171,Πόρτο Κάτσικι,Porto Katsiki,Λευκάδα,ionian-islands-lefkada,no,
1172,Σκάλα Γιαλού,Skala Gialou,Λευκάδα,ionian-islands-lefkada,no,
1173,Φτέρη,Fteri,Λευκάδα,ionian-islands-lefkada,no,
1139,Breath of Zorbas beach,Breath of Zorbas beach,Λευκάδα,ionian-islands-lefkada,no,
1446,Άγιος Ιωάννης,Agios Ioannis,Λήμνος,north-aegean-lemnos,no,
1431,Αυλώνας,Avlonas,Λήμνος,north-aegean-lemnos,no,
1447,Βάθρακας,Vathrakas,Λήμνος,north-aegean-lemnos,no,
1433,Γομάτι,Gomati,Λήμνος,north-aegean-lemnos,no,
1448,Διαπόρι (ανατολική ακτή),Diapori (anatoliki akti),Λήμνος,north-aegean-lemnos,no,
1432,Διαπόρι (δυτική ακτή),Diapori (dytiki akti),Λήμνος,north-aegean-lemnos,no,
1457,Εβγάτης,Evgatis,Λήμνος,north-aegean-lemnos,no,
1445,Ζεματάς,Zematas,Λήμνος,north-aegean-lemnos,no,
1458,Θάνος,Thanos,Λήμνος,north-aegean-lemnos,no,
1450,Καλλιθέα,Kallithea,Λήμνος,north-aegean-lemnos,no,
1434,Καρβουνόλακκα,Karvounolakka,Λήμνος,north-aegean-lemnos,no,
1435,Κάσπακας,Kaspakas,Λήμνος,north-aegean-lemnos,no,
1451,Κατάλακκο,Katalakko,Λήμνος,north-aegean-lemnos,no,
1436,Καταπόδι,Katapodi,Λήμνος,north-aegean-lemnos,no,
1449,Κέρος,Keros,Λήμνος,north-aegean-lemnos,yes,north-aegean:lemnos
1437,Κόκκινα (βόρειος όρμος),Kokkina (vorios ormos),Λήμνος,north-aegean-lemnos,no,
1452,Κόκκινα (νότιος όρμος),Kokkina (notios ormos),Λήμνος,north-aegean-lemnos,no,
1438,Λιμάνι Αγιάς,Limani Agias,Λήμνος,north-aegean-lemnos,no,
1439,Λουρί,Louri,Λήμνος,north-aegean-lemnos,no,
1453,Μαντρί,Mantri,Λήμνος,north-aegean-lemnos,no,
1454,Μεγάλο Φαναράκι,Megalo Fanaraki,Λήμνος,north-aegean-lemnos,no,
1455,Μικρό Φαναράκι,Mikro Fanaraki,Λήμνος,north-aegean-lemnos,no,
1456,Νεφτίνα,Neftina,Λήμνος,north-aegean-lemnos,no,
1440,Παναγιάς Πηγάδελι,Panagias Pigadeli,Λήμνος,north-aegean-lemnos,no,
1459,Παραλία Κότσινα,Paralia Kotsina,Λήμνος,north-aegean-lemnos,no,
1460,Παραλία Μακρύς Γυαλός,Paralia Makrys Gyalos,Λήμνος,north-aegean-lemnos,no,
1441,Παρθενόμυθος,Parthenomythos,Λήμνος,north-aegean-lemnos,no,
1463,Πλάκα,Plaka,Λήμνος,north-aegean-lemnos,no,
1461,Πλατύ,Platy,Λήμνος,north-aegean-lemnos,no,
1464,Ρηχά νερά,Richa nera,Λήμνος,north-aegean-lemnos,no,
1465,Ρωμαίικος Γυαλός,Romaiikos Gyalos,Λήμνος,north-aegean-lemnos,no,
1466,Σαράβαρη,Saravari,Λήμνος,north-aegean-lemnos,no,
1442,Σκανδάλη,Skandali,Λήμνος,north-aegean-lemnos,no,
1443,Σκίδι,Skidi,Λήμνος,north-aegean-lemnos,no,
1462,Στίβι ή Πλαγίσος Μώλος,Stivi i Plagisos Molos,Λήμνος,north-aegean-lemnos,no,
1467,Τηγάνι,Tigani,Λήμνος,north-aegean-lemnos,no,
1468,Τούρκικος Γιαλός,Tourkikos Gialos,Λήμνος,north-aegean-lemnos,no,
1444,Τρυγή,Trygi,Λήμνος,north-aegean-lemnos,no,
1469,Φαρακλού,Faraklou,Λήμνος,north-aegean-lemnos,no,
1470,Χαβούλι,Chavouli,Λήμνος,north-aegean-lemnos,no,
2676,Αγιά Θυμιά,Agia Thymia,Μαγνησία (Πήλιο),thessaly-magnesia-mainland---pelion,no,
2673,Άγιοι Σαράντα,Agii Saranta,Μαγνησία (Πήλιο),thessaly-magnesia-mainland---pelion,no,
2670,Άγιος Ιωάννης,Agios Ioannis,Μαγνησία (Πήλιο),thessaly-magnesia-mainland---pelion,no,
2674,Άγιος Ιωάννης (Ζαγορά),Agios Ioannis (Zagora),Μαγνησία (Πήλιο),thessaly-magnesia-mainland---pelion,no,
2677,Αλυκές (Βόλος),Alykes (Volos),Μαγνησία (Πήλιο),thessaly-magnesia-mainland---pelion,no,
2678,Αμποβός,Ampovos,Μαγνησία (Πήλιο),thessaly-magnesia-mainland---pelion,no,
2675,Άναυρος,Anavros,Μαγνησία (Πήλιο),thessaly-magnesia-mainland---pelion,no,
2679,Βαθιά Σπηλιά,Vathia Spilia,Μαγνησία (Πήλιο),thessaly-magnesia-mainland---pelion,no,
2680,Βλαχόρεμα,Vlachorema,Μαγνησία (Πήλιο),thessaly-magnesia-mainland---pelion,no,
2681,Βρωμονέρι,Vromoneri,Μαγνησία (Πήλιο),thessaly-magnesia-mainland---pelion,no,
2682,Γούρνα,Gourna,Μαγνησία (Πήλιο),thessaly-magnesia-mainland---pelion,no,
2666,Δερμαριά (Πτελεός),Dermaria (Pteleos),Μαγνησία (Πήλιο),thessaly-magnesia-mainland---pelion,no,
2683,Θεοτόκος,Theotokos,Μαγνησία (Πήλιο),thessaly-magnesia-mainland---pelion,no,
2667,Ιζγκούδ (Τρίκερι),Izgkoud (Trikeri),Μαγνησία (Πήλιο),thessaly-magnesia-mainland---pelion,no,
2684,Καλαμιές (Αγριά),Kalamies (Agria),Μαγνησία (Πήλιο),thessaly-magnesia-mainland---pelion,no,
2686,Καρνάγιο (Αγριά),Karnagio (Agria),Μαγνησία (Πήλιο),thessaly-magnesia-mainland---pelion,no,
2687,Καστρί,Kastri,Μαγνησία (Πήλιο),thessaly-magnesia-mainland---pelion,no,
2688,Κλωσσού,Klossou,Μαγνησία (Πήλιο),thessaly-magnesia-mainland---pelion,no,
2689,Κομός,Komos,Μαγνησία (Πήλιο),thessaly-magnesia-mainland---pelion,no,
2691,Λαγούδι,Lagoudi,Μαγνησία (Πήλιο),thessaly-magnesia-mainland---pelion,no,
2692,Λεπετούς,Lepetous,Μαγνησία (Πήλιο),thessaly-magnesia-mainland---pelion,no,
2693,Λεφόκαστρο,Lefokastro,Μαγνησία (Πήλιο),thessaly-magnesia-mainland---pelion,no,
2695,Λύρη,Lyri,Μαγνησία (Πήλιο),thessaly-magnesia-mainland---pelion,no,
2696,Μελανή,Melani,Μαγνησία (Πήλιο),thessaly-magnesia-mainland---pelion,no,
2697,Μικρό,Mikro,Μαγνησία (Πήλιο),thessaly-magnesia-mainland---pelion,no,
2698,Μορτίτσα,Mortitsa,Μαγνησία (Πήλιο),thessaly-magnesia-mainland---pelion,no,
2699,Μουρτιάς,Mourtias,Μαγνησία (Πήλιο),thessaly-magnesia-mainland---pelion,no,
2700,Μυλοπόταμος,Mylopotamos,Μαγνησία (Πήλιο),thessaly-magnesia-mainland---pelion,no,
2701,Νέα Αγχίαλος,Nea Agchialos,Μαγνησία (Πήλιο),thessaly-magnesia-mainland---pelion,no,
2702,Νταμούχαρη,Damouchari,Μαγνησία (Πήλιο),thessaly-magnesia-mainland---pelion,no,
2703,Πάλτση,Paltsi,Μαγνησία (Πήλιο),thessaly-magnesia-mainland---pelion,no,
2704,Παπά Νερό,Papa Nero,Μαγνησία (Πήλιο),thessaly-magnesia-mainland---pelion,no,
2706,Παραλία Ανάληψης,Paralia Analipsis,Μαγνησία (Πήλιο),thessaly-magnesia-mainland---pelion,no,
2707,Παραλία Ελίτσα,Paralia Elitsa,Μαγνησία (Πήλιο),thessaly-magnesia-mainland---pelion,no,
2709,Παραλία Κορνέλια,Paralia Kornelia,Μαγνησία (Πήλιο),thessaly-magnesia-mainland---pelion,no,
2710,Παραλία Κριθάρια,Paralia Kritharia,Μαγνησία (Πήλιο),thessaly-magnesia-mainland---pelion,no,
2712,Παραλία Μπάνικας,Paralia Banikas,Μαγνησία (Πήλιο),thessaly-magnesia-mainland---pelion,no,
2713,Παραλία Μπριάνου,Paralia Brianou,Μαγνησία (Πήλιο),thessaly-magnesia-mainland---pelion,no,
2714,Παραλία Ρακοποτάμου,Paralia Rakopotamou,Μαγνησία (Πήλιο),thessaly-magnesia-mainland---pelion,no,
2715,Παραλία Τουρκοπηγής,Paralia Tourkopigis,Μαγνησία (Πήλιο),thessaly-magnesia-mainland---pelion,no,
2705,Παρίσαινα,Parisaina,Μαγνησία (Πήλιο),thessaly-magnesia-mainland---pelion,no,
2716,Πλάκα (Ζαγορά),Plaka (Zagora),Μαγνησία (Πήλιο),thessaly-magnesia-mainland---pelion,no,
2671,Πλάκες (Βόλος),Plakes (Volos),Μαγνησία (Πήλιο),thessaly-magnesia-mainland---pelion,no,
2717,Ποτιστικά,Potistika,Μαγνησία (Πήλιο),thessaly-magnesia-mainland---pelion,no,
2718,Ποτόκι,Potoki,Μαγνησία (Πήλιο),thessaly-magnesia-mainland---pelion,no,
2719,Ραζή,Razi,Μαγνησία (Πήλιο),thessaly-magnesia-mainland---pelion,no,
2720,Σουτραλί (Αγριά),Soutrali (Agria),Μαγνησία (Πήλιο),thessaly-magnesia-mainland---pelion,no,
2672,Συκίτσα (Σούρπη),Sykitsa (Sourpi),Μαγνησία (Πήλιο),thessaly-magnesia-mainland---pelion,no,
2721,Φακίστρα,Fakistra,Μαγνησία (Πήλιο),thessaly-magnesia-mainland---pelion,no,
2723,Φτελιά,Ftelia,Μαγνησία (Πήλιο),thessaly-magnesia-mainland---pelion,yes,global
2724,Χονδρή Άμμος,Chondri Ammos,Μαγνησία (Πήλιο),thessaly-magnesia-mainland---pelion,no,
2725,Χορευτό,Chorevto,Μαγνησία (Πήλιο),thessaly-magnesia-mainland---pelion,no,
1061,Πορτέλο,Portelo,Μαθράκι,ionian-islands-mathraki,no,
2500,Μαράθι,Marathi,Μαράθι,south-aegean-marathi,no,
2501,Τηγανάκια,Tiganakia,Μαράθι,south-aegean-marathi,no,
1178,Άγιος Ιωάννης,Agios Ioannis,Μεγανήσι,ionian-islands-meganisi,no,
1177,Αθερινός,Atherinos,Μεγανήσι,ionian-islands-meganisi,no,
1175,Αμπελάκια,Ampelakia,Μεγανήσι,ionian-islands-meganisi,no,
1176,Ελιά,Elia,Μεγανήσι,ionian-islands-meganisi,no,
1174,Λιμονάρι,Limonari,Μεγανήσι,ionian-islands-meganisi,no,
1179,Πασουμάκι,Pasoumaki,Μεγανήσι,ionian-islands-meganisi,no,
1180,Σπηλιά,Spilia,Μεγανήσι,ionian-islands-meganisi,no,
1181,Φανάρι,Fanari,Μεγανήσι,ionian-islands-meganisi,no,
178,Ακτή Αγάπης,Akti Agapis,Μέθανα,attica-methana,no,
180,Βοτσαλάκια,Votsalakia,Μέθανα,attica-methana,no,
181,Νήσιζα,Nisiza,Μέθανα,attica-methana,no,
179,Παραλία Νισάκι,Paralia Nisaki,Μέθανα,attica-methana,no,
1603,Αγία Τριάδα,Agia Triada,Μεσσηνία,peloponnese-messinia-mainland,no,
3020,Άγιος Ανδρέας,Agios Andreas,Μεσσηνία,peloponnese-messinia-mainland,no,
1604,Άγιος Νικόλαος,Agios Nikolaos,Μεσσηνία,peloponnese-messinia-mainland,yes,global
1605,Άμμος,Ammos,Μεσσηνία,peloponnese-messinia-mainland,no,
1606,Αμμούδι,Ammoudi,Μεσσηνία,peloponnese-messinia-mainland,no,
1607,Αρτακι,Artaki,Μεσσηνία,peloponnese-messinia-mainland,no,
1608,Βοϊδοκοιλιά,Vidokilia,Μεσσηνία,peloponnese-messinia-mainland,yes,global
1609,Βουρλιά,Vourlia,Μεσσηνία,peloponnese-messinia-mainland,no,
1610,Βρωμονέρι,Vromoneri,Μεσσηνία,peloponnese-messinia-mainland,no,
1611,Γαργαρού,Gargarou,Μεσσηνία,peloponnese-messinia-mainland,no,
1612,Γλυφάδα,Glyfada,Μεσσηνία,peloponnese-messinia-mainland,no,
1613,Γλώσσα (γυμνιστών),Glossa (gymniston),Μεσσηνία,peloponnese-messinia-mainland,no,
1614,Διβάρι,Divari,Μεσσηνία,peloponnese-messinia-mainland,no,
1615,Ζάγκα,Zagka,Μεσσηνία,peloponnese-messinia-mainland,no,
1616,Καλαμάκι,Kalamaki,Μεσσηνία,peloponnese-messinia-mainland,no,
1617,Καλογριά,Kalogria,Μεσσηνία,peloponnese-messinia-mainland,no,
1618,Καντούνι,Kantouni,Μεσσηνία,peloponnese-messinia-mainland,no,
1619,Κουμπάρες,Koumpares,Μεσσηνία,peloponnese-messinia-mainland,no,
1620,Κρυονέρι,Kryoneri,Μεσσηνία,peloponnese-messinia-mainland,no,
1621,Λαγκουβαρδος,Lagkouvardos,Μεσσηνία,peloponnese-messinia-mainland,no,
1622,Λάμπες,Lampes,Μεσσηνία,peloponnese-messinia-mainland,no,
1623,Λαχανού,Lachanou,Μεσσηνία,peloponnese-messinia-mainland,no,
1624,Λιβάδια,Livadia,Μεσσηνία,peloponnese-messinia-mainland,no,
1625,Λούτσα,Loutsa,Μεσσηνία,peloponnese-messinia-mainland,no,
1626,Μάτι,Mati,Μεσσηνία,peloponnese-messinia-mainland,no,
1627,Μαυροβούνι,Mavrovouni,Μεσσηνία,peloponnese-messinia-mainland,no,
1628,Μεγάλο Μαράθι,Megalo Marathi,Μεσσηνία,peloponnese-messinia-mainland,no,
1629,Μεμί,Memi,Μεσσηνία,peloponnese-messinia-mainland,no,
1630,Μικρό Μαράθι,Mikro Marathi,Μεσσηνία,peloponnese-messinia-mainland,no,
1631,Παραλία Βουνάκι,Paralia Vounaki,Μεσσηνία,peloponnese-messinia-mainland,no,
1632,Παραλία Γιάλοβα,Paralia Gialova,Μεσσηνία,peloponnese-messinia-mainland,no,
1633,Παραλία Δελφίνια,Paralia Delfinia,Μεσσηνία,peloponnese-messinia-mainland,no,
1634,Παραλία Καλαμάτας,Paralia Kalamatas,Μεσσηνία,peloponnese-messinia-mainland,no,
1635,Παραλία Καλαμίτσι,Paralia Kalamitsi,Μεσσηνία,peloponnese-messinia-mainland,no,
1636,Παραλία Κολονίδες,Paralia Kolonides,Μεσσηνία,peloponnese-messinia-mainland,no,
1637,Παραλία Μεθώνης,Paralia Methonis,Μεσσηνία,peloponnese-messinia-mainland,no,
1638,Παραλία Πανταζή,Paralia Pantazi,Μεσσηνία,peloponnese-messinia-mainland,no,
1639,Παραλία Ριτσά,Paralia Ritsa,Μεσσηνία,peloponnese-messinia-mainland,no,
1640,Παραλία Σάλιο,Paralia Salio,Μεσσηνία,peloponnese-messinia-mainland,no,
1641,Παραλία Σάντοβας,Paralia Santovas,Μεσσηνία,peloponnese-messinia-mainland,no,
1642,Παραλία Στόμιο,Paralia Stomio,Μεσσηνία,peloponnese-messinia-mainland,no,
1643,Παραλία Φιλοξενία,Paralia Filoxenia,Μεσσηνία,peloponnese-messinia-mainland,no,
1644,Παραλία Φονέας,Paralia Foneas,Μεσσηνία,peloponnese-messinia-mainland,no,
1645,Παραλία Χωμάτι,Paralia Chomati,Μεσσηνία,peloponnese-messinia-mainland,no,
1646,Περούλια,Peroulia,Μεσσηνία,peloponnese-messinia-mainland,no,
3021,Πεταλίδι,Petalidi,Μεσσηνία,peloponnese-messinia-mainland,no,
1647,Πετροχώρι,Petrochori,Μεσσηνία,peloponnese-messinia-mainland,no,
1648,Ρωμανός,Romanos,Μεσσηνία,peloponnese-messinia-mainland,no,
1649,Σέλιτσα,Selitsa,Μεσσηνία,peloponnese-messinia-mainland,no,
1650,Στούπα,Stoupa,Μεσσηνία,peloponnese-messinia-mainland,no,
1651,Τσαπί,Tsapi,Μεσσηνία,peloponnese-messinia-mainland,no,
1652,Χαλικούρα,Chalikoura,Μεσσηνία,peloponnese-messinia-mainland,no,
1653,Χελωναριά,Chelonaria,Μεσσηνία,peloponnese-messinia-mainland,no,
1654,Kartela,Kartela,Μεσσηνία,peloponnese-messinia-mainland,no,
1655,Oasi,Oasi,Μεσσηνία,peloponnese-messinia-mainland,no,
1656,Velonas,Velonas,Μεσσηνία,peloponnese-messinia-mainland,no,
1901,Αγία Κυριακή,Agia Kyriaki,Μήλος,south-aegean-milos,yes,milos:verified-image
1898,Άγιος Δημήτριος,Agios Dimitrios,Μήλος,south-aegean-milos,no,
1899,Άγιος Ιωάννης,Agios Ioannis,Μήλος,south-aegean-milos,no,
1900,Άγιος Σώστης,Agios Sostis,Μήλος,south-aegean-milos,no,
1933,Αγκάλη,Agkali,Μήλος,south-aegean-milos,no,
1902,Αμμουδαράκι,Ammoudaraki,Μήλος,south-aegean-milos,no,
1903,Αχιβαδολίμνη,Achivadolimni,Μήλος,south-aegean-milos,no,
1934,Βούδια,Voudia,Μήλος,south-aegean-milos,no,
1905,Γερανιά,Gerania,Μήλος,south-aegean-milos,no,
1904,Γέροντας,Gerontas,Μήλος,south-aegean-milos,no,
1906,Θειάφες,Thiafes,Μήλος,south-aegean-milos,yes,milos:verified-image
1907,Κάλαμος,Kalamos,Μήλος,south-aegean-milos,no,
1911,Καμπάνες,Kampanes,Μήλος,south-aegean-milos,no,
1908,Κάπρος,Kapros,Μήλος,south-aegean-milos,no,
1935,Καστανάς,Kastanas,Μήλος,south-aegean-milos,no,
1909,Κάτεργο,Katergo,Μήλος,south-aegean-milos,no,
1910,Κήποι,Kipi,Μήλος,south-aegean-milos,no,
3000,Κλέφτικο,Kleftiko,Μήλος,south-aegean-milos,no,
1936,Κολυμπισιώνας,Kolympisionas,Μήλος,south-aegean-milos,no,
1912,Λαγκάδα,Lagkada,Μήλος,south-aegean-milos,yes,milos:verified-image
1913,Ναυτικός Όμιλος Μήλου,Navtikos Omilos Milou,Μήλος,south-aegean-milos,no,
1914,Νεροδάφνη,Nerodafni,Μήλος,south-aegean-milos,no,
1915,Παλαιοχώρι,Palaiochori,Μήλος,south-aegean-milos,yes,milos:verified-image
1916,Παπάφραγκας,Papafragkas,Μήλος,south-aegean-milos,yes,milos:verified-image
1917,Παπικινού,Papikinou,Μήλος,south-aegean-milos,yes,milos:verified-image
1918,Παραλία Αγγαθια,Paralia Angathia,Μήλος,south-aegean-milos,no,
1919,Πλάθιενα,Plathiena,Μήλος,south-aegean-milos,no,
1932,Πολλώνια,Pollonia,Μήλος,south-aegean-milos,no,
1920,Προβατάς,Provatas,Μήλος,south-aegean-milos,yes,milos:verified-image
1937,Ρέμα,Rema,Μήλος,south-aegean-milos,no,
1921,Ριβάρι,Rivari,Μήλος,south-aegean-milos,no,
1922,Σαρακήνικο,Sarakiniko,Μήλος,south-aegean-milos,yes,milos:verified-image
1923,Τουρκοθάλασσα,Tourkothalassa,Μήλος,south-aegean-milos,no,
1938,Τρία Πηγάδια,Tria Pigadia,Μήλος,south-aegean-milos,no,
1924,Τριάδες,Triades,Μήλος,south-aegean-milos,no,
1925,Τσιγκράδο,Tsigkrado,Μήλος,south-aegean-milos,yes,milos:verified-image
1926,Φατούρενα,Fatourena,Μήλος,south-aegean-milos,no,
1927,Φυριπλάκα,Fyriplaka,Μήλος,south-aegean-milos,yes,milos:verified-image
1928,Φυρλίνγκος,Fyrlingkos,Μήλος,south-aegean-milos,yes,milos:verified-image
1929,Φυροπόταμος,Fyropotamos,Μήλος,south-aegean-milos,yes,milos:verified-image
1930,Ψαθί,Psathi,Μήλος,south-aegean-milos,no,
1931,Ψαροβολάδα,Psarovolada,Μήλος,south-aegean-milos,no,
1939,Αγία Άννα,Agia Anna,Μύκονος,south-aegean-mykonos,no,
1940,Αγία Άννα Καλαφάτης,Agia Anna Kalafatis,Μύκονος,south-aegean-mykonos,no,
1941,Αγία Άννα Παράγκας,Agia Anna Paragkas,Μύκονος,south-aegean-mykonos,yes,cyclades:mykonos
1943,Άγιος Ιωάννης,Agios Ioannis,Μύκονος,south-aegean-mykonos,no,
1944,Άγιος Στέφανος,Agios Stefanos,Μύκονος,south-aegean-mykonos,yes,cyclades:mykonos
1945,Άγιος Σώστης,Agios Sostis,Μύκονος,south-aegean-mykonos,no,
1946,Άγιος Χαράλαμπος,Agios Charalampos,Μύκονος,south-aegean-mykonos,no,
1947,Αγράρι,Agrari,Μύκονος,south-aegean-mykonos,yes,cyclades:mykonos
1948,Βαθιά Λαγκάδα,Vathia Lagkada,Μύκονος,south-aegean-mykonos,no,
1949,Γυμνιστική Παραλία Ελιάς,Gymnistiki Paralia Elias,Μύκονος,south-aegean-mykonos,no,
1950,Ελιά,Elia,Μύκονος,south-aegean-mykonos,yes,cyclades:mykonos
1951,Καλαμοπόδι,Kalamopodi,Μύκονος,south-aegean-mykonos,yes,cyclades:mykonos
1952,Καλαφάτη,Kalafati,Μύκονος,south-aegean-mykonos,yes,cyclades:mykonos
1953,Καλό Λιβάδι,Kalo Livadi,Μύκονος,south-aegean-mykonos,yes,cyclades:mykonos
1954,Κάπαρη,Kapari,Μύκονος,south-aegean-mykonos,yes,cyclades:mykonos
1955,Καραπέτης,Karapetis,Μύκονος,south-aegean-mykonos,no,
1956,Κάτω Τηγάνι,Kato Tigani,Μύκονος,south-aegean-mykonos,no,
1957,Κόρφος,Korfos,Μύκονος,south-aegean-mykonos,no,
1958,Λιά,Lia,Μύκονος,south-aegean-mykonos,yes,cyclades:mykonos
1959,Λούλος,Loulos,Μύκονος,south-aegean-mykonos,no,
1961,Μεγάλη Άμμος,Megali Ammos,Μύκονος,south-aegean-mykonos,no,
1962,Μερσίνη,Mersini,Μύκονος,south-aegean-mykonos,no,
1963,Μερχιά,Merchia,Μύκονος,south-aegean-mykonos,no,
1964,Ορνός,Ornos,Μύκονος,south-aegean-mykonos,yes,cyclades:mykonos
1965,Πάνορμος,Panormos,Μύκονος,south-aegean-mykonos,yes,cyclades:mykonos
1966,Παράγκα,Paragka,Μύκονος,south-aegean-mykonos,yes,cyclades:mykonos
1967,παραλία Σωκράτης,paralia Sokratis,Μύκονος,south-aegean-mykonos,no,
1968,Πατέρα Πλάκα,Patera Plaka,Μύκονος,south-aegean-mykonos,no,
1969,Πλατύς Γιαλός,Platys Gialos,Μύκονος,south-aegean-mykonos,yes,cyclades:mykonos
1971,Ταρσανάς,Tarsanas,Μύκονος,south-aegean-mykonos,yes,cyclades:mykonos
1972,Τηγάνι,Tigani,Μύκονος,south-aegean-mykonos,no,
1973,Τούρλος,Tourlos,Μύκονος,south-aegean-mykonos,no,
1974,Τσαγκάρη,Tsagkari,Μύκονος,south-aegean-mykonos,no,
1975,Φραγκιά,Fragkia,Μύκονος,south-aegean-mykonos,no,
1976,Φτελιά,Ftelia,Μύκονος,south-aegean-mykonos,yes,cyclades:mykonos
1977,Φωκός,Fokos,Μύκονος,south-aegean-mykonos,no,
1978,Χουλάκια,Choulakia,Μύκονος,south-aegean-mykonos,no,
1979,Ψαρρού,Psarrou,Μύκονος,south-aegean-mykonos,yes,cyclades:mykonos
1980,Super Paradise,Super Paradise,Μύκονος,south-aegean-mykonos,yes,cyclades:mykonos
1981,Αγία Άννα,Agia Anna,Νάξος,south-aegean-naxos,yes,cyclades:naxos
1982,Αγιασσός,Agiassos,Νάξος,south-aegean-naxos,no,
1983,Άγιοι Θεόδωροι,Agii Theodori,Νάξος,south-aegean-naxos,no,
1984,Άγιος Γεώργιος,Agios Georgios,Νάξος,south-aegean-naxos,yes,cyclades:naxos
1985,Άγιος Προκόπιος,Agios Prokopios,Νάξος,south-aegean-naxos,yes,cyclades:naxos
1986,Αζαλάς,Azalas,Νάξος,south-aegean-naxos,no,
1987,Αλυκό,Alyko,Νάξος,south-aegean-naxos,no,
1988,Αμμίτης,Ammitis,Νάξος,south-aegean-naxos,no,
1989,Άμπραμ,Ampram,Νάξος,south-aegean-naxos,no,
1990,Απόλλωνας,Apollonas,Νάξος,south-aegean-naxos,no,
1991,Βίντζι,Vintzi,Νάξος,south-aegean-naxos,no,
1992,Γλατζά,Glatza,Νάξος,south-aegean-naxos,no,
1993,Γλυφάδα,Glyfada,Νάξος,south-aegean-naxos,no,
1994,Γρόττα,Grotta,Νάξος,south-aegean-naxos,no,
1996,Κάμπος,Kampos,Νάξος,south-aegean-naxos,no,
1997,Καστράκι,Kastraki,Νάξος,south-aegean-naxos,no,
1998,Κέδρος,Kedros,Νάξος,south-aegean-naxos,no,
1999,Κλειδός,Klidos,Νάξος,south-aegean-naxos,no,
2001,Λιγαρίδια,Ligaridia,Νάξος,south-aegean-naxos,no,
2003,Λίωνας,Lionas,Νάξος,south-aegean-naxos,no,
2004,Μελινό,Melino,Νάξος,south-aegean-naxos,no,
2005,Μικρά,Mikra,Νάξος,south-aegean-naxos,no,
2006,Μικρή Βίγλα,Mikri Vigla,Νάξος,south-aegean-naxos,yes,cyclades:naxos
2007,Μικρή Βίγλα - Νότια πλευρά,Mikri Vigla - Notia plevra,Νάξος,south-aegean-naxos,no,
2008,Μικρό Αλυκό,Mikro Alyko,Νάξος,south-aegean-naxos,no,
2009,Μουτσούνα,Moutsouna,Νάξος,south-aegean-naxos,no,
2010,Όρκος,Orkos,Νάξος,south-aegean-naxos,no,
2011,Πάνορμος,Panormos,Νάξος,south-aegean-naxos,no,
1995,Παραλία Καλαντός,Paralia Kalantos,Νάξος,south-aegean-naxos,no,
2000,Παραλία Κλειδώ,Paralia Klido,Νάξος,south-aegean-naxos,no,
2002,Παραλία Λιμνάρι,Paralia Limnari,Νάξος,south-aegean-naxos,no,
2015,Παραλία Σπεδό,Paralia Spedo,Νάξος,south-aegean-naxos,no,
2017,Παραλία Ψιλή Άμμος,Paralia Psili Ammos,Νάξος,south-aegean-naxos,yes,cyclades:naxos
2018,Παραλία Ψωφαγριλιά,Paralia Psofagrilia,Νάξος,south-aegean-naxos,no,
2012,Πλάκα,Plaka,Νάξος,south-aegean-naxos,yes,cyclades:naxos
2013,Πυργάκι,Pyrgaki,Νάξος,south-aegean-naxos,no,
2014,Ρίνα,Rina,Νάξος,south-aegean-naxos,no,
2016,Χίλια Βρύση,Chilia Vrysi,Νάξος,south-aegean-naxos,no,
2019,Hawaii,Hawaii,Νάξος,south-aegean-naxos,no,
2387,Παχιά Άμμος,Pachia Ammos,Νίσυρος,south-aegean-nisyros,no,
2388,Χοχλάκοι,Chochlaki,Νίσυρος,south-aegean-nisyros,no,
3036,Λεύκιππος Άβδηρα,Levkippos Avdira,Ξάνθη,east-macedonia-and-thrace-xanthi-mainland,no,
859,Παραλία Γαλάνης Νέστου,Paralia Galanis Nestou,Ξάνθη,east-macedonia-and-thrace-xanthi-mainland,no,
858,Παραλία Μυρωδάτου,Paralia Myrodatou,Ξάνθη,east-macedonia-and-thrace-xanthi-mainland,no,
1056,Αγία Τριάδα,Agia Triada,Οθωνοί,ionian-islands-othonoi,no,
1058,Άσπρη Άμμος,Aspri Ammos,Οθωνοί,ionian-islands-othonoi,no,
1057,Μόλος,Molos,Οθωνοί,ionian-islands-othonoi,no,
1288,Απήγανου,Apiganou,Οινούσσες,north-aegean-oinousses,no,
1285,Κακοπετριά,Kakopetria,Οινούσσες,north-aegean-oinousses,no,
1292,Κατσίκα,Katsika,Οινούσσες,north-aegean-oinousses,no,
1287,Μπιλάλι,Bilali,Οινούσσες,north-aegean-oinousses,no,
1286,Φασόλι,Fasoli,Οινούσσες,north-aegean-oinousses,no,
1289,Φώκια,Fokia,Οινούσσες,north-aegean-oinousses,no,
1291,Χατζαλή,Chatzali,Οινούσσες,north-aegean-oinousses,no,
1290,Χόχλακας,Chochlakas,Οινούσσες,north-aegean-oinousses,no,
1019,Αλάτι,Alati,Παξοί,ionian-islands-paxos,no,
1020,Αρκουδάκι,Arkoudaki,Παξοί,ionian-islands-paxos,no,
1021,Αυλάκι,Avlaki,Παξοί,ionian-islands-paxos,no,
1022,Αυτιά Γαϊδάρου,Avtia Gaidarou,Παξοί,ionian-islands-paxos,no,
1023,Γαλάζιο,Galazio,Παξοί,ionian-islands-paxos,no,
1024,Γιάννας,Giannas,Παξοί,ionian-islands-paxos,no,
1025,Γλυφάδα,Glyfada,Παξοί,ionian-islands-paxos,no,
1026,Δεύτερη Σπιάντζα,Devteri Spiantza,Παξοί,ionian-islands-paxos,no,
1027,Ερημίτης,Erimitis,Παξοί,ionian-islands-paxos,no,
1029,Κακή Λαγκάδα,Kaki Lagkada,Παξοί,ionian-islands-paxos,no,
1030,Κανόνι,Kanoni,Παξοί,ionian-islands-paxos,no,
1028,Κήπος,Kipos,Παξοί,ionian-islands-paxos,no,
1031,Κιπιάδι,Kipiadi,Παξοί,ionian-islands-paxos,no,
1032,Κλωνί Γουλή,Kloni Gouli,Παξοί,ionian-islands-paxos,no,
1033,Λάκκος,Lakkos,Παξοί,ionian-islands-paxos,no,
1034,Λεβρεχιό,Levrechio,Παξοί,ionian-islands-paxos,no,
1035,Μαρμάρι,Marmari,Παξοί,ionian-islands-paxos,no,
1037,Μονοδένδρι,Monodendri,Παξοί,ionian-islands-paxos,no,
1036,Μπάλος,Balos,Παξοί,ionian-islands-paxos,no,
1038,Οζιάς,Ozias,Παξοί,ionian-islands-paxos,no,
1039,Ορκός,Orkos,Παξοί,ionian-islands-paxos,no,
1040,Πλάνος,Planos,Παξοί,ionian-islands-paxos,no,
1041,Σουλάνενα,Soulanena,Παξοί,ionian-islands-paxos,no,
1042,Χαράμι,Charami,Παξοί,ionian-islands-paxos,no,
1018,Mongonisi,Mongonisi,Παξοί,ionian-islands-paxos,no,
2737,Παραλία Αλεξανδρινής,Paralia Alexandrinis,Παράλια Λάρισας (Αγιά - Κίσσαβος),thessaly-larissa-coast-agia---kissavos,no,
2736,Παραλία Κουτσουπιάς,Paralia Koutsoupias,Παράλια Λάρισας (Αγιά - Κίσσαβος),thessaly-larissa-coast-agia---kissavos,no,
2732,Παραλία Παλιουριάς,Paralia Paliourias,Παράλια Λάρισας (Αγιά - Κίσσαβος),thessaly-larissa-coast-agia---kissavos,no,
2735,Παραλία Παναγία,Paralia Panagia,Παράλια Λάρισας (Αγιά - Κίσσαβος),thessaly-larissa-coast-agia---kissavos,no,
2731,Παραλία Παπακώστα,Paralia Papakosta,Παράλια Λάρισας (Αγιά - Κίσσαβος),thessaly-larissa-coast-agia---kissavos,no,
2739,Παραλία Στομίου,Paralia Stomiou,Παράλια Λάρισας (Αγιά - Κίσσαβος),thessaly-larissa-coast-agia---kissavos,no,
2727,Παραλία Τσιλιγιώργος,Paralia Tsiligiorgos,Παράλια Λάρισας (Αγιά - Κίσσαβος),thessaly-larissa-coast-agia---kissavos,no,
2729,Πλατιά Άμμος,Platia Ammos,Παράλια Λάρισας (Αγιά - Κίσσαβος),thessaly-larissa-coast-agia---kissavos,no,
2020,Αγία Ειρήνη,Agia Irini,Πάρος,south-aegean-paros,no,
2021,Άγιος Δημήτριος,Agios Dimitrios,Πάρος,south-aegean-paros,no,
2022,Άγιος Στέφανος,Agios Stefanos,Πάρος,south-aegean-paros,no,
2023,Αμπελάς,Ampelas,Πάρος,south-aegean-paros,no,
2024,Άσπρος Γκρεμός,Aspros Gremos,Πάρος,south-aegean-paros,no,
2025,Βουτάκος,Voutakos,Πάρος,south-aegean-paros,no,
2026,Γλυφάδες,Glyfades,Πάρος,south-aegean-paros,no,
2027,Δελφίνι,Delfini,Πάρος,south-aegean-paros,no,
2028,Δρυός,Dryos,Πάρος,south-aegean-paros,no,
2029,Καλόγερος,Kalogeros,Πάρος,south-aegean-paros,no,
2030,Κολυμπήθρες,Kolympithres,Πάρος,south-aegean-paros,yes,cyclades:paros
2031,Κριός,Krios,Πάρος,south-aegean-paros,no,
2032,Λάγγερη,Langeri,Πάρος,south-aegean-paros,no,
2033,Λιβάδια,Livadia,Πάρος,south-aegean-paros,no,
2034,Λίμνες,Limnes,Πάρος,south-aegean-paros,no,
2035,Λογαράς,Logaras,Πάρος,south-aegean-paros,yes,cyclades:paros
2036,Λωλαντώνης,Lolantonis,Πάρος,south-aegean-paros,no,
2037,Μαρτσέλο,Martselo,Πάρος,south-aegean-paros,no,
2038,Μικρή Σάντα Μαρία,Mikri Santa Maria,Πάρος,south-aegean-paros,yes,cyclades:paros
2039,Μοναστήρι,Monastiri,Πάρος,south-aegean-paros,no,
2040,Μώλος,Molos,Πάρος,south-aegean-paros,yes,cyclades:paros
2041,Ναυτικός όμιλος Πάρου,Navtikos omilos Parou,Πάρος,south-aegean-paros,no,
2042,Ξυφάρα,Xyfara,Πάρος,south-aegean-paros,no,
2043,Παραλία Αγκάλη Χρυσής Ακτής,Paralia Agkali Chrysis Aktis,Πάρος,south-aegean-paros,yes,cyclades:paros
2044,Παραλία Αλυκή,Paralia Alyki,Πάρος,south-aegean-paros,yes,cyclades:paros
2045,Παραλία Γλυφά,Paralia Glyfa,Πάρος,south-aegean-paros,no,
2046,Παραλία Παροικιάς,Paralia Parikias,Πάρος,south-aegean-paros,no,
2047,Παρασπόρος,Parasporos,Πάρος,south-aegean-paros,no,
2048,Πιπέρι,Piperi,Πάρος,south-aegean-paros,yes,cyclades:paros
2049,Πούντα,Pounta,Πάρος,south-aegean-paros,no,
2050,Πυργάκι,Pyrgaki,Πάρος,south-aegean-paros,no,
2051,Σάντα Μαρία,Santa Maria,Πάρος,south-aegean-paros,yes,cyclades:paros
2052,Τούρκου Άμμος,Tourkou Ammos,Πάρος,south-aegean-paros,no,
2053,Τσερδάκια (Νέα Χρυσή Ακτή),Tserdakia (Nea Chrysi Akti),Πάρος,south-aegean-paros,no,
2054,Τσουκαλιά,Tsoukalia,Πάρος,south-aegean-paros,no,
2055,Φάραγγας,Farangas,Πάρος,south-aegean-paros,yes,cyclades:paros
2056,Χρυσή Ακτή,Chrysi Akti,Πάρος,south-aegean-paros,yes,cyclades:paros
2392,Άγιος Θεολόγος,Agios Theologos,Πάτμος,south-aegean-patmos,no,
2389,Αγριολίβαδο,Agriolivado,Πάτμος,south-aegean-patmos,no,
2390,Άσπρη,Aspri,Πάτμος,south-aegean-patmos,no,
2394,Λιβάδι Γερανού,Livadi Geranou,Πάτμος,south-aegean-patmos,no,
2395,Λιβάδι Καλογήρων,Livadi Kalogiron,Πάτμος,south-aegean-patmos,no,
2396,Παραλία Βάγια,Paralia Vagia,Πάτμος,south-aegean-patmos,no,
2397,Παραλία Γροίκος,Paralia Grikos,Πάτμος,south-aegean-patmos,no,
2398,Παραλία Δίδυμες,Paralia Didymes,Πάτμος,south-aegean-patmos,no,
2399,Παραλία Κάμπου,Paralia Kampou,Πάτμος,south-aegean-patmos,no,
2400,Παραλία Λαμπή,Paralia Lampi,Πάτμος,south-aegean-patmos,no,
2401,Παραλία Λεύκες,Paralia Levkes,Πάτμος,south-aegean-patmos,no,
2402,Παραλία Πέτρας,Paralia Petras,Πάτμος,south-aegean-patmos,no,
3015,Πάτμος Κάμπος,Patmos Kampos,Πάτμος,south-aegean-patmos,no,
2393,Σάψιλα,Sapsila,Πάτμος,south-aegean-patmos,no,
2391,Χοχλακάς,Chochlakas,Πάτμος,south-aegean-patmos,no,
2403,Ψιλή άμμος,Psili ammos,Πάτμος,south-aegean-patmos,yes,global
4,Α' Πλαζ Αλίμου «Στολίδι»,A' Plaz Alimou «Stolidi»,Περιοχή Αθήνας,attica-athens-area-mainland,yes,attica:athens_coast
13,Α' Πλαζ Βούλας,A' Plaz Voulas,Περιοχή Αθήνας,attica-athens-area-mainland,yes,attica:athens_coast
6,Άγιος Κοσμάς,Agios Kosmas,Περιοχή Αθήνας,attica-athens-area-mainland,yes,attica:athens_coast
5,Ακτή του Ήλιου,Akti tou Iliou,Περιοχή Αθήνας,attica-athens-area-mainland,yes,attica:athens_coast
3025,Άλιμος Λουτρά,Alimos Loutra,Περιοχή Αθήνας,attica-athens-area-mainland,no,
14,Β' πλαζ Βούλας,V' plaz Voulas,Περιοχή Αθήνας,attica-athens-area-mainland,yes,attica:athens_coast
22,Λιμανάκια Βουλιαγμένης,Limanakia Vouliagmenis,Περιοχή Αθήνας,attica-athens-area-mainland,yes,attica:athens_coast
23,Λιμανάκια Βουλιαγμένης Γυμνιστών,Limanakia Vouliagmenis Gymniston,Περιοχή Αθήνας,attica-athens-area-mainland,yes,attica:athens_coast
20,Λίμνη Βουλιαγμένης,Limni Vouliagmenis,Περιοχή Αθήνας,attica-athens-area-mainland,yes,attica:athens_coast
17,Μεγάλο Καβούρι,Megalo Kavouri,Περιοχή Αθήνας,attica-athens-area-mainland,yes,attica:athens_coast
15,Μικρό Καβούρι,Mikro Kavouri,Περιοχή Αθήνας,attica-athens-area-mainland,yes,attica:athens_coast
24,Νησίδα Φλέβες,Nisida Fleves,Περιοχή Αθήνας,attica-athens-area-mainland,yes,attica:athens_coast
1,Παλμύρα,Palmyra,Περιοχή Αθήνας,attica-athens-area-mainland,yes,attica:athens_coast
21,Παναγίτσα η Δύτισσα,Panagitsa i Dytissa,Περιοχή Αθήνας,attica-athens-area-mainland,yes,attica:athens_coast
7,Παραλία Αγίου Αλεξάνδρου,Paralia Agiou Alexandrou,Περιοχή Αθήνας,attica-athens-area-mainland,yes,attica:athens_coast
12,Παραλία Αστέρα Γλυφάδας,Paralia Astera Glyfadas,Περιοχή Αθήνας,attica-athens-area-mainland,yes,attica:athens_coast
16,Παραλία Βάρκιζας,Paralia Varkizas,Περιοχή Αθήνας,attica-athens-area-mainland,yes,attica:athens_coast
8,Παραλία Γλυφάδας Ακτή Α,Paralia Glyfadas Akti A,Περιοχή Αθήνας,attica-athens-area-mainland,yes,attica:athens_coast
9,Παραλία Γλυφάδας Ακτή Β,Paralia Glyfadas Akti V,Περιοχή Αθήνας,attica-athens-area-mainland,yes,attica:athens_coast
10,Παραλία Γλυφάδας Ακτή Γ,Paralia Glyfadas Akti G,Περιοχή Αθήνας,attica-athens-area-mainland,yes,attica:athens_coast
11,Παραλία Γλυφάδας Ακτή Δ,Paralia Glyfadas Akti D,Περιοχή Αθήνας,attica-athens-area-mainland,yes,attica:athens_coast
3,Παραλία Έδεμ,Paralia Edem,Περιοχή Αθήνας,attica-athens-area-mainland,yes,attica:athens_coast
2,Παραλία Μπάτη,Paralia Bati,Περιοχή Αθήνας,attica-athens-area-mainland,yes,attica:athens_coast
0,Παραλία Φλοίσβου,Paralia Flisvou,Περιοχή Αθήνας,attica-athens-area-mainland,yes,attica:athens_coast
19,Astir Beach / Αστέρας Βουλιαγμένης,Astir Beach / Asteras Vouliagmenis,Περιοχή Αθήνας,attica-athens-area-mainland,yes,attica:athens_coast
18,Zen Beach / Νηρηίδες,Zen Beach / Niriides,Περιοχή Αθήνας,attica-athens-area-mainland,yes,attica:athens_coast
514,Γιατρού Τσαΐρι,Giatrou Tsairi,Περιοχή Θεσσαλονίκης,central-macedonia-thessaloniki-area,no,
516,ΚΑΑΥ Ασπροβάλτας,KAAv Asprovaltas,Περιοχή Θεσσαλονίκης,central-macedonia-thessaloniki-area,no,
517,Κρουστάλη,Kroustali,Περιοχή Θεσσαλονίκης,central-macedonia-thessaloniki-area,no,
518,Κυανή Ακτή,Kyani Akti,Περιοχή Θεσσαλονίκης,central-macedonia-thessaloniki-area,no,
519,Μηλιές,Milies,Περιοχή Θεσσαλονίκης,central-macedonia-thessaloniki-area,no,
520,Ναυάγιο Επανομής,Navagio Epanomis,Περιοχή Θεσσαλονίκης,central-macedonia-thessaloniki-area,no,
512,Παραλία Αγγελοχωρίου,Paralia Angelochoriou,Περιοχή Θεσσαλονίκης,central-macedonia-thessaloniki-area,no,
513,Παραλία Αγίας Τριάδας,Paralia Agias Triadas,Περιοχή Θεσσαλονίκης,central-macedonia-thessaloniki-area,no,
521,Παραλία Νέας Μηχανιώνας,Paralia Neas Michanionas,Περιοχή Θεσσαλονίκης,central-macedonia-thessaloniki-area,no,
522,Παραλία Νέων Βρασνών,Paralia Neon Vrasnon,Περιοχή Θεσσαλονίκης,central-macedonia-thessaloniki-area,no,
524,Παραλία Περαίας,Paralia Peraias,Περιοχή Θεσσαλονίκης,central-macedonia-thessaloniki-area,no,
525,Παραλία Σερραϊκή Ακτή,Paralia Serraiki Akti,Περιοχή Θεσσαλονίκης,central-macedonia-thessaloniki-area,no,
515,Παραλία Σταυρού,Paralia Stavrou,Περιοχή Θεσσαλονίκης,central-macedonia-thessaloniki-area,no,
523,Πάτωμα,Patoma,Περιοχή Θεσσαλονίκης,central-macedonia-thessaloniki-area,no,
511,Πλαζ Αρετσούς,Plaz Aretsous,Περιοχή Θεσσαλονίκης,central-macedonia-thessaloniki-area,no,
526,Τραπέζι,Trapezi,Περιοχή Θεσσαλονίκης,central-macedonia-thessaloniki-area,no,
184,Βοτσαλάκια,Votsalakia,Περιοχή Πειραιά,attica-piraeus-area,no,
183,Κράκαρης,Krakaris,Περιοχή Πειραιά,attica-piraeus-area,no,
182,Παραλία Περάματος,Paralia Peramatos,Περιοχή Πειραιά,attica-piraeus-area,yes,attica:piraeus_coast
186,Παραλία Φρεαττύδος,Paralia Freattydos,Περιοχή Πειραιά,attica-piraeus-area,no,
185,Πλαζ Καλαμπάκα,Plaz Kalampaka,Περιοχή Πειραιά,attica-piraeus-area,no,
506,Ολυμπιακή Ακτή,Olympiaki Akti,Πιερία,central-macedonia-pieria-mainland,no,
508,Παραλία Κατερίνης,Paralia Katerinis,Πιερία,central-macedonia-pieria-mainland,no,
505,Παραλία Λεπτοκαρυάς,Paralia Leptokaryas,Πιερία,central-macedonia-pieria-mainland,no,
509,Πύδνα,Pydna,Πιερία,central-macedonia-pieria-mainland,no,
503,Alykes Kitrous,Alykes Kitrous,Πιερία,central-macedonia-pieria-mainland,no,
504,Alyki,Alyki,Πιερία,central-macedonia-pieria-mainland,no,
507,Panteleimonas,Panteleimonas,Πιερία,central-macedonia-pieria-mainland,no,
510,Skotina,Skotina,Πιερία,central-macedonia-pieria-mainland,no,
2221,Αμούρα,Amoura,Πολύαιγος,south-aegean-polyaigos,no,
2222,Κάτω Μερσίνι,Kato Mersini,Πολύαιγος,south-aegean-polyaigos,no,
2223,Πάνω Μερσίνι,Pano Mersini,Πολύαιγος,south-aegean-polyaigos,no,
2224,Της Παναγιάς τ'Αυλάκι,Tis Panagias t'Avlaki,Πολύαιγος,south-aegean-polyaigos,no,
153,Άγιος Στέφανος,Agios Stefanos,Πόρος,attica-poros,no,
154,Αλυκή,Alyki,Πόρος,attica-poros,no,
155,Ασκέλι,Askeli,Πόρος,attica-poros,no,
156,Βαγιονιά,Vagionia,Πόρος,attica-poros,no,
157,Κανάλι,Kanali,Πόρος,attica-poros,no,
152,Λιμανάκι της Αγάπης,Limanaki tis Agapis,Πόρος,attica-poros,no,
158,Μεγάλο Νεώριο,Megalo Neorio,Πόρος,attica-poros,no,
159,Μικρό Νεώριο,Mikro Neorio,Πόρος,attica-poros,no,
160,Μοναστήρι,Monastiri,Πόρος,attica-poros,no,
161,Παραλία Ρώσικος Ναύσταθμος,Paralia Rosikos Navstathmos,Πόρος,attica-poros,no,
162,Πλάκα,Plaka,Πόρος,attica-poros,no,
864,Άγιος Σώστης,Agios Sostis,Πρέβεζα,epirus-preveza-mainland,no,
865,Άη Γιαννάκης,Ai Giannakis,Πρέβεζα,epirus-preveza-mainland,no,
867,Αλωνάκι Πρέβεζας,Alonaki Prevezas,Πρέβεζα,epirus-preveza-mainland,no,
866,Αλωνάκι Φαναρίου,Alonaki Fanariou,Πρέβεζα,epirus-preveza-mainland,no,
887,Κερέντζα,Kerentza,Πρέβεζα,epirus-preveza-mainland,no,
868,Κρυονέρι,Kryoneri,Πρέβεζα,epirus-preveza-mainland,no,
869,Κυανή Ακτή,Kyani Akti,Πρέβεζα,epirus-preveza-mainland,no,
884,Λιμνιώνας,Limnionas,Πρέβεζα,epirus-preveza-mainland,no,
870,Μονολίθι,Monolithi,Πρέβεζα,epirus-preveza-mainland,no,
879,Όρμος του Οδυσσέα,Ormos tou Odyssea,Πρέβεζα,epirus-preveza-mainland,no,
872,Παντοκράτορας,Pantokratoras,Πρέβεζα,epirus-preveza-mainland,no,
873,Παραλία Αμμουδιά,Paralia Ammoudia,Πρέβεζα,epirus-preveza-mainland,no,
874,Παραλία Βάλτου,Paralia Valtou,Πρέβεζα,epirus-preveza-mainland,no,
886,Παραλία Βράχος - Λούτσα,Paralia Vrachos - Loutsa,Πρέβεζα,epirus-preveza-mainland,no,
880,Παραλία Καλαμίτσι,Paralia Kalamitsi,Πρέβεζα,epirus-preveza-mainland,no,
863,Παραλία Καναλίου,Paralia Kanaliou,Πρέβεζα,epirus-preveza-mainland,no,
882,Παραλία Καστροσυκιάς,Paralia Kastrosykias,Πρέβεζα,epirus-preveza-mainland,no,
885,Παραλία Λυγιάς,Paralia Lygias,Πρέβεζα,epirus-preveza-mainland,no,
875,Παραλία Λύχνος,Paralia Lychnos,Πρέβεζα,epirus-preveza-mainland,no,
881,Παραλία Μύτικα,Paralia Mytika,Πρέβεζα,epirus-preveza-mainland,no,
883,Παραλία Ριζών,Paralia Rizon,Πρέβεζα,epirus-preveza-mainland,no,
871,Πίσω Κρυονέρι,Piso Kryoneri,Πρέβεζα,epirus-preveza-mainland,no,
876,Σαρακήνικο,Sarakiniko,Πρέβεζα,epirus-preveza-mainland,yes,global
877,Σκάλα,Skala,Πρέβεζα,epirus-preveza-mainland,no,
878,Σπαρτίλα,Spartila,Πρέβεζα,epirus-preveza-mainland,no,
862,Artolithia Beach,Artolithia Beach,Πρέβεζα,epirus-preveza-mainland,no,
3019,Αγία Γαλήνη,Agia Galini,Ρέθυμνο,crete-crete-rethymno,no,
672,Αγία Μαρίνα,Agia Marina,Ρέθυμνο,crete-crete-rethymno,no,
673,Άγιος Γεώργιος,Agios Georgios,Ρέθυμνο,crete-crete-rethymno,no,
674,Αμμόλοφοι Αγίου Παύλου,Ammolofi Agiou Pavlou,Ρέθυμνο,crete-crete-rethymno,no,
675,Βαρκότοπος,Varkotopos,Ρέθυμνο,crete-crete-rethymno,no,
676,Βλυχί Νερό,Vlychi Nero,Ρέθυμνο,crete-crete-rethymno,no,
677,Γεροπόταμος,Geropotamos,Ρέθυμνο,crete-crete-rethymno,no,
682,Γλίμα,Glima,Ρέθυμνο,crete-crete-rethymno,no,
678,Δαμνόνι,Damnoni,Ρέθυμνο,crete-crete-rethymno,yes,crete:rethymno
679,Καλυψώ,Kalypso,Ρέθυμνο,crete-crete-rethymno,no,
680,Καραβοστάσι,Karavostasi,Ρέθυμνο,crete-crete-rethymno,no,
681,Κλήματα,Klimata,Ρέθυμνο,crete-crete-rethymno,no,
683,Κόκκινος Βόλακας,Kokkinos Volakas,Ρέθυμνο,crete-crete-rethymno,no,
684,Κόρακας,Korakas,Ρέθυμνο,crete-crete-rethymno,no,
685,Λίγκρες,Ligkres,Ρέθυμνο,crete-crete-rethymno,no,
686,Λίμνη,Limni,Ρέθυμνο,crete-crete-rethymno,no,
687,Μικρή Τριόπετρα,Mikri Triopetra,Ρέθυμνο,crete-crete-rethymno,no,
688,Μικρό Αμμούδι,Mikro Ammoudi,Ρέθυμνο,crete-crete-rethymno,no,
689,Παλίγκρεμνος,Paligkremnos,Ρέθυμνο,crete-crete-rethymno,no,
690,Παραλία Ανατολικά,Paralia Anatolika,Ρέθυμνο,crete-crete-rethymno,no,
691,Παραλία Γιαλοπόταμα,Paralia Gialopotama,Ρέθυμνο,crete-crete-rethymno,no,
692,Παραλία Δυνόνησος,Paralia Dynonisos,Ρέθυμνο,crete-crete-rethymno,no,
693,Παραλία Επισκοπής,Paralia Episkopis,Ρέθυμνο,crete-crete-rethymno,no,
694,Παραλία Κατεβατή,Paralia Katevati,Ρέθυμνο,crete-crete-rethymno,no,
695,Παραλία Κατσούνι,Paralia Katsouni,Ρέθυμνο,crete-crete-rethymno,no,
696,Παραλία Κεφάλα,Paralia Kefala,Ρέθυμνο,crete-crete-rethymno,no,
697,Παραλία Ρεθύμνου,Paralia Rethymnou,Ρέθυμνο,crete-crete-rethymno,no,
698,Παχειά Άμμος,Pachia Ammos,Ρέθυμνο,crete-crete-rethymno,no,
699,Περιστερές,Peristeres,Ρέθυμνο,crete-crete-rethymno,no,
700,Πλακιάς,Plakias,Ρέθυμνο,crete-crete-rethymno,yes,crete:rethymno
701,Ποδαρέ,Podare,Ρέθυμνο,crete-crete-rethymno,no,
702,Πολύριζος,Polyrizos,Ρέθυμνο,crete-crete-rethymno,no,
703,Πρασονήσι,Prasonisi,Ρέθυμνο,crete-crete-rethymno,no,
704,Πρέβελη,Preveli,Ρέθυμνο,crete-crete-rethymno,yes,crete:rethymno
3011,Ροδάκινο,Rodakino,Ρέθυμνο,crete-crete-rethymno,no,
705,Σκίνος,Skinos,Ρέθυμνο,crete-crete-rethymno,no,
706,Σούδα,Souda,Ρέθυμνο,crete-crete-rethymno,no,
707,Σπήλιες,Spilies,Ρέθυμνο,crete-crete-rethymno,no,
708,Σταυρί,Stavri,Ρέθυμνο,crete-crete-rethymno,no,
709,Σχοινάρια,Schinaria,Ρέθυμνο,crete-crete-rethymno,yes,crete:rethymno
710,Τριόπετρα,Triopetra,Ρέθυμνο,crete-crete-rethymno,yes,crete:rethymno
711,Φοινικίδια,Finikidia,Ρέθυμνο,crete-crete-rethymno,no,
712,Φωτεινάρι,Fotinari,Ρέθυμνο,crete-crete-rethymno,no,
713,Χόχλακας,Chochlakas,Ρέθυμνο,crete-crete-rethymno,no,
714,Livadi beach,Livadi beach,Ρέθυμνο,crete-crete-rethymno,no,
715,Thalassi beach,Thalassi beach,Ρέθυμνο,crete-crete-rethymno,no,
3034,Κομοτηνή Παραλία Κρυονερίου Μαρώνεια,Komotini Paralia Kryoneriou Maronia,Ροδόπη,east-macedonia-and-thrace-rodopi-mainland,no,
3035,Κομοτηνή Φανάρι Αρωγή,Komotini Fanari Arogi,Ροδόπη,east-macedonia-and-thrace-rodopi-mainland,no,
797,Μαρμαρίτσα,Marmaritsa,Ροδόπη,east-macedonia-and-thrace-rodopi-mainland,no,
798,Παραλία Ίμερου,Paralia Imerou,Ροδόπη,east-macedonia-and-thrace-rodopi-mainland,no,
799,Παχυνάμμος,Pachynammos,Ροδόπη,east-macedonia-and-thrace-rodopi-mainland,no,
800,Σύναξη,Synaxi,Ροδόπη,east-macedonia-and-thrace-rodopi-mainland,no,
2409,Αγία Τριάδα,Agia Triada,Ρόδος,south-aegean-rhodes,no,
2442,Άγιος Γεώργιος,Agios Georgios,Ρόδος,south-aegean-rhodes,yes,global
2410,Γλυφάδα,Glyfada,Ρόδος,south-aegean-rhodes,no,
2411,Κεραμενή,Kerameni,Ρόδος,south-aegean-rhodes,no,
2412,Κόκκινα,Kokkina,Ρόδος,south-aegean-rhodes,no,
2445,Κόλπος Αγίου Παύλου,Kolpos Agiou Pavlou,Ρόδος,south-aegean-rhodes,no,
2413,Λιμανάκι,Limanaki,Ρόδος,south-aegean-rhodes,no,
2460,Παραλία Αγ. Θωμά,Paralia Ag. Thoma,Ρόδος,south-aegean-rhodes,no,
2416,Παραλία Αγάθη,Paralia Agathi,Ρόδος,south-aegean-rhodes,no,
2417,Παραλία Αγία Μαρίνα,Paralia Agia Marina,Ρόδος,south-aegean-rhodes,no,
2418,Παραλία Αλυκή,Paralia Alyki,Ρόδος,south-aegean-rhodes,no,
2414,Παραλία Άντονι Κουίν,Paralia Antoni Kouin,Ρόδος,south-aegean-rhodes,no,
2419,Παραλία Αφάντου,Paralia Afantou,Ρόδος,south-aegean-rhodes,no,
2420,Παραλία Αφάντου-Κολύμπια,Paralia Afantou-Kolympia,Ρόδος,south-aegean-rhodes,no,
2464,Παραλία Βλυχά,Paralia Vlycha,Ρόδος,south-aegean-rhodes,no,
2448,Παραλία Γαλούνι,Paralia Galouni,Ρόδος,south-aegean-rhodes,no,
2452,Παραλία Γενναδιού,Paralia Gennadiou,Ρόδος,south-aegean-rhodes,no,
2458,Παραλία Γλύστρα,Paralia Glystra,Ρόδος,south-aegean-rhodes,no,
2415,Παραλία Έλλη,Paralia Elli,Ρόδος,south-aegean-rhodes,no,
2421,Παραλία Ζέφυρος,Paralia Zefyros,Ρόδος,south-aegean-rhodes,no,
2422,Παραλία Ιξιάς,Paralia Ixias,Ρόδος,south-aegean-rhodes,no,
2423,Παραλία Καθαρά,Paralia Kathara,Ρόδος,south-aegean-rhodes,no,
2424,Παραλία Καλαβάρδα,Paralia Kalavarda,Ρόδος,south-aegean-rhodes,no,
2450,Παραλία Καλάθου,Paralia Kalathou,Ρόδος,south-aegean-rhodes,no,
2406,Παραλία Καλλιθέας (Nicolas),Paralia Kallitheas (Nicolas),Ρόδος,south-aegean-rhodes,no,
2407,Παραλία Καλλιθέας (Oasis),Paralia Kallitheas (Oasis),Ρόδος,south-aegean-rhodes,no,
2408,Παραλία Καλλιθέας (Tassos),Paralia Kallitheas (Tassos),Ρόδος,south-aegean-rhodes,no,
2456,Παραλία Καλοβρυάκι,Paralia Kalovryaki,Ρόδος,south-aegean-rhodes,no,
2463,Παραλία Καρδάμης,Paralia Kardamis,Ρόδος,south-aegean-rhodes,no,
2425,Παραλία Καταφύγιο,Paralia Katafygio,Ρόδος,south-aegean-rhodes,no,
2449,Παραλία Κιοτάρι,Paralia Kiotari,Ρόδος,south-aegean-rhodes,no,
2429,Παραλία Κόκκινη Άμμος,Paralia Kokkini Ammos,Ρόδος,south-aegean-rhodes,no,
2462,Παραλία Κοκκινόγεια,Paralia Kokkinogia,Ρόδος,south-aegean-rhodes,no,
2426,Παραλία Κολύμπια,Paralia Kolympia,Ρόδος,south-aegean-rhodes,no,
2427,Παραλία Κοπριά,Paralia Kopria,Ρόδος,south-aegean-rhodes,no,
2428,Παραλία Κούλουρα,Paralia Kouloura,Ρόδος,south-aegean-rhodes,no,
2405,Παραλία Κρεμαστής,Paralia Kremastis,Ρόδος,south-aegean-rhodes,no,
2430,Παραλία Κύματα,Paralia Kymata,Ρόδος,south-aegean-rhodes,no,
2431,Παραλία Λαδικό,Paralia Ladiko,Ρόδος,south-aegean-rhodes,no,
2461,Παραλία Λάρδου,Paralia Lardou,Ρόδος,south-aegean-rhodes,no,
2451,Παραλία Λαχανιάς,Paralia Lachanias,Ρόδος,south-aegean-rhodes,no,
2432,Παραλία Λιμνί,Paralia Limni,Ρόδος,south-aegean-rhodes,no,
2443,Παραλία Λίνδου (Μεγάλη Παραλία),Paralia Lindou (Megali Paralia),Ρόδος,south-aegean-rhodes,no,
2434,Παραλία Μαντόματα,Paralia Mantomata,Ρόδος,south-aegean-rhodes,no,
2433,Παραλία Μάσαρη,Paralia Masari,Ρόδος,south-aegean-rhodes,no,
2455,Παραλία Μεμή Βρυσιά,Paralia Memi Vrysia,Ρόδος,south-aegean-rhodes,no,
2444,Παραλία Παλλάς,Paralia Pallas,Ρόδος,south-aegean-rhodes,no,
2446,Παραλία Πεύκοι,Paralia Pevki,Ρόδος,south-aegean-rhodes,no,
2459,Παραλία Πλακιά,Paralia Plakia,Ρόδος,south-aegean-rhodes,no,
2435,Παραλία Στεγνά,Paralia Stegna,Ρόδος,south-aegean-rhodes,no,
2404,Παραλία Στεγνά (Grande Blue),Paralia Stegna (Grande Blue),Ρόδος,south-aegean-rhodes,no,
2436,Παραλία Τραουνού,Paralia Traounou,Ρόδος,south-aegean-rhodes,no,
2437,Παραλία Φούρνοι,Paralia Fourni,Ρόδος,south-aegean-rhodes,no,
2438,Παραλία Χαράκι,Paralia Charaki,Ρόδος,south-aegean-rhodes,no,
2453,Πλημμύρι,Plimmyri,Ρόδος,south-aegean-rhodes,no,
2457,Πρασονήσι,Prasonisi,Ρόδος,south-aegean-rhodes,yes,global
2439,Σουσούνια,Sousounia,Ρόδος,south-aegean-rhodes,no,
2440,Τσαμπίκα,Tsampika,Ρόδος,south-aegean-rhodes,yes,global
2441,Φαληράκι,Faliraki,Ρόδος,south-aegean-rhodes,no,
2447,Kavos Beach,Kavos Beach,Ρόδος,south-aegean-rhodes,no,
2454,Mavros Kavos,Mavros Kavos,Ρόδος,south-aegean-rhodes,no,
163,Μικρό Λαμπρανό,Mikro Lamprano,Σαλαμίνα,attica-salamina,no,
164,Παραλία Αγίου Νικολάου,Paralia Agiou Nikolaou,Σαλαμίνα,attica-salamina,no,
165,Παραλία Κανάκια,Paralia Kanakia,Σαλαμίνα,attica-salamina,no,
779,Βάτος,Vatos,Σαμοθράκη,east-macedonia-and-thrace-samothraki,yes,thrace:samothraki
780,Παραλία Μακρυλιές,Paralia Makrylies,Σαμοθράκη,east-macedonia-and-thrace-samothraki,no,
781,Παχιά Άμμος,Pachia Ammos,Σαμοθράκη,east-macedonia-and-thrace-samothraki,yes,thrace:samothraki
1382,Άγιος Ιωάννης Ελεήμονας,Agios Ioannis Eleimonas,Σάμος,north-aegean-samos,no,
1379,Άγιος Νικόλαος,Agios Nikolaos,Σάμος,north-aegean-samos,no,
1395,Αράπης,Arapis,Σάμος,north-aegean-samos,no,
1409,Άσπρες (ανατολική ακτή),Aspres (anatoliki akti),Σάμος,north-aegean-samos,no,
1380,Άσπρες (δυτική ακτή),Aspres (dytiki akti),Σάμος,north-aegean-samos,no,
1393,Άσπρος Κάβος,Aspros Kavos,Σάμος,north-aegean-samos,no,
1396,Βάρσαμο,Varsamo,Σάμος,north-aegean-samos,no,
1397,Γάγγου,Gangou,Σάμος,north-aegean-samos,no,
1384,Ηραίο,Iraio,Σάμος,north-aegean-samos,no,
1398,Κακόρεμα,Kakorema,Σάμος,north-aegean-samos,no,
1399,Καλαδάκια,Kaladakia,Σάμος,north-aegean-samos,no,
1394,Κλήμα,Klima,Σάμος,north-aegean-samos,no,
1385,Κοκκάρι,Kokkari,Σάμος,north-aegean-samos,no,
1400,Κουκουναρά,Koukounara,Σάμος,north-aegean-samos,no,
1401,Κυριακού,Kyriakou,Σάμος,north-aegean-samos,no,
1402,Λεμονάκια,Lemonakia,Σάμος,north-aegean-samos,no,
1403,Λιβαδάκι,Livadaki,Σάμος,north-aegean-samos,no,
1405,Μεγάλη Λάκκα,Megali Lakka,Σάμος,north-aegean-samos,no,
1404,Μεγάλο Σεϊτάνι,Megalo Sitani,Σάμος,north-aegean-samos,yes,north-aegean:samos
1391,Μικρά Λεμονάκια,Mikra Lemonakia,Σάμος,north-aegean-samos,no,
1406,Μικρή Λάκκα,Mikri Lakka,Σάμος,north-aegean-samos,no,
1407,Μικρό Σεϊτάνι,Mikro Sitani,Σάμος,north-aegean-samos,no,
1408,Μουρτιά,Mourtia,Σάμος,north-aegean-samos,no,
1381,Μπάλος,Balos,Σάμος,north-aegean-samos,no,
1386,Πάππα,Pappa,Σάμος,north-aegean-samos,no,
1410,Παραλία Βεργής,Paralia Vergis,Σάμος,north-aegean-samos,no,
1411,Παραλία Κάμπος Μαραθοκάμπου,Paralia Kampos Marathokampou,Σάμος,north-aegean-samos,no,
1412,Παραλία Κάμπου Βουρλιωτών,Paralia Kampou Vourlioton,Σάμος,north-aegean-samos,no,
1387,Πλάκα (ανατολικός όρμος),Plaka (anatolikos ormos),Σάμος,north-aegean-samos,no,
1388,Πλάκα (δυτικός όρμος),Plaka (dytikos ormos),Σάμος,north-aegean-samos,no,
1389,Πλατάνα,Platana,Σάμος,north-aegean-samos,no,
1413,Ποτάμι,Potami,Σάμος,north-aegean-samos,yes,north-aegean:samos
1390,Πυθαγόρειο,Pythagorio,Σάμος,north-aegean-samos,no,
1414,Ροδίτσες,Roditses,Σάμος,north-aegean-samos,no,
3037,Σάμος Βαθύ Μαούνες,Samos Vathy Maounes,Σάμος,north-aegean-samos,no,
1392,Τρυπητή,Trypiti,Σάμος,north-aegean-samos,no,
1416,Τσαμαδού,Tsamadou,Σάμος,north-aegean-samos,yes,north-aegean:samos
1415,Τσάμπου,Tsampou,Σάμος,north-aegean-samos,no,
1383,Χαντάκι,Chantaki,Σάμος,north-aegean-samos,no,
1417,Ψιλή Άμμος ανατολικής Σάμου,Psili Ammos anatolikis Samou,Σάμος,north-aegean-samos,no,
1418,Ψιλή Άμμος Μαραθοκάμπου,Psili Ammos Marathokampou,Σάμος,north-aegean-samos,no,
2057,Άγιος Γεώργιος,Agios Georgios,Σαντορίνη,south-aegean-santorini,no,
2058,Βλυχάδα,Vlychada,Σαντορίνη,south-aegean-santorini,yes,cyclades:santorini
2059,Βουρβούλος,Vourvoulos,Σαντορίνη,south-aegean-santorini,yes,cyclades:santorini
2060,Γυμνιστική παραλία Βλυχάδα,Gymnistiki paralia Vlychada,Σαντορίνη,south-aegean-santorini,yes,cyclades:santorini
2069,Κάθαρος,Katharos,Σαντορίνη,south-aegean-santorini,no,
2061,Καμάρι,Kamari,Σαντορίνη,south-aegean-santorini,yes,cyclades:santorini
2062,Κόκκινη Παραλία,Kokkini Paralia,Σαντορίνη,south-aegean-santorini,yes,cyclades:santorini
2063,Λευκή Παραλία,Levki Paralia,Σαντορίνη,south-aegean-santorini,yes,cyclades:santorini
2064,Μονόλιθος,Monolithos,Σαντορίνη,south-aegean-santorini,yes,cyclades:santorini
2065,Μπαξές,Baxes,Σαντορίνη,south-aegean-santorini,yes,cyclades:santorini
2066,Παραλία Κερκέζου,Paralia Kerkezou,Σαντορίνη,south-aegean-santorini,no,
2067,Περίβολος,Perivolos,Σαντορίνη,south-aegean-santorini,yes,cyclades:santorini
2068,Περίσσα,Perissa,Σαντορίνη,south-aegean-santorini,yes,cyclades:santorini
2070,Αβεσσαλός,Avessalos,Σέριφος,south-aegean-serifos,no,
2071,Άγιος Σώστης,Agios Sostis,Σέριφος,south-aegean-serifos,no,
2072,Άη Γιάννης,Ai Giannis,Σέριφος,south-aegean-serifos,no,
2073,Αλευράκια,Alevrakia,Σέριφος,south-aegean-serifos,no,
2074,Αυλόμωνας,Avlomonas,Σέριφος,south-aegean-serifos,yes,cyclades:serifos
2075,Αχλάδι,Achladi,Σέριφος,south-aegean-serifos,no,
2076,Βάγια,Vagia,Σέριφος,south-aegean-serifos,yes,cyclades:serifos
2077,Βορεινό,Vorino,Σέριφος,south-aegean-serifos,no,
2078,Γάνεμα,Ganema,Σέριφος,south-aegean-serifos,yes,cyclades:serifos
2079,Γιαλούδι,Gialoudi,Σέριφος,south-aegean-serifos,no,
2080,Καλό Αμπέλι,Kalo Ampeli,Σέριφος,south-aegean-serifos,yes,cyclades:serifos
2081,Καλόγερος,Kalogeros,Σέριφος,south-aegean-serifos,no,
2082,Καραβάς,Karavas,Σέριφος,south-aegean-serifos,no,
2083,Καράβι,Karavi,Σέριφος,south-aegean-serifos,no,
2084,Κένταρχος,Kentarchos,Σέριφος,south-aegean-serifos,no,
2085,Κουτάλας,Koutalas,Σέριφος,south-aegean-serifos,no,
2086,Λιά,Lia,Σέριφος,south-aegean-serifos,no,
2087,Λιβαδάκια,Livadakia,Σέριφος,south-aegean-serifos,yes,cyclades:serifos
2088,Μαλιάδικο,Maliadiko,Σέριφος,south-aegean-serifos,no,
2089,Μέγα Λιβάδι,Mega Livadi,Σέριφος,south-aegean-serifos,yes,cyclades:serifos
2090,Μεσιανό,Mesiano,Σέριφος,south-aegean-serifos,no,
2091,Πλατύς Γιαλός,Platys Gialos,Σέριφος,south-aegean-serifos,no,
2092,Σκάλα,Skala,Σέριφος,south-aegean-serifos,no,
2093,Συκαμιά,Sykamia,Σέριφος,south-aegean-serifos,no,
2094,Ψιλή Άμμος,Psili Ammos,Σέριφος,south-aegean-serifos,yes,cyclades:serifos
2115,Άγιος Γεώργιος,Agios Georgios,Σίκινος,south-aegean-sikinos,yes,cyclades:sikinos
2116,Άγιος Παντελεήμονας,Agios Panteleimonas,Σίκινος,south-aegean-sikinos,yes,cyclades:sikinos
2117,Διαλισκάρι,Dialiskari,Σίκινος,south-aegean-sikinos,no,
2118,Μάλτα,Malta,Σίκινος,south-aegean-sikinos,no,
2119,Σαντορινέικα,Santorinika,Σίκινος,south-aegean-sikinos,yes,cyclades:sikinos
2095,Αποκοφτό,Apokofto,Σίφνος,south-aegean-sifnos,yes,cyclades:sifnos
2096,Αρτιμόνι,Artimoni,Σίφνος,south-aegean-sifnos,no,
2097,Βαθή,Vathi,Σίφνος,south-aegean-sifnos,yes,cyclades:sifnos
2098,Βλυχάδα,Vlychada,Σίφνος,south-aegean-sifnos,no,
2099,Βλυχό,Vlycho,Σίφνος,south-aegean-sifnos,no,
2100,Βρουλίδια,Vroulidia,Σίφνος,south-aegean-sifnos,no,
2101,Καμάρες,Kamares,Σίφνος,south-aegean-sifnos,yes,cyclades:sifnos
2102,Λαζάρου,Lazarou,Σίφνος,south-aegean-sifnos,no,
2103,Παραλία Φικιάδα,Paralia Fikiada,Σίφνος,south-aegean-sifnos,no,
2104,Πλατύς Γιαλός,Platys Gialos,Σίφνος,south-aegean-sifnos,no,
2105,Πουλάτη,Poulati,Σίφνος,south-aegean-sifnos,no,
2106,Σάουρες,Saoures,Σίφνος,south-aegean-sifnos,no,
2107,Σεράλια,Seralia,Σίφνος,south-aegean-sifnos,no,
2108,Σπηλιά,Spilia,Σίφνος,south-aegean-sifnos,no,
2109,Τόσο Νερό,Toso Nero,Σίφνος,south-aegean-sifnos,no,
2110,Τσόπου,Tsopou,Σίφνος,south-aegean-sifnos,no,
2111,Τσόχα,Tsocha,Σίφνος,south-aegean-sifnos,no,
2112,Φάρος,Faros,Σίφνος,south-aegean-sifnos,yes,cyclades:sifnos
2113,Φασολού,Fasolou,Σίφνος,south-aegean-sifnos,no,
2114,Χερρόνησος,Cherronisos,Σίφνος,south-aegean-sifnos,no,
2622,Αγία Ελένη,Agia Eleni,Σκιάθος,thessaly-skiathos,no,
2623,Αγία Παρασκευή,Agia Paraskevi,Σκιάθος,thessaly-skiathos,no,
2624,Αχλαδιές,Achladies,Σκιάθος,thessaly-skiathos,no,
2625,Βρωμόλιμνος,Vromolimnos,Σκιάθος,thessaly-skiathos,no,
2615,Καθαρίνα,Katharina,Σκιάθος,thessaly-skiathos,no,
2626,Καναπίτσα,Kanapitsa,Σκιάθος,thessaly-skiathos,no,
2627,Κεχριά,Kechria,Σκιάθος,thessaly-skiathos,no,
2628,Κολιός,Kolios,Σκιάθος,thessaly-skiathos,no,
2616,Κουτσουρί,Koutsouri,Σκιάθος,thessaly-skiathos,no,
2629,Λαλάρια,Lalaria,Σκιάθος,thessaly-skiathos,yes,global
2617,Μανδράκι,Mandraki,Σκιάθος,thessaly-skiathos,no,
2618,Μεγάλη Άμμος,Megali Ammos,Σκιάθος,thessaly-skiathos,no,
2630,Μεγάλη Μπανάνα,Megali Banana,Σκιάθος,thessaly-skiathos,no,
2631,Μεγάλος Ασέληνος,Megalos Aselinos,Σκιάθος,thessaly-skiathos,no,
2619,Μέγας Γιαλός,Megas Gialos,Σκιάθος,thessaly-skiathos,no,
2632,Μικρή Μπανάνα,Mikri Banana,Σκιάθος,thessaly-skiathos,no,
2633,Μικρός Ασέληνος,Mikros Aselinos,Σκιάθος,thessaly-skiathos,no,
2620,Μυστική,Mystiki,Σκιάθος,thessaly-skiathos,no,
2634,Νικοτσάρα,Nikotsara,Σκιάθος,thessaly-skiathos,no,
2635,Ξάνεμο,Xanemo,Σκιάθος,thessaly-skiathos,no,
2636,Παραλία Άγκιστρο,Paralia Agkistro,Σκιάθος,thessaly-skiathos,no,
2637,Παραλία Κάστρου,Paralia Kastrou,Σκιάθος,thessaly-skiathos,no,
2638,Παραλία Κουκουναριές,Paralia Koukounaries,Σκιάθος,thessaly-skiathos,no,
2639,Παραλία Κρυφή Άμμος,Paralia Kryfi Ammos,Σκιάθος,thessaly-skiathos,no,
2640,Παραλία Λιγαριές,Paralia Ligaries,Σκιάθος,thessaly-skiathos,no,
2641,Παραλία Μανδράκι Ελιάς,Paralia Mandraki Elias,Σκιάθος,thessaly-skiathos,no,
2642,Παραλία Μαραθά,Paralia Maratha,Σκιάθος,thessaly-skiathos,no,
2643,Παραλία Τσουγκριάς,Paralia Tsougkrias,Σκιάθος,thessaly-skiathos,no,
2644,Στυγερό,Stygero,Σκιάθος,thessaly-skiathos,no,
2645,Τζανεριά,Tzaneria,Σκιάθος,thessaly-skiathos,no,
2646,Τρούλος,Troulos,Σκιάθος,thessaly-skiathos,no,
2621,Ψαρόχωμα,Psarochoma,Σκιάθος,thessaly-skiathos,no,
2649,Άγιος Ιωάννης,Agios Ioannis,Σκόπελος,thessaly-skopelos,no,
2651,Αρμενόπετρα,Armenopetra,Σκόπελος,thessaly-skopelos,no,
2652,Βαθιάς,Vathias,Σκόπελος,thessaly-skopelos,no,
2653,Βελανιό,Velanio,Σκόπελος,thessaly-skopelos,no,
2647,Γλυστέρι,Glysteri,Σκόπελος,thessaly-skopelos,no,
2654,Γλυφονέρι,Glyfoneri,Σκόπελος,thessaly-skopelos,no,
2655,Εκατοπενηντάρι,Ekatopenintari,Σκόπελος,thessaly-skopelos,no,
2650,Έλιος,Elios,Σκόπελος,thessaly-skopelos,no,
2656,Καστάνη,Kastani,Σκόπελος,thessaly-skopelos,no,
2648,Λιμνονάρι,Limnonari,Σκόπελος,thessaly-skopelos,no,
2657,Μηλιά,Milia,Σκόπελος,thessaly-skopelos,no,
2658,Νεράκι,Neraki,Σκόπελος,thessaly-skopelos,no,
2659,Παραλία Πανόρμου Σκοπέλου,Paralia Panormou Skopelou,Σκόπελος,thessaly-skopelos,no,
2660,Πλάκα,Plaka,Σκόπελος,thessaly-skopelos,yes,global
2661,Σπηλιά,Spilia,Σκόπελος,thessaly-skopelos,no,
2662,Στάφυλος,Stafylos,Σκόπελος,thessaly-skopelos,no,
2663,Τραχήλι,Trachili,Σκόπελος,thessaly-skopelos,no,
2664,Φτελιά,Ftelia,Σκόπελος,thessaly-skopelos,yes,global
2665,Χόβολο,Chovolo,Σκόπελος,thessaly-skopelos,no,
333,Αγαλίπα,Agalipa,Σκύρος,central-greece-skyros,no,
334,Άγιος Πέτρος,Agios Petros,Σκύρος,central-greece-skyros,no,
322,Άγιος Φωκάς,Agios Fokas,Σκύρος,central-greece-skyros,yes,global
319,Αχερούνες,Acherounes,Σκύρος,central-greece-skyros,no,
321,Αχίλλι,Achilli,Σκύρος,central-greece-skyros,no,
315,Γλυφάδα,Glyfada,Σκύρος,central-greece-skyros,no,
328,Γυρίσματα,Gyrismata,Σκύρος,central-greece-skyros,no,
317,Καλαμίτσα,Kalamitsa,Σκύρος,central-greece-skyros,no,
329,Καλογρηά,Kalogria,Σκύρος,central-greece-skyros,no,
330,Καρεφλού,Kareflou,Σκύρος,central-greece-skyros,no,
325,Μαγαζιά,Magazia,Σκύρος,central-greece-skyros,no,
335,Μαρκέσι,Markesi,Σκύρος,central-greece-skyros,no,
331,Μικρή Αγαλίπα,Mikri Agalipa,Σκύρος,central-greece-skyros,no,
323,Μπάσαλες,Basales,Σκύρος,central-greece-skyros,no,
326,Μώλος,Molos,Σκύρος,central-greece-skyros,yes,global
332,Παλαμάρι,Palamari,Σκύρος,central-greece-skyros,no,
324,Πετρίτσα,Petritsa,Σκύρος,central-greece-skyros,no,
320,Πεύκος,Pevkos,Σκύρος,central-greece-skyros,no,
327,Πουριά,Pouria,Σκύρος,central-greece-skyros,no,
316,Ρένες,Renes,Σκύρος,central-greece-skyros,no,
318,Φωκιοτρύπα,Fokiotrypa,Σκύρος,central-greece-skyros,no,
166,Αγία Μαρίνα,Agia Marina,Σπέτσες,attica-spetses,no,
167,Αγία Παρασκευή,Agia Paraskevi,Σπέτσες,attica-spetses,no,
168,Άγιοι Ανάργυροι,Agii Anargyri,Σπέτσες,attica-spetses,no,
169,Άγιος Μάμας,Agios Mamas,Σπέτσες,attica-spetses,no,
170,Βρέλλος,Vrellos,Σπέτσες,attica-spetses,no,
171,Καΐκι,Kaiki,Σπέτσες,attica-spetses,no,
172,Καμάρες,Kamares,Σπέτσες,attica-spetses,no,
173,Κουζουνός,Kouzounos,Σπέτσες,attica-spetses,no,
174,Λιγονέρι,Ligoneri,Σπέτσες,attica-spetses,no,
175,Μεγάλη Ζωγερία,Megali Zogeria,Σπέτσες,attica-spetses,no,
176,Μικρή Ζωγεριά,Mikri Zogeria,Σπέτσες,attica-spetses,no,
177,Ξυλοκέριζα,Xylokeriza,Σπέτσες,attica-spetses,no,
2468,Άγιος Βασίλειος,Agios Vasilios,Σύμη,south-aegean-symi,no,
2469,Άγιος Νικόλαος,Agios Nikolaos,Σύμη,south-aegean-symi,yes,global
2466,Γυμνιστική Περιοχή Νος,Gymnistiki Periochi Nos,Σύμη,south-aegean-symi,no,
2470,Νανού,Nanou,Σύμη,south-aegean-symi,no,
2465,Νος,Nos,Σύμη,south-aegean-symi,no,
2471,Παραλία Αγίου Γεωργίου,Paralia Agiou Georgiou,Σύμη,south-aegean-symi,no,
2472,Παραλία της Σάρα,Paralia tis Sara,Σύμη,south-aegean-symi,no,
2467,Πέδι,Pedi,Σύμη,south-aegean-symi,no,
3043,Σύμη Γυάλα,Symi Gyala,Σύμη,south-aegean-symi,no,
2125,Αγκαθωπές,Agkathopes,Σύρος,south-aegean-syros,yes,cyclades:syros
2126,Αζόλιμνος,Azolimnos,Σύρος,south-aegean-syros,no,
2127,Αη Λουκάς,Ai Loukas,Σύρος,south-aegean-syros,no,
2128,Αμερικάνου,Amerikanou,Σύρος,south-aegean-syros,no,
2129,Αμπέλα,Ampela,Σύρος,south-aegean-syros,no,
2130,Αρμεός,Armeos,Σύρος,south-aegean-syros,no,
2131,Αχλάδι,Achladi,Σύρος,south-aegean-syros,no,
2132,Βαθύ Γιαλούδι,Vathy Gialoudi,Σύρος,south-aegean-syros,no,
2133,Βαρβαρούσα,Varvarousa,Σύρος,south-aegean-syros,no,
3016,Βούλγαρη,Voulgari,Σύρος,south-aegean-syros,no,
2134,Γράμματα,Grammata,Σύρος,south-aegean-syros,no,
2135,Δελφίνι,Delfini,Σύρος,south-aegean-syros,yes,cyclades:syros
2136,Κίνι,Kini,Σύρος,south-aegean-syros,yes,cyclades:syros
2137,Λαγκονάκι,Lagkonaki,Σύρος,south-aegean-syros,no,
2138,Λεία,Lia,Σύρος,south-aegean-syros,no,
2139,Μαρμάρι,Marmari,Σύρος,south-aegean-syros,no,
2140,Μέγας Γιαλός,Megas Gialos,Σύρος,south-aegean-syros,no,
2141,Μέγας Λάκος,Megas Lakos,Σύρος,south-aegean-syros,no,
2143,Παραλία Βάρη,Paralia Vari,Σύρος,south-aegean-syros,yes,cyclades:syros
2144,Παραλία Γαλησσά,Paralia Galissa,Σύρος,south-aegean-syros,yes,cyclades:syros
2145,Παραλία Κόμητο,Paralia Komito,Σύρος,south-aegean-syros,no,
2146,Παραλία Λωτό,Paralia Loto,Σύρος,south-aegean-syros,no,
2147,Σαντορινιοί,Santorinii,Σύρος,south-aegean-syros,no,
2148,Φοίνικας,Finikas,Σύρος,south-aegean-syros,yes,cyclades:syros
2211,Γερολιμνιώνας,Gerolimnionas,Σχοινούσα,south-aegean-schinoussa,no,
2212,Λιβάδι,Livadi,Σχοινούσα,south-aegean-schinoussa,no,
2213,Λιόλιου,Lioliou,Σχοινούσα,south-aegean-schinoussa,no,
2214,Πορτοκάλι,Portokali,Σχοινούσα,south-aegean-schinoussa,no,
2215,Τσιγκούρι,Tsigkouri,Σχοινούσα,south-aegean-schinoussa,no,
2216,Φουντάνα,Fountana,Σχοινούσα,south-aegean-schinoussa,no,
2217,Φυκιό,Fykio,Σχοινούσα,south-aegean-schinoussa,no,
2218,Ψιλή Άμμος,Psili Ammos,Σχοινούσα,south-aegean-schinoussa,no,
2494,Παραλία Παπά,Paralia Papa,Τέλενδος,south-aegean-telendos,no,
2497,Παραλία Πάρανταϊς,Paralia Parantais,Τέλενδος,south-aegean-telendos,no,
2493,Παραλία Πνιγμένος,Paralia Pnigmenos,Τέλενδος,south-aegean-telendos,no,
2496,Παραλία Πόθα,Paralia Potha,Τέλενδος,south-aegean-telendos,no,
2495,Παραλία Χοχλακάς,Paralia Chochlakas,Τέλενδος,south-aegean-telendos,no,
2476,Αγία Πέτρος,Agia Petros,Τήλος,south-aegean-tilos,no,
2474,Άγιος Σέργιος,Agios Sergios,Τήλος,south-aegean-tilos,no,
2475,Έριστος,Eristos,Τήλος,south-aegean-tilos,no,
2477,Λεθρά,Lethra,Τήλος,south-aegean-tilos,no,
2478,Λιβάδια,Livadia,Τήλος,south-aegean-tilos,no,
2479,Λιμενάρι,Limenari,Τήλος,south-aegean-tilos,no,
2480,Παραλία Κοκκίνι,Paralia Kokkini,Τήλος,south-aegean-tilos,no,
2481,Παραλία Λουμπούδι,Paralia Loumpoudi,Τήλος,south-aegean-tilos,no,
2482,Πλάκα,Plaka,Τήλος,south-aegean-tilos,yes,global
2483,Σκάφη,Skafi,Τήλος,south-aegean-tilos,no,
2473,Σταυρός,Stavros,Τήλος,south-aegean-tilos,yes,global
2484,Τολός,Tolos,Τήλος,south-aegean-tilos,no,
2149,Αγία Κυριακή,Agia Kyriaki,Τήνος,south-aegean-tinos,no,
2150,Αγιος Δημήτριος,Agios Dimitrios,Τήνος,south-aegean-tinos,no,
2151,Άγιος Ιωάννης Πόρτο,Agios Ioannis Porto,Τήνος,south-aegean-tinos,yes,cyclades:tinos
2152,Άγιος Πέτρος,Agios Petros,Τήνος,south-aegean-tinos,no,
2153,Άγιος Ρωμανός,Agios Romanos,Τήνος,south-aegean-tinos,yes,cyclades:tinos
2154,Άγιος Σώστης,Agios Sostis,Τήνος,south-aegean-tinos,no,
2155,Αγιος Φωκάς,Agios Fokas,Τήνος,south-aegean-tinos,yes,cyclades:tinos
2156,Αγκάλη,Agkali,Τήνος,south-aegean-tinos,no,
2157,Απηγανιά,Apigania,Τήνος,south-aegean-tinos,no,
2158,Αποθήκες,Apothikes,Τήνος,south-aegean-tinos,no,
2159,Άσπρος Γυαλός,Aspros Gyalos,Τήνος,south-aegean-tinos,no,
2161,Βαθύ Πανόρμου,Vathy Panormou,Τήνος,south-aegean-tinos,no,
2160,Βαθύ Υστερνίων,Vathy Ysternion,Τήνος,south-aegean-tinos,no,
2162,Εμπρος Διαλισκάρ,Empros Dialiskar,Τήνος,south-aegean-tinos,no,
2163,Καλύβια,Kalyvia,Τήνος,south-aegean-tinos,no,
2164,Καντάνη,Kantani,Τήνος,south-aegean-tinos,no,
2165,Κιόνια,Kionia,Τήνος,south-aegean-tinos,no,
2166,Κολυμπήθρα,Kolympithra,Τήνος,south-aegean-tinos,yes,cyclades:tinos
2167,Κουμέλας,Koumelas,Τήνος,south-aegean-tinos,no,
2168,Κουσίνια,Kousinia,Τήνος,south-aegean-tinos,no,
2169,Λιβάδα,Livada,Τήνος,south-aegean-tinos,no,
2170,Λυχναυτιά,Lychnavtia,Τήνος,south-aegean-tinos,no,
2171,Μαλλί,Malli,Τήνος,south-aegean-tinos,no,
2172,Μαντροκλήσι,Mantroklisi,Τήνος,south-aegean-tinos,no,
2173,Μικρή Κολυμπήθρα,Mikri Kolympithra,Τήνος,south-aegean-tinos,yes,cyclades:tinos
2174,Όρμος Υστερνίων,Ormos Ysternion,Τήνος,south-aegean-tinos,yes,cyclades:tinos
2175,Πανούσα,Panousa,Τήνος,south-aegean-tinos,no,
2176,Παραλία Αγία Θάλασσα,Paralia Agia Thalassa,Τήνος,south-aegean-tinos,no,
2177,Παραλία Καβαλουρκό,Paralia Kavalourko,Τήνος,south-aegean-tinos,no,
2178,Παραλία Σταυρός,Paralia Stavros,Τήνος,south-aegean-tinos,no,
2179,Παχιά άμμος,Pachia ammos,Τήνος,south-aegean-tinos,yes,cyclades:tinos
2180,Πίσω Διαλισκαρ,Piso Dialiskar,Τήνος,south-aegean-tinos,no,
2181,Πλατιά Άμμος,Platia Ammos,Τήνος,south-aegean-tinos,no,
2182,Πλατύς Γιαλός,Platys Gialos,Τήνος,south-aegean-tinos,no,
2183,Ρόχαρη,Rochari,Τήνος,south-aegean-tinos,no,
2184,Σάντα Μαργαρίτα,Santa Margarita,Τήνος,south-aegean-tinos,no,
2185,Σκληρός,Skliros,Τήνος,south-aegean-tinos,no,
2186,Σταφίδα,Stafida,Τήνος,south-aegean-tinos,no,
2187,Σχοινάκι,Schinaki,Τήνος,south-aegean-tinos,no,
2188,Τσαμπιά,Tsampia,Τήνος,south-aegean-tinos,no,
101,Άγιος Νικόλαος,Agios Nikolaos,Ύδρα,attica-hydra,no,
102,Αυλάκι,Avlaki,Ύδρα,attica-hydra,no,
103,Καμίνια,Kaminia,Ύδρα,attica-hydra,no,
104,Καουμίθι,Kaoumithi,Ύδρα,attica-hydra,no,
105,Μανδράκι,Mandraki,Ύδρα,attica-hydra,no,
106,Μπίστι,Bisti,Ύδρα,attica-hydra,no,
107,Παραλία Μπίστι,Paralia Bisti,Ύδρα,attica-hydra,no,
108,Πλάκες,Plakes,Ύδρα,attica-hydra,no,
109,Σπηλιά,Spilia,Ύδρα,attica-hydra,no,
356,Αγιόνερο,Agionero,Φθιώτιδα,central-greece-fthiotida-mainland,no,
355,Άι Γιάννης,Ai Giannis,Φθιώτιδα,central-greece-fthiotida-mainland,no,
357,Βίβος,Vivos,Φθιώτιδα,central-greece-fthiotida-mainland,no,
359,Καραβόμυλος,Karavomylos,Φθιώτιδα,central-greece-fthiotida-mainland,no,
358,Κέδρος,Kedros,Φθιώτιδα,central-greece-fthiotida-mainland,no,
360,Μεγάλη Σουβάλα,Megali Souvala,Φθιώτιδα,central-greece-fthiotida-mainland,no,
361,Μικρή Σουβάλα,Mikri Souvala,Φθιώτιδα,central-greece-fthiotida-mainland,no,
362,Παραλία Αγίου Γεωργίου Πελασγίας,Paralia Agiou Georgiou Pelasgias,Φθιώτιδα,central-greece-fthiotida-mainland,no,
363,Παραλία Αγίου Νικολάου,Paralia Agiou Nikolaou,Φθιώτιδα,central-greece-fthiotida-mainland,no,
364,Παραλία Αγίου Σεραφείμ,Paralia Agiou Serafim,Φθιώτιδα,central-greece-fthiotida-mainland,no,
365,Παραλία Βουγιουκλάκη,Paralia Vougiouklaki,Φθιώτιδα,central-greece-fthiotida-mainland,no,
366,Παραλία Καναπίτσα,Paralia Kanapitsa,Φθιώτιδα,central-greece-fthiotida-mainland,no,
367,Παραλία Τραγάνας,Paralia Traganas,Φθιώτιδα,central-greece-fthiotida-mainland,no,
368,Παραλία Τριανταφυλλιάς,Paralia Triantafyllias,Φθιώτιδα,central-greece-fthiotida-mainland,no,
369,Σχοινιά,Schinia,Φθιώτιδα,central-greece-fthiotida-mainland,no,
370,Φλοίσβος Πλαζ,Flisvos Plaz,Φθιώτιδα,central-greece-fthiotida-mainland,no,
1739,Άγιος Γεώργιος,Agios Georgios,Φολέγανδρος,south-aegean-folegandros,no,
1740,Άγιος Νικόλαος,Agios Nikolaos,Φολέγανδρος,south-aegean-folegandros,yes,cyclades:folegandros
1741,Αγκάλη,Agkali,Φολέγανδρος,south-aegean-folegandros,yes,cyclades:folegandros
1742,Αμπέλι,Ampeli,Φολέγανδρος,south-aegean-folegandros,no,
1743,Βάρδια,Vardia,Φολέγανδρος,south-aegean-folegandros,no,
1744,Βιτσέντζου,Vitsentzou,Φολέγανδρος,south-aegean-folegandros,no,
1745,Γάλιφος,Galifos,Φολέγανδρος,south-aegean-folegandros,no,
1746,Κάτεργο,Katergo,Φολέγανδρος,south-aegean-folegandros,no,
1747,Κοχλίδια,Kochlidia,Φολέγανδρος,south-aegean-folegandros,no,
1748,Λατινάκι,Latinaki,Φολέγανδρος,south-aegean-folegandros,no,
1749,Λιβαδάκι,Livadaki,Φολέγανδρος,south-aegean-folegandros,yes,cyclades:folegandros
1750,Λιβάδι,Livadi,Φολέγανδρος,south-aegean-folegandros,yes,cyclades:folegandros
1751,Λυγαριά,Lygaria,Φολέγανδρος,south-aegean-folegandros,no,
1752,Παραλία Βορεινά,Paralia Vorina,Φολέγανδρος,south-aegean-folegandros,no,
1753,Πουντάκι,Pountaki,Φολέγανδρος,south-aegean-folegandros,no,
1754,Φηρά,Fira,Φολέγανδρος,south-aegean-folegandros,no,
1314,Βιτσίλα,Vitsila,Φούρνοι,north-aegean-fournoi,no,
1312,Βλυχάδα,Vlychada,Φούρνοι,north-aegean-fournoi,yes,global
1316,Ελιδάκι,Elidaki,Φούρνοι,north-aegean-fournoi,no,
1317,Καμπί,Kampi,Φούρνοι,north-aegean-fournoi,no,
1313,Κασίδι,Kasidi,Φούρνοι,north-aegean-fournoi,no,
1318,Κουμαρά,Koumara,Φούρνοι,north-aegean-fournoi,no,
1315,Πετροκόπι,Petrokopi,Φούρνοι,north-aegean-fournoi,no,
336,Άγιος Βασίλειος,Agios Vasilios,Φωκίδα,central-greece-fokida-mainland,no,
337,Άγιος Ισίδωρος,Agios Isidoros,Φωκίδα,central-greece-fokida-mainland,no,
338,Ακτή Βραχάκια,Akti Vrachakia,Φωκίδα,central-greece-fokida-mainland,no,
339,Άσπρα Χαλίκια,Aspra Chalikia,Φωκίδα,central-greece-fokida-mainland,no,
340,Γιάννακης,Giannakis,Φωκίδα,central-greece-fokida-mainland,no,
3030,Δωρίδα Ερατεινή,Dorida Eratini,Φωκίδα,central-greece-fokida-mainland,no,
341,Καλαφάτης,Kalafatis,Φωκίδα,central-greece-fokida-mainland,no,
342,Καψάλες,Kapsales,Φωκίδα,central-greece-fokida-mainland,no,
343,Κεντρί,Kentri,Φωκίδα,central-greece-fokida-mainland,no,
344,Κόκκινα Χαλίκια,Kokkina Chalikia,Φωκίδα,central-greece-fokida-mainland,no,
345,Μαραθιάς,Marathias,Φωκίδα,central-greece-fokida-mainland,no,
346,Μονιά,Monia,Φωκίδα,central-greece-fokida-mainland,no,
347,Μονόλιθος,Monolithos,Φωκίδα,central-greece-fokida-mainland,yes,global
348,Παραλία Αγίου Ανδρέα,Paralia Agiou Andrea,Φωκίδα,central-greece-fokida-mainland,no,
349,Παραλία Αγίου Μηνά,Paralia Agiou Mina,Φωκίδα,central-greece-fokida-mainland,no,
351,Παραλία Αστέρι,Paralia Asteri,Φωκίδα,central-greece-fokida-mainland,no,
352,Παραλία Σεργούλας,Paralia Sergoulas,Φωκίδα,central-greece-fokida-mainland,no,
350,Παραλία Χιλιαδού,Paralia Chiliadou,Φωκίδα,central-greece-fokida-mainland,no,
353,Σκάλωμα,Skaloma,Φωκίδα,central-greece-fokida-mainland,no,
354,Σκούλες Μικρή και Μεγάλη,Skoules Mikri kai Megali,Φωκίδα,central-greece-fokida-mainland,no,
2251,Κάνια,Kania,Χάλκη,south-aegean-halki,no,
2250,Φτενάγια,Ftenagia,Χάλκη,south-aegean-halki,no,
3007,Αμμουλιανή,Ammouliani,Χαλκιδική,central-macedonia-halkidiki-mainland,no,
3008,Γεωπονικά,Geoponika,Χαλκιδική,central-macedonia-halkidiki-mainland,no,
456,Λευκή Παραλία,Levki Paralia,Χαλκιδική,central-macedonia-halkidiki-mainland,no,
444,Μικρή Παραλία,Mikri Paralia,Χαλκιδική,central-macedonia-halkidiki-mainland,no,
3009,Νέα Ρόδα,Nea Roda,Χαλκιδική,central-macedonia-halkidiki-mainland,no,
3018,Νέα Φλόγητα,Nea Flogita,Χαλκιδική,central-macedonia-halkidiki-mainland,no,
492,Παραλία Αγίου Ισιδώρου,Paralia Agiou Isidorou,Χαλκιδική,central-macedonia-halkidiki-mainland,no,
471,Παραλία Αγίου Ιωάννη,Paralia Agiou Ioanni,Χαλκιδική,central-macedonia-halkidiki-mainland,no,
479,Παραλία Αγίου Μάμα,Paralia Agiou Mama,Χαλκιδική,central-macedonia-halkidiki-mainland,no,
491,Παραλία Αζάπικο,Paralia Azapiko,Χαλκιδική,central-macedonia-halkidiki-mainland,no,
500,Παραλία Αλυκές,Paralia Alykes,Χαλκιδική,central-macedonia-halkidiki-mainland,no,
475,Παραλία Άμπελος,Paralia Ampelos,Χαλκιδική,central-macedonia-halkidiki-mainland,no,
493,Παραλία Ανθέμου,Paralia Anthemou,Χαλκιδική,central-macedonia-halkidiki-mainland,no,
478,Παραλία Ανθούπολης,Paralia Anthoupolis,Χαλκιδική,central-macedonia-halkidiki-mainland,no,
501,Παραλία Αρετές,Paralia Aretes,Χαλκιδική,central-macedonia-halkidiki-mainland,no,
476,Παραλία Αρμενιστής,Paralia Armenistis,Χαλκιδική,central-macedonia-halkidiki-mainland,no,
473,Παραλία Αυλάκι,Paralia Avlaki,Χαλκιδική,central-macedonia-halkidiki-mainland,no,
457,Παραλία Βεργιάς,Paralia Vergias,Χαλκιδική,central-macedonia-halkidiki-mainland,no,
486,Παραλία Γαλήνη,Paralia Galini,Χαλκιδική,central-macedonia-halkidiki-mainland,no,
400,Παραλία Γερακινής,Paralia Gerakinis,Χαλκιδική,central-macedonia-halkidiki-mainland,no,
481,Παραλία Δεβελίκι,Paralia Develiki,Χαλκιδική,central-macedonia-halkidiki-mainland,no,
480,Παραλία Ελαιώνα,Paralia Elaiona,Χαλκιδική,central-macedonia-halkidiki-mainland,no,
472,Παραλία Ελάνη,Paralia Elani,Χαλκιδική,central-macedonia-halkidiki-mainland,no,
482,Παραλία Ζέπκου,Paralia Zepkou,Χαλκιδική,central-macedonia-halkidiki-mainland,no,
428,Παραλία Ιερισσού,Paralia Ierissou,Χαλκιδική,central-macedonia-halkidiki-mainland,no,
463,Παραλία Κάμπος (Πυργαδίκια),Paralia Kampos (Pyrgadikia),Χαλκιδική,central-macedonia-halkidiki-mainland,no,
490,Παραλία Καρύδι,Paralia Karydi,Χαλκιδική,central-macedonia-halkidiki-mainland,no,
470,Παραλία Καστρί,Paralia Kastri,Χαλκιδική,central-macedonia-halkidiki-mainland,no,
498,Παραλία Κοβιού,Paralia Koviou,Χαλκιδική,central-macedonia-halkidiki-mainland,no,
495,Παραλία Κουτλουμούση,Paralia Koutloumousi,Χαλκιδική,central-macedonia-halkidiki-mainland,no,
466,Παραλία Λαγονήσι,Paralia Lagonisi,Χαλκιδική,central-macedonia-halkidiki-mainland,no,
469,Παραλία Λατούρα,Paralia Latoura,Χαλκιδική,central-macedonia-halkidiki-mainland,no,
464,Παραλία Λιβάρι,Paralia Livari,Χαλκιδική,central-macedonia-halkidiki-mainland,no,
489,Παραλία Μικρό Καρύδι,Paralia Mikro Karydi,Χαλκιδική,central-macedonia-halkidiki-mainland,no,
461,Παραλία Μικρό Καστρί,Paralia Mikro Kastri,Χαλκιδική,central-macedonia-halkidiki-mainland,no,
494,Παραλία Μπανάνα,Paralia Banana,Χαλκιδική,central-macedonia-halkidiki-mainland,no,
487,Παραλία Μπάρα,Paralia Bara,Χαλκιδική,central-macedonia-halkidiki-mainland,no,
458,Παραλία Νέας Ηράκλειας - Sahara,Paralia Neas Iraklias - Sahara,Χαλκιδική,central-macedonia-halkidiki-mainland,no,
459,Παραλία Νέας Καλλικράτειας,Paralia Neas Kallikratias,Χαλκιδική,central-macedonia-halkidiki-mainland,no,
402,Παραλία Νέας Ποτίδαιας,Paralia Neas Potidaias,Χαλκιδική,central-macedonia-halkidiki-mainland,no,
460,Παραλία Νικήτης,Paralia Nikitis,Χαλκιδική,central-macedonia-halkidiki-mainland,no,
497,Παραλία Όρμος Παναγίας,Paralia Ormos Panagias,Χαλκιδική,central-macedonia-halkidiki-mainland,no,
381,Παραλία Πευκοχωρίου,Paralia Pevkochoriou,Χαλκιδική,central-macedonia-halkidiki-mainland,no,
477,Παραλία Ποσείδι,Paralia Posidi,Χαλκιδική,central-macedonia-halkidiki-mainland,no,
496,Παραλία Πύργου,Paralia Pyrgou,Χαλκιδική,central-macedonia-halkidiki-mainland,no,
465,Παραλία Σαλονικιού,Paralia Salonikiou,Χαλκιδική,central-macedonia-halkidiki-mainland,no,
488,Παραλία Σπαθιών,Paralia Spathion,Χαλκιδική,central-macedonia-halkidiki-mainland,no,
462,Παραλία Στρατώνι,Paralia Stratoni,Χαλκιδική,central-macedonia-halkidiki-mainland,no,
484,Παραλία Σχοινιά,Paralia Schinia,Χαλκιδική,central-macedonia-halkidiki-mainland,no,
467,Παραλία Τορώνης,Paralia Toronis,Χαλκιδική,central-macedonia-halkidiki-mainland,no,
485,Παραλία Τρίμη,Paralia Trimi,Χαλκιδική,central-macedonia-halkidiki-mainland,no,
468,Παραλία Τριστινίκα,Paralia Tristinika,Χαλκιδική,central-macedonia-halkidiki-mainland,no,
499,Παραλία Φάβα,Paralia Fava,Χαλκιδική,central-macedonia-halkidiki-mainland,no,
483,Παραλία Φτερωτή,Paralia Fteroti,Χαλκιδική,central-macedonia-halkidiki-mainland,no,
474,Παραλία Χρουσώ,Paralia Chrouso,Χαλκιδική,central-macedonia-halkidiki-mainland,no,
502,Συκιά Ολυμπιάδας,Sykia Olympiadas,Χαλκιδική,central-macedonia-halkidiki-mainland,no,
378,Achlada,Achlada,Χαλκιδική,central-macedonia-halkidiki-mainland,no,
379,Agios Georgios,Agios Georgios,Χαλκιδική,central-macedonia-halkidiki-mainland,no,
380,Agios Nikolaos,Agios Nikolaos,Χαλκιδική,central-macedonia-halkidiki-mainland,no,
382,Agridia,Agridia,Χαλκιδική,central-macedonia-halkidiki-mainland,no,
383,Akti Kalogrias,Akti Kalogrias,Χαλκιδική,central-macedonia-halkidiki-mainland,no,
384,Babylon,Babylon,Χαλκιδική,central-macedonia-halkidiki-mainland,no,
385,Biancoblusarti,Biancoblusarti,Χαλκιδική,central-macedonia-halkidiki-mainland,no,
386,Blue Dream,Blue Dream,Χαλκιδική,central-macedonia-halkidiki-mainland,no,
387,Brounou,Brounou,Χαλκιδική,central-macedonia-halkidiki-mainland,no,
388,Castello,Castello,Χαλκιδική,central-macedonia-halkidiki-mainland,no,
389,Chrysi Ammoudia,Chrysi Ammoudia,Χαλκιδική,central-macedonia-halkidiki-mainland,no,
390,Diaporti,Diaporti,Χαλκιδική,central-macedonia-halkidiki-mainland,no,
391,Dimotiki Plaz 1,Dimotiki Plaz 1,Χαλκιδική,central-macedonia-halkidiki-mainland,no,
392,Dimotiki Plaz 2,Dimotiki Plaz 2,Χαλκιδική,central-macedonia-halkidiki-mainland,no,
393,Dimotiki Plaz 3,Dimotiki Plaz 3,Χαλκιδική,central-macedonia-halkidiki-mainland,no,
394,Drenia,Drenia,Χαλκιδική,central-macedonia-halkidiki-mainland,no,
395,Faka,Faka,Χαλκιδική,central-macedonia-halkidiki-mainland,no,
396,Goa,Goa,Χαλκιδική,central-macedonia-halkidiki-mainland,no,
397,Golden,Golden,Χαλκιδική,central-macedonia-halkidiki-mainland,no,
398,Griavas,Griavas,Χαλκιδική,central-macedonia-halkidiki-mainland,no,
399,Hanioti,Hanioti,Χαλκιδική,central-macedonia-halkidiki-mainland,no,
401,Iliovasilema,Iliovasilema,Χαλκιδική,central-macedonia-halkidiki-mainland,no,
403,Kakoudia,Kakoudia,Χαλκιδική,central-macedonia-halkidiki-mainland,no,
404,Kalamitsi,Kalamitsi,Χαλκιδική,central-macedonia-halkidiki-mainland,no,
405,Kallithea,Kallithea,Χαλκιδική,central-macedonia-halkidiki-mainland,no,
406,Kalopigado,Kalopigado,Χαλκιδική,central-macedonia-halkidiki-mainland,no,
407,Karagatsia,Karagatsia,Χαλκιδική,central-macedonia-halkidiki-mainland,no,
408,Kavouri,Kavouri,Χαλκιδική,central-macedonia-halkidiki-mainland,no,
409,Kavourotrypes,Kavourotrypes,Χαλκιδική,central-macedonia-halkidiki-mainland,yes,macedonia:halkidiki
410,Kefalas,Kefalas,Χαλκιδική,central-macedonia-halkidiki-mainland,no,
411,Klimataria,Klimataria,Χαλκιδική,central-macedonia-halkidiki-mainland,no,
412,Komitsa,Komitsa,Χαλκιδική,central-macedonia-halkidiki-mainland,no,
413,Kristina,Kristina,Χαλκιδική,central-macedonia-halkidiki-mainland,no,
414,Kryfos Paradeisos,Kryfos Paradeisos,Χαλκιδική,central-macedonia-halkidiki-mainland,no,
415,Lagomandra,Lagomandra,Χαλκιδική,central-macedonia-halkidiki-mainland,no,
416,Lagoon,Lagoon,Χαλκιδική,central-macedonia-halkidiki-mainland,no,
417,Lemos,Lemos,Χαλκιδική,central-macedonia-halkidiki-mainland,no,
418,Likithos,Likithos,Χαλκιδική,central-macedonia-halkidiki-mainland,no,
419,Limanaki,Limanaki,Χαλκιδική,central-macedonia-halkidiki-mainland,no,
420,Limani,Limani,Χαλκιδική,central-macedonia-halkidiki-mainland,no,
421,Linaraki,Linaraki,Χαλκιδική,central-macedonia-halkidiki-mainland,no,
422,Liosi,Liosi,Χαλκιδική,central-macedonia-halkidiki-mainland,no,
423,Livadi,Livadi,Χαλκιδική,central-macedonia-halkidiki-mainland,no,
424,Marathias,Marathias,Χαλκιδική,central-macedonia-halkidiki-mainland,no,
425,Megali Ammos,Megali Ammos,Χαλκιδική,central-macedonia-halkidiki-mainland,no,
426,Mikri Elia,Mikri Elia,Χαλκιδική,central-macedonia-halkidiki-mainland,no,
427,Mileniko,Mileniko,Χαλκιδική,central-macedonia-halkidiki-mainland,no,
429,Myti,Myti,Χαλκιδική,central-macedonia-halkidiki-mainland,no,
430,Oneiro,Oneiro,Χαλκιδική,central-macedonia-halkidiki-mainland,no,
431,Ouranoupoli,Ouranoupoli,Χαλκιδική,central-macedonia-halkidiki-mainland,no,
432,Paradisos,Paradisos,Χαλκιδική,central-macedonia-halkidiki-mainland,no,
433,Paralia Valti,Paralia Valti,Χαλκιδική,central-macedonia-halkidiki-mainland,no,
434,Pefkochori,Pefkochori,Χαλκιδική,central-macedonia-halkidiki-mainland,no,
435,Plagia Flogita,Plagia Flogita,Χαλκιδική,central-macedonia-halkidiki-mainland,no,
436,Platania,Platania,Χαλκιδική,central-macedonia-halkidiki-mainland,no,
437,Platanitsi,Platanitsi,Χαλκιδική,central-macedonia-halkidiki-mainland,no,
438,Porfi,Porfi,Χαλκιδική,central-macedonia-halkidiki-mainland,no,
439,Porto Elea,Porto Elea,Χαλκιδική,central-macedonia-halkidiki-mainland,no,
440,Porto Koufo,Porto Koufo,Χαλκιδική,central-macedonia-halkidiki-mainland,yes,macedonia:halkidiki
441,Psakoudia,Psakoudia,Χαλκιδική,central-macedonia-halkidiki-mainland,no,
442,Sani Hill,Sani Hill,Χαλκιδική,central-macedonia-halkidiki-mainland,no,
443,Sarti,Sarti,Χαλκιδική,central-macedonia-halkidiki-mainland,yes,macedonia:halkidiki
445,Sykia,Sykia,Χαλκιδική,central-macedonia-halkidiki-mainland,no,
446,Tigania,Tigania,Χαλκιδική,central-macedonia-halkidiki-mainland,no,
447,Totos,Totos,Χαλκιδική,central-macedonia-halkidiki-mainland,no,
448,Tourkolimnionas,Tourkolimnionas,Χαλκιδική,central-macedonia-halkidiki-mainland,no,
449,Trani Ammouda,Trani Ammouda,Χαλκιδική,central-macedonia-halkidiki-mainland,no,
450,Tsaska,Tsaska,Χαλκιδική,central-macedonia-halkidiki-mainland,no,
451,Tsifliki,Tsifliki,Χαλκιδική,central-macedonia-halkidiki-mainland,no,
452,Varkes,Varkes,Χαλκιδική,central-macedonia-halkidiki-mainland,no,
453,Voreas Limani,Voreas Limani,Χαλκιδική,central-macedonia-halkidiki-mainland,no,
454,Voulitsa,Voulitsa,Χαλκιδική,central-macedonia-halkidiki-mainland,no,
455,Vourvourou,Vourvourou,Χαλκιδική,central-macedonia-halkidiki-mainland,no,
3032,Αποκορώνου Αλμυρίδα,Apokoronou Almyrida,Χανιά,crete-crete-chania,no,
527,Άργιλος,Argilos,Χανιά,crete-crete-chania,no,
528,Βουλόλιμνη,Voulolimni,Χανιά,crete-crete-chania,no,
529,Βρύση,Vrysi,Χανιά,crete-crete-chania,no,
530,Γιαλισκάρι,Gialiskari,Χανιά,crete-crete-chania,no,
595,Ελαφονήσι,Elafonisi,Χανιά,crete-crete-chania,yes,crete:chania
531,Καλαμάκι,Kalamaki,Χανιά,crete-crete-chania,no,
532,Καλυβάκι,Kalyvaki,Χανιά,crete-crete-chania,no,
604,Κεδρόδασος,Kedrodasos,Χανιά,crete-crete-chania,yes,crete:chania
533,Κουλούρα,Kouloura,Χανιά,crete-crete-chania,no,
534,Κριός,Krios,Χανιά,crete-crete-chania,no,
535,Κυανή Ακτή,Kyani Akti,Χανιά,crete-crete-chania,no,
536,Λευκή Παραλία,Levki Paralia,Χανιά,crete-crete-chania,no,
537,Λουτράκι,Loutraki,Χανιά,crete-crete-chania,no,
538,Λύκος,Lykos,Χανιά,crete-crete-chania,no,
539,Μαράθι,Marathi,Χανιά,crete-crete-chania,yes,crete:chania
540,Μαύρος Μώλος,Mavros Molos,Χανιά,crete-crete-chania,no,
541,Μαχαιρίδα,Machairida,Χανιά,crete-crete-chania,no,
542,Μέθεξις,Methexis,Χανιά,crete-crete-chania,no,
543,Μένιες (Δίκτυννα),Menies (Diktynna),Χανιά,crete-crete-chania,no,
593,Μπάλος,Balos,Χανιά,crete-crete-chania,yes,crete:chania
544,Νέα Χώρα,Nea Chora,Χανιά,crete-crete-chania,no,
545,Ορθή Άμμος,Orthi Ammos,Χανιά,crete-crete-chania,no,
546,Παραλία Αγία Μαρίνα,Paralia Agia Marina,Χανιά,crete-crete-chania,no,
547,Παραλία Αγίου Χαραλάμπους,Paralia Agiou Charalampous,Χανιά,crete-crete-chania,no,
548,Παραλία Αγίων Αποστόλων,Paralia Agion Apostolon,Χανιά,crete-crete-chania,no,
549,Παραλία Βλητέ,Paralia Vlite,Χανιά,crete-crete-chania,no,
550,Παραλία Γλυκά Νερά,Paralia Glyka Nera,Χανιά,crete-crete-chania,no,
551,Παραλία Δώματα,Paralia Domata,Χανιά,crete-crete-chania,no,
552,Παραλία Θανάσης,Paralia Thanasis,Χανιά,crete-crete-chania,no,
553,Παραλία Καλάμια,Paralia Kalamia,Χανιά,crete-crete-chania,no,
554,Παραλία Κούμ Καπί (Kum Kapisi),Paralia Koum Kapi (Kum Kapisi),Χανιά,crete-crete-chania,no,
555,Παραλία Κουταλάς,Paralia Koutalas,Χανιά,crete-crete-chania,no,
556,Παραλία Κούτελος,Paralia Koutelos,Χανιά,crete-crete-chania,no,
557,Παραλία Λάκκοι,Paralia Lakki,Χανιά,crete-crete-chania,no,
558,Παραλία Λισσός,Paralia Lissos,Χανιά,crete-crete-chania,no,
559,Παραλία Μάρμαρα,Paralia Marmara,Χανιά,crete-crete-chania,no,
560,Παραλία Μελτεμάκι,Paralia Meltemaki,Χανιά,crete-crete-chania,no,
561,Παραλία Πλακάκι,Paralia Plakaki,Χανιά,crete-crete-chania,no,
562,Παραλία Σεντόνι,Paralia Sentoni,Χανιά,crete-crete-chania,no,
563,Παραλία Τελώνιο,Paralia Telonio,Χανιά,crete-crete-chania,no,
564,Παραλία του Μάλεμε,Paralia tou Maleme,Χανιά,crete-crete-chania,no,
565,Παραλια Τραχηλος,Paralia Trachilos,Χανιά,crete-crete-chania,no,
566,Παραλία Τροχαλού,Paralia Trochalou,Χανιά,crete-crete-chania,no,
567,Παραλία Τρυπητής,Paralia Trypitis,Χανιά,crete-crete-chania,no,
568,Παραλία Φραγκοκάστελλου,Paralia Fragkokastellou,Χανιά,crete-crete-chania,no,
569,Παραλία Χαλέπα,Paralia Chalepa,Χανιά,crete-crete-chania,no,
570,Παραλία Ψηλός Βόλακας,Paralia Psilos Volakas,Χανιά,crete-crete-chania,no,
571,Παραλίες Βάταλου,Paralies Vatalou,Χανιά,crete-crete-chania,no,
572,Παχιά Άμμος,Pachia Ammos,Χανιά,crete-crete-chania,no,
573,Παχιά Άμμος Σταυρού,Pachia Ammos Stavrou,Χανιά,crete-crete-chania,no,
574,Πλατανιάς,Platanias,Χανιά,crete-crete-chania,no,
575,Ραπανιανά,Rapaniana,Χανιά,crete-crete-chania,no,
576,Σεϊτάν Λιμάνι,Sitan Limani,Χανιά,crete-crete-chania,no,
577,Σούγια,Sougia,Χανιά,crete-crete-chania,yes,crete:chania
578,Σούγια (γυμνιστών),Sougia (gymniston),Χανιά,crete-crete-chania,no,
579,Σταυρός,Stavros,Χανιά,crete-crete-chania,yes,crete:chania
580,Σφακιανό Αμμούδι,Sfakiano Ammoudi,Χανιά,crete-crete-chania,no,
581,Τερσανάς,Tersanas,Χανιά,crete-crete-chania,no,
582,Τραχήλι,Trachili,Χανιά,crete-crete-chania,no,
583,Φιλάκι,Filaki,Χανιά,crete-crete-chania,no,
584,Χαλίκια,Chalikia,Χανιά,crete-crete-chania,no,
585,Afrata,Afrata,Χανιά,crete-crete-chania,no,
586,Aghios Pavlos Beach,Aghios Pavlos Beach,Χανιά,crete-crete-chania,no,
587,Agios Onoufrios,Agios Onoufrios,Χανιά,crete-crete-chania,no,
588,Alonaki,Alonaki,Χανιά,crete-crete-chania,no,
589,Ammos,Ammos,Χανιά,crete-crete-chania,no,
590,Aptera,Aptera,Χανιά,crete-crete-chania,no,
591,Aspri Limni,Aspri Limni,Χανιά,crete-crete-chania,no,
592,Astropelekitá,Astropelekitá,Χανιά,crete-crete-chania,no,
594,Chrysi Akti,Chrysi Akti,Χανιά,crete-crete-chania,no,
596,Falasarna,Falasarna,Χανιά,crete-crete-chania,yes,crete:chania
597,Finikas,Finikas,Χανιά,crete-crete-chania,no,
598,Georgioupoli,Georgioupoli,Χανιά,crete-crete-chania,yes,crete:chania
599,Grammeno,Grammeno,Χανιά,crete-crete-chania,no,
600,Ilingas,Ilingas,Χανιά,crete-crete-chania,no,
601,Kalami,Kalami,Χανιά,crete-crete-chania,no,
602,Kalathas,Kalathas,Χανιά,crete-crete-chania,no,
603,Kalyves,Kalyves,Χανιά,crete-crete-chania,no,
605,Kera,Kera,Χανιά,crete-crete-chania,no,
606,Limnionari,Limnionari,Χανιά,crete-crete-chania,no,
607,Platanakia,Platanakia,Χανιά,crete-crete-chania,no,
608,Stomio beach,Stomio beach,Χανιά,crete-crete-chania,no,
609,Tavronitis,Tavronitis,Χανιά,crete-crete-chania,no,
610,Timios Stavros beach,Timios Stavros beach,Χανιά,crete-crete-chania,no,
1254,Αγία Δύναμη,Agia Dynami,Χίος,north-aegean-chios,no,
1255,Αγία Ειρήνη,Agia Irini,Χίος,north-aegean-chios,no,
1256,Αγία Φωτεινή,Agia Fotini,Χίος,north-aegean-chios,no,
1257,Αποθήκα,Apothika,Χίος,north-aegean-chios,no,
1267,Αυλωνιά Πυργίου,Avlonia Pyrgiou,Χίος,north-aegean-chios,no,
1253,Βίγλα,Vigla,Χίος,north-aegean-chios,no,
1258,Γυαλί,Gyali,Χίος,north-aegean-chios,no,
1259,Ελίντα,Elinta,Χίος,north-aegean-chios,no,
1260,Καρφάς,Karfas,Χίος,north-aegean-chios,no,
1261,Κώμη,Komi,Χίος,north-aegean-chios,no,
1262,Μακριά Άμμος,Makria Ammos,Χίος,north-aegean-chios,no,
1250,Μάναγρος,Managros,Χίος,north-aegean-chios,no,
1263,Μαύρα Βόλια,Mavra Volia,Χίος,north-aegean-chios,no,
1251,Μέγας Λιμνιώνας,Megas Limnionas,Χίος,north-aegean-chios,no,
1264,Ναγός,Nagos,Χίος,north-aegean-chios,no,
1265,Παραλία Άγιος Ισίδωρος,Paralia Agios Isidoros,Χίος,north-aegean-chios,no,
1245,Παραλία Αμάδων,Paralia Amadon,Χίος,north-aegean-chios,no,
1266,Παραλία Αυλωνία,Paralia Avlonia,Χίος,north-aegean-chios,no,
1268,Παραλία Βρουλίδια,Paralia Vroulidia,Χίος,north-aegean-chios,no,
1269,Παραλία Κάμπια,Paralia Kampia,Χίος,north-aegean-chios,no,
1271,Παραλία Καρύντα,Paralia Karynta,Χίος,north-aegean-chios,no,
1270,Παραλία Κάτω Φανά,Paralia Kato Fana,Χίος,north-aegean-chios,no,
1272,Παραλία Λιθί,Paralia Lithi,Χίος,north-aegean-chios,no,
1273,Παραλία Μυρσινίδι,Paralia Myrsinidi,Χίος,north-aegean-chios,no,
1247,Παραλία Πυργιά (βόρειος όρμος),Paralia Pyrgia (vorios ormos),Χίος,north-aegean-chios,no,
1246,Παραλία Πυργιά (νότιος όρμος),Paralia Pyrgia (notios ormos),Χίος,north-aegean-chios,no,
1252,Παραλία Τραχύλι,Paralia Trachyli,Χίος,north-aegean-chios,no,
1274,Παραλία των Γλάρων,Paralia ton Glaron,Χίος,north-aegean-chios,no,
1275,Ποταμοί,Potami,Χίος,north-aegean-chios,no,
1276,Σαλάγωνα,Salagona,Χίος,north-aegean-chios,no,
1277,Τηγάνι,Tigani,Χίος,north-aegean-chios,no,
1278,Τραχήλι,Trachili,Χίος,north-aegean-chios,no,
3038,Χίος Δασκαλόπετρα,Chios Daskalopetra,Χίος,north-aegean-chios,no,
1248,Bella Vista,Bella Vista,Χίος,north-aegean-chios,no,
1249,Lilikas,Lilikas,Χίος,north-aegean-chios,no,
1279,Αρχοντίκι,Archontiki,Ψαρά,north-aegean-psara,no,
1280,Κατσούνι,Katsouni,Ψαρά,north-aegean-psara,no,
1283,Λαζαρέτα,Lazareta,Ψαρά,north-aegean-psara,no,
1281,Λάκκα,Lakka,Ψαρά,north-aegean-psara,no,
1282,Λήμνος,Limnos,Ψαρά,north-aegean-psara,no,
1284,Ψιλή,Psili,Ψαρά,north-aegean-psara,no,
2491,Βαθύ,Vathy,Ψέριμος,south-aegean-pserimos,yes,global
2490,Παραλία Αυλάκια,Paralia Avlakia,Ψέριμος,south-aegean-pserimos,no,
2492,Παραλία Μαραθούντα,Paralia Marathounta,Ψέριμος,south-aegean-pserimos,no,