beachId,nameGr,nameEn,regionId,region,group,status,checkedAt,reason,candidateCount,acceptedImageUrl,sourcePageUrl
3025,Άλιμος Λουτρά,Alimos Loutra,attica-athens-area-mainland,Athens area,attica,rejected,2026-06-28T13:41:44.150Z,"Rejected after automated source screening and visual QA: candidates were wrong place, landmark/settlement/port/road/people imagery, generic coastal views, or not beach-specific enough for safe use.",8,,
25,Παραλία Αγριλέζας,Paralia Agrilezas,attica-east-attica-mainland,East Attica,attica,no_candidates,2026-06-28T13:41:44.150Z,Discovery completed for this region; no license-safe Commons/Openverse candidate was returned for this beach.,0,,
26,Παραλία Ακρωτηρίου,Paralia Akrotiriou,attica-east-attica-mainland,East Attica,attica,no_candidates,2026-06-28T13:41:44.150Z,Discovery completed for this region; no license-safe Commons/Openverse candidate was returned for this beach.,0,,
27,Παραλία Αγίας Παρασκευής,Paralia Agias Paraskevis,attica-east-attica-mainland,East Attica,attica,no_candidates,2026-06-28T13:41:44.150Z,Discovery completed for this region; no license-safe Commons/Openverse candidate was returned for this beach.,0,,
28,Παραλία Αγίου Κωνσταντίνου,Paralia Agiou Konstantinou,attica-east-attica-mainland,East Attica,attica,no_candidates,2026-06-28T13:41:44.150Z,Discovery completed for this region; no license-safe Commons/Openverse candidate was returned for this beach.,0,,
29,Παραλία Αγκώνα,Paralia Agkona,attica-east-attica-mainland,East Attica,attica,no_candidates,2026-06-28T13:41:44.150Z,Discovery completed for this region; no license-safe Commons/Openverse candidate was returned for this beach.,0,,
30,Μικρό Σέσι,Mikro Sesi,attica-east-attica-mainland,East Attica,attica,no_candidates,2026-06-28T13:41:44.150Z,Discovery completed for this region; no license-safe Commons/Openverse candidate was returned for this beach.,0,,
35,Όρμος Ληδάκι,Ormos Lidaki,attica-east-attica-mainland,East Attica,attica,rejected,2026-06-28T13:41:44.150Z,"Rejected after automated source screening and visual QA: candidates were wrong place, landmark/settlement/port/road/people imagery, generic coastal views, or not beach-specific enough for safe use.",8,,
36,Πλαζ Ραφήνας,Plaz Rafinas,attica-east-attica-mainland,East Attica,attica,rejected,2026-06-28T13:41:44.150Z,"Rejected after automated source screening and visual QA: candidates were wrong place, landmark/settlement/port/road/people imagery, generic coastal views, or not beach-specific enough for safe use.",5,,
42,Παραλία Αράχνες,Paralia Arachnes,attica-east-attica-mainland,East Attica,attica,no_candidates,2026-06-28T13:41:44.150Z,Discovery completed for this region; no license-safe Commons/Openverse candidate was returned for this beach.,0,,
43,Ερωτοσπηλιά,Erotospilia,attica-east-attica-mainland,East Attica,attica,no_candidates,2026-06-28T13:41:44.150Z,Discovery completed for this region; no license-safe Commons/Openverse candidate was returned for this beach.,0,,
45,Νησίδα Κεκροπούλα,Nisida Kekropoula,attica-east-attica-mainland,East Attica,attica,rejected,2026-06-28T13:41:44.150Z,"Rejected after automated source screening and visual QA: candidates were wrong place, landmark/settlement/port/road/people imagery, generic coastal views, or not beach-specific enough for safe use.",2,,
46,Αυλάκι,Avlaki,attica-east-attica-mainland,East Attica,attica,no_candidates,2026-06-28T13:41:44.150Z,Discovery completed for this region; no license-safe Commons/Openverse candidate was returned for this beach.,0,,
47,Πανόραμα,Panorama,attica-east-attica-mainland,East Attica,attica,rejected,2026-06-28T13:41:44.150Z,"Rejected after automated source screening and visual QA: candidates were wrong place, landmark/settlement/port/road/people imagery, generic coastal views, or not beach-specific enough for safe use.",6,,
48,Κακιά Θάλασσα,Kakia Thalassa,attica-east-attica-mainland,East Attica,attica,accepted,2026-06-28T13:18:28.246Z,"Exact Commons title identifies Kakia Thalassa at Keratea; visual QA shows the beach/cove, not a generic nearby landmark.",1,https://commons.wikimedia.org/w/index.php?title=Special:Redirect/file/Kakia%20Thalassa%20Keratea.jpg&width=800,https://commons.wikimedia.org/wiki/File%3AKakia%20Thalassa%20Keratea.jpg
49,Παραλία Κοκολόκο,Paralia Kokoloko,attica-east-attica-mainland,East Attica,attica,no_candidates,2026-06-28T13:41:44.150Z,Discovery completed for this region; no license-safe Commons/Openverse candidate was returned for this beach.,0,,
51,Ηλιόπουλος,Iliopoulos,attica-east-attica-mainland,East Attica,attica,rejected,2026-06-28T13:41:44.150Z,"Rejected after automated source screening and visual QA: candidates were wrong place, landmark/settlement/port/road/people imagery, generic coastal views, or not beach-specific enough for safe use.",1,,
53,Παραλία Σκάλες Αλθέας,Paralia Skales Altheas,attica-east-attica-mainland,East Attica,attica,rejected,2026-06-28T13:41:44.150Z,"Rejected after automated source screening and visual QA: candidates were wrong place, landmark/settlement/port/road/people imagery, generic coastal views, or not beach-specific enough for safe use.",1,,
54,Γαλάζια Ακτή,Galazia Akti,attica-east-attica-mainland,East Attica,attica,no_candidates,2026-06-28T13:41:44.150Z,Discovery completed for this region; no license-safe Commons/Openverse candidate was returned for this beach.,0,,
55,Αρμυρίκια,Armyrikia,attica-east-attica-mainland,East Attica,attica,rejected,2026-06-28T13:41:44.150Z,"Rejected after automated source screening and visual QA: candidates were wrong place, landmark/settlement/port/road/people imagery, generic coastal views, or not beach-specific enough for safe use.",1,,
56,Πόρτο Εννέα,Porto Ennea,attica-east-attica-mainland,East Attica,attica,no_candidates,2026-06-28T13:41:44.150Z,Discovery completed for this region; no license-safe Commons/Openverse candidate was returned for this beach.,0,,
60,Ευκάλυπτα,Evkalypta,attica-east-attica-mainland,East Attica,attica,rejected,2026-06-28T13:41:44.150Z,"Rejected after automated source screening and visual QA: candidates were wrong place, landmark/settlement/port/road/people imagery, generic coastal views, or not beach-specific enough for safe use.",1,,
62,Κεντρική παραλία Σαρωνίδας,Kentriki paralia Saronidas,attica-east-attica-mainland,East Attica,attica,rejected,2026-06-28T13:41:44.150Z,"Rejected after automated source screening and visual QA: candidates were wrong place, landmark/settlement/port/road/people imagery, generic coastal views, or not beach-specific enough for safe use.",1,,
63,Δεύτερη Παραλία Σαρωνίδας,Devteri Paralia Saronidas,attica-east-attica-mainland,East Attica,attica,rejected,2026-06-28T13:41:44.150Z,"Rejected after automated source screening and visual QA: candidates were wrong place, landmark/settlement/port/road/people imagery, generic coastal views, or not beach-specific enough for safe use.",1,,
64,Παραλία Μαύρο Λιθάρι,Paralia Mavro Lithari,attica-east-attica-mainland,East Attica,attica,no_candidates,2026-06-28T13:41:44.150Z,Discovery completed for this region; no license-safe Commons/Openverse candidate was returned for this beach.,0,,
65,Μαύρο Λιθάρι / Eden Beach,Mavro Lithari / Eden Beach,attica-east-attica-mainland,East Attica,attica,no_candidates,2026-06-28T13:41:44.150Z,Discovery completed for this region; no license-safe Commons/Openverse candidate was returned for this beach.,0,,
67,Όρμος Αγίου Νικολάου,Ormos Agiou Nikolaou,attica-east-attica-mainland,East Attica,attica,no_candidates,2026-06-28T13:41:44.150Z,Discovery completed for this region; no license-safe Commons/Openverse candidate was returned for this beach.,0,,
69,Παραλία Αγίου Νικολάου,Paralia Agiou Nikolaou,attica-east-attica-mainland,East Attica,attica,rejected,2026-06-28T13:41:44.150Z,"Rejected after automated source screening and visual QA: candidates were wrong place, landmark/settlement/port/road/people imagery, generic coastal views, or not beach-specific enough for safe use.",1,,
71,Πούντα Ζέζα,Pounta Zeza,attica-east-attica-mainland,East Attica,attica,rejected,2026-06-28T13:41:44.150Z,"Rejected after automated source screening and visual QA: candidates were wrong place, landmark/settlement/port/road/people imagery, generic coastal views, or not beach-specific enough for safe use.",2,,
72,Πασά,Pasa,attica-east-attica-mainland,East Attica,attica,rejected,2026-06-28T13:41:44.150Z,"Rejected after automated source screening and visual QA: candidates were wrong place, landmark/settlement/port/road/people imagery, generic coastal views, or not beach-specific enough for safe use.",2,,
73,Τσίου,Tsiou,attica-east-attica-mainland,East Attica,attica,rejected,2026-06-28T13:41:44.150Z,"Rejected after automated source screening and visual QA: candidates were wrong place, landmark/settlement/port/road/people imagery, generic coastal views, or not beach-specific enough for safe use.",2,,
75,Χάρακας,Charakas,attica-east-attica-mainland,East Attica,attica,rejected,2026-06-28T13:41:44.150Z,"Rejected after automated source screening and visual QA: candidates were wrong place, landmark/settlement/port/road/people imagery, generic coastal views, or not beach-specific enough for safe use.",2,,
76,Παραλία Λεγραινών,Paralia Legrainon,attica-east-attica-mainland,East Attica,attica,no_candidates,2026-06-28T13:41:44.150Z,Discovery completed for this region; no license-safe Commons/Openverse candidate was returned for this beach.,0,,
77,Παραλία ΚΑΠΕ,Paralia KAPE,attica-east-attica-mainland,East Attica,attica,no_candidates,2026-06-28T13:41:44.150Z,Discovery completed for this region; no license-safe Commons/Openverse candidate was returned for this beach.,0,,
3029,Ωρωπός Χαλκούτσι,Oropos Chalkoutsi,attica-east-attica-mainland,East Attica,attica,no_candidates,2026-06-28T13:41:44.150Z,Discovery completed for this region; no license-safe Commons/Openverse candidate was returned for this beach.,0,,
82,Αιγινήτισσα,Aiginitissa,attica-aegina,Aegina,argosaronic,no_candidates,2026-06-28T13:41:44.150Z,Discovery completed for this region; no license-safe Commons/Openverse candidate was returned for this beach.,0,,
85,Κλειδί,Klidi,attica-aegina,Aegina,argosaronic,no_candidates,2026-06-28T13:41:44.150Z,Discovery completed for this region; no license-safe Commons/Openverse candidate was returned for this beach.,0,,
86,Λουτρά,Loutra,attica-aegina,Aegina,argosaronic,no_candidates,2026-06-28T13:41:44.150Z,Discovery completed for this region; no license-safe Commons/Openverse candidate was returned for this beach.,0,,
88,Παραλία Καμάρες,Paralia Kamares,attica-aegina,Aegina,argosaronic,rejected,2026-06-28T13:41:44.150Z,"Rejected after automated source screening and visual QA: candidates were wrong place, landmark/settlement/port/road/people imagery, generic coastal views, or not beach-specific enough for safe use.",8,,
90,Παραλία Μαραθώνα Α,Paralia Marathona A,attica-aegina,Aegina,argosaronic,no_candidates,2026-06-28T13:41:44.150Z,Discovery completed for this region; no license-safe Commons/Openverse candidate was returned for this beach.,0,,
91,Παραλία Μαραθώνα Β,Paralia Marathona V,attica-aegina,Aegina,argosaronic,no_candidates,2026-06-28T13:41:44.150Z,Discovery completed for this region; no license-safe Commons/Openverse candidate was returned for this beach.,0,,
92,Παραλία Σαρπά,Paralia Sarpa,attica-aegina,Aegina,argosaronic,no_candidates,2026-06-28T13:41:44.150Z,Discovery completed for this region; no license-safe Commons/Openverse candidate was returned for this beach.,0,,
93,Τούρλος,Tourlos,attica-aegina,Aegina,argosaronic,no_candidates,2026-06-28T13:41:44.150Z,Discovery completed for this region; no license-safe Commons/Openverse candidate was returned for this beach.,0,,
3022,Αίγινα Μαραθώνας,Aigina Marathonas,attica-aegina,Aegina,argosaronic,no_candidates,2026-06-28T13:41:44.150Z,Discovery completed for this region; no license-safe Commons/Openverse candidate was returned for this beach.,0,,
97,Ξεκοφτή,Xekofti,attica-agistri,Agistri,argosaronic,rejected,2026-06-28T13:41:44.150Z,"Rejected after automated source screening and visual QA: candidates were wrong place, landmark/settlement/port/road/people imagery, generic coastal views, or not beach-specific enough for safe use.",1,,
98,Παραλία Μεγαλοχωρίου,Paralia Megalochoriou,attica-agistri,Agistri,argosaronic,rejected,2026-06-28T13:41:44.150Z,"Rejected after automated source screening and visual QA: candidates were wrong place, landmark/settlement/port/road/people imagery, generic coastal views, or not beach-specific enough for safe use.",3,,
101,Άγιος Νικόλαος,Agios Nikolaos,attica-hydra,Hydra,argosaronic,rejected,2026-06-28T13:41:44.150Z,"Rejected after automated source screening and visual QA: candidates were wrong place, landmark/settlement/port/road/people imagery, generic coastal views, or not beach-specific enough for safe use.",7,,
102,Αυλάκι,Avlaki,attica-hydra,Hydra,argosaronic,rejected,2026-06-28T13:41:44.150Z,"Rejected after automated source screening and visual QA: candidates were wrong place, landmark/settlement/port/road/people imagery, generic coastal views, or not beach-specific enough for safe use.",8,,
104,Καουμίθι,Kaoumithi,attica-hydra,Hydra,argosaronic,no_candidates,2026-06-28T13:41:44.150Z,Discovery completed for this region; no license-safe Commons/Openverse candidate was returned for this beach.,0,,
111,Καλάμι,Kalami,attica-kythira,Kythira,ionian,accepted,2026-06-28T13:36:21.853Z,Exact Commons title identifies Kalami beach in Kythira; visual QA shows the beach cove.,1,https://commons.wikimedia.org/w/index.php?title=Special:Redirect/file/Kalami%20beach%20in%20Kythira.jpg&width=800,https://commons.wikimedia.org/wiki/File%3AKalami%20beach%20in%20Kythira.jpg
112,Αμμούτσι,Ammoutsi,attica-kythira,Kythira,ionian,no_candidates,2026-06-28T13:41:44.150Z,Discovery completed for this region; no license-safe Commons/Openverse candidate was returned for this beach.,0,,
113,Καλόγεροι,Kalogeri,attica-kythira,Kythira,ionian,no_candidates,2026-06-28T13:41:44.150Z,Discovery completed for this region; no license-safe Commons/Openverse candidate was returned for this beach.,0,,
114,Παραλία Καρπάθι,Paralia Karpathi,attica-kythira,Kythira,ionian,no_candidates,2026-06-28T13:41:44.150Z,Discovery completed for this region; no license-safe Commons/Openverse candidate was returned for this beach.,0,,
116,Ῥουτσούνας,Routsounas,attica-kythira,Kythira,ionian,no_candidates,2026-06-28T13:41:44.150Z,Discovery completed for this region; no license-safe Commons/Openverse candidate was returned for this beach.,0,,
118,Παραλία Φούρνοι,Paralia Fourni,attica-kythira,Kythira,ionian,rejected,2026-06-28T13:41:44.150Z,"Rejected after automated source screening and visual QA: candidates were wrong place, landmark/settlement/port/road/people imagery, generic coastal views, or not beach-specific enough for safe use.",1,,
119,Αγία Πατρικία,Agia Patrikia,attica-kythira,Kythira,ionian,no_candidates,2026-06-28T13:41:44.150Z,Discovery completed for this region; no license-safe Commons/Openverse candidate was returned for this beach.,0,,
127,Παραλία Δίπορος,Paralia Diporos,attica-kythira,Kythira,ionian,no_candidates,2026-06-28T13:41:44.150Z,Discovery completed for this region; no license-safe Commons/Openverse candidate was returned for this beach.,0,,
128,Πετρίτης,Petritis,attica-kythira,Kythira,ionian,no_candidates,2026-06-28T13:41:44.150Z,Discovery completed for this region; no license-safe Commons/Openverse candidate was returned for this beach.,0,,
133,Λιμνιώνας,Limnionas,attica-kythira,Kythira,ionian,rejected,2026-06-28T13:41:44.150Z,"Rejected after automated source screening and visual QA: candidates were wrong place, landmark/settlement/port/road/people imagery, generic coastal views, or not beach-specific enough for safe use.",5,,
141,Κακόπετρα,Kakopetra,attica-kythira,Kythira,ionian,no_candidates,2026-06-28T13:41:44.150Z,Discovery completed for this region; no license-safe Commons/Openverse candidate was returned for this beach.,0,,
142,Φελωτή,Feloti,attica-kythira,Kythira,ionian,no_candidates,2026-06-28T13:41:44.150Z,Discovery completed for this region; no license-safe Commons/Openverse candidate was returned for this beach.,0,,
143,Λεφτό,Lefto,attica-kythira,Kythira,ionian,no_candidates,2026-06-28T13:41:44.150Z,Discovery completed for this region; no license-safe Commons/Openverse candidate was returned for this beach.,0,,
144,Καψάλι,Kapsali,attica-kythira,Kythira,ionian,rejected,2026-06-28T13:41:44.150Z,"Rejected after source/visual QA: Kapsali titles were exact, but the local montage did not provide a confirmable beach-specific tile under the strict no-unclear-photo rule.",8,,
145,Παραλία Σπαραγγάριο,Paralia Sparangario,attica-kythira,Kythira,ionian,rejected,2026-06-28T13:41:44.150Z,"Rejected after automated source screening and visual QA: candidates were wrong place, landmark/settlement/port/road/people imagery, generic coastal views, or not beach-specific enough for safe use.",1,,
148,Στενό Αυλάκι,Steno Avlaki,attica-kythira,Kythira,ionian,no_candidates,2026-06-28T13:41:44.150Z,Discovery completed for this region; no license-safe Commons/Openverse candidate was returned for this beach.,0,,
149,Παραλία Χαλκός,Paralia Chalkos,attica-kythira,Kythira,ionian,no_candidates,2026-06-28T13:41:44.150Z,Discovery completed for this region; no license-safe Commons/Openverse candidate was returned for this beach.,0,,
150,Βρουλέα,Vroulea,attica-kythira,Kythira,ionian,no_candidates,2026-06-28T13:41:44.150Z,Discovery completed for this region; no license-safe Commons/Openverse candidate was returned for this beach.,0,,
153,Άγιος Στέφανος,Agios Stefanos,attica-poros,Poros,argosaronic,no_candidates,2026-06-28T13:41:44.150Z,Discovery completed for this region; no license-safe Commons/Openverse candidate was returned for this beach.,0,,
157,Κανάλι,Kanali,attica-poros,Poros,argosaronic,no_candidates,2026-06-28T13:41:44.150Z,Discovery completed for this region; no license-safe Commons/Openverse candidate was returned for this beach.,0,,
159,Μικρό Νεώριο,Mikro Neorio,attica-poros,Poros,argosaronic,no_candidates,2026-06-28T13:41:44.150Z,Discovery completed for this region; no license-safe Commons/Openverse candidate was returned for this beach.,0,,
160,Μοναστήρι,Monastiri,attica-poros,Poros,argosaronic,rejected,2026-06-28T13:41:44.150Z,"Rejected after automated source screening and visual QA: candidates were wrong place, landmark/settlement/port/road/people imagery, generic coastal views, or not beach-specific enough for safe use.",3,,
161,Παραλία Ρώσικος Ναύσταθμος,Paralia Rosikos Navstathmos,attica-poros,Poros,argosaronic,no_candidates,2026-06-28T13:41:44.150Z,Discovery completed for this region; no license-safe Commons/Openverse candidate was returned for this beach.,0,,
163,Μικρό Λαμπρανό,Mikro Lamprano,attica-salamina,Salamina,argosaronic,no_candidates,2026-06-28T13:41:44.150Z,Discovery completed for this region; no license-safe Commons/Openverse candidate was returned for this beach.,0,,
3055,Δημήτρανι,Dimitrani,attica-salamina,Salamina,argosaronic,accepted,2026-06-28T13:25:28.670Z,Exact Commons title identifies Dimitrani; visual QA shows the beach/shoreline at the Dimitrani settlement.,1,https://commons.wikimedia.org/w/index.php?title=Special:Redirect/file/Dimitrani.jpg&width=800,https://commons.wikimedia.org/wiki/File%3ADimitrani.jpg
3056,Κακή Βίγλα,Kaki Vigla,attica-salamina,Salamina,argosaronic,accepted,2026-06-28T13:25:28.670Z,"Commons file description identifies another view of Kaki Vigla Beach, Salamina; visual QA shows the Kaki Vigla shoreline.",1,https://commons.wikimedia.org/w/index.php?title=Special:Redirect/file/Kaki%20vigla%2002.JPG&width=800,https://commons.wikimedia.org/wiki/File%3AKaki%20vigla%2002.JPG
3057,Κύριζα,Kyriza,attica-salamina,Salamina,argosaronic,no_candidates,2026-06-28T13:41:44.150Z,Discovery completed for this region; no license-safe Commons/Openverse candidate was returned for this beach.,0,,
3058,Ντουλάπι,Doulapi,attica-salamina,Salamina,argosaronic,rejected,2026-06-28T13:41:44.150Z,"Rejected after automated source screening and visual QA: candidates were wrong place, landmark/settlement/port/road/people imagery, generic coastal views, or not beach-specific enough for safe use.",1,,
3059,Πέρανι,Perani,attica-salamina,Salamina,argosaronic,accepted,2026-06-28T13:25:28.670Z,"Exact Commons title identifies Perani, Salamis; Commons category context lists it under beaches of Salamina and visual QA shows the beach.",1,https://commons.wikimedia.org/w/index.php?title=Special:Redirect/file/Perani%2C%20Salamis.jpg&width=800,https://commons.wikimedia.org/wiki/File%3APerani%2C%20Salamis.jpg
3060,Πόρτο Φίνο,Porto Fino,attica-salamina,Salamina,argosaronic,rejected,2026-06-28T13:41:44.150Z,"Rejected after automated source screening and visual QA: candidates were wrong place, landmark/settlement/port/road/people imagery, generic coastal views, or not beach-specific enough for safe use.",6,,
166,Αγία Μαρίνα,Agia Marina,attica-spetses,Spetses,argosaronic,rejected,2026-06-28T13:41:44.150Z,"Rejected after automated source screening and visual QA: candidates were wrong place, landmark/settlement/port/road/people imagery, generic coastal views, or not beach-specific enough for safe use.",7,,
170,Βρέλλος,Vrellos,attica-spetses,Spetses,argosaronic,no_candidates,2026-06-28T13:41:44.150Z,Discovery completed for this region; no license-safe Commons/Openverse candidate was returned for this beach.,0,,
171,Καΐκι,Kaiki,attica-spetses,Spetses,argosaronic,rejected,2026-06-28T13:41:44.150Z,"Rejected after automated source screening and visual QA: candidates were wrong place, landmark/settlement/port/road/people imagery, generic coastal views, or not beach-specific enough for safe use.",2,,
172,Καμάρες,Kamares,attica-spetses,Spetses,argosaronic,rejected,2026-06-28T13:41:44.150Z,"Rejected after automated source screening and visual QA: candidates were wrong place, landmark/settlement/port/road/people imagery, generic coastal views, or not beach-specific enough for safe use.",6,,
173,Κουζουνός,Kouzounos,attica-spetses,Spetses,argosaronic,no_candidates,2026-06-28T13:41:44.150Z,Discovery completed for this region; no license-safe Commons/Openverse candidate was returned for this beach.,0,,
178,Ακτή Αγάπης,Akti Agapis,attica-methana,Methana,argosaronic,no_candidates,2026-06-28T13:41:44.150Z,Discovery completed for this region; no license-safe Commons/Openverse candidate was returned for this beach.,0,,
180,Βοτσαλάκια,Votsalakia,attica-methana,Methana,argosaronic,rejected,2026-06-28T13:41:44.150Z,"Rejected after automated source screening and visual QA: candidates were wrong place, landmark/settlement/port/road/people imagery, generic coastal views, or not beach-specific enough for safe use.",8,,
181,Νήσιζα,Nisiza,attica-methana,Methana,argosaronic,no_candidates,2026-06-28T13:41:44.150Z,Discovery completed for this region; no license-safe Commons/Openverse candidate was returned for this beach.,0,,
183,Κράκαρης,Krakaris,attica-piraeus-area,Piraeus area,attica,rejected,2026-06-28T13:41:44.150Z,"Rejected after automated source screening and visual QA: candidates were wrong place, landmark/settlement/port/road/people imagery, generic coastal views, or not beach-specific enough for safe use.",8,,
185,Πλαζ Καλαμπάκα,Plaz Kalampaka,attica-piraeus-area,Piraeus area,attica,rejected,2026-06-28T13:41:44.150Z,"Rejected after automated source screening and visual QA: candidates were wrong place, landmark/settlement/port/road/people imagery, generic coastal views, or not beach-specific enough for safe use.",8,,
187,Ακρογιάλι,Akrogiali,attica-west-attica-mainland,West Attica,attica,no_candidates,2026-06-28T13:41:44.150Z,Discovery completed for this region; no license-safe Commons/Openverse candidate was returned for this beach.,0,,
191,Προσήλι,Prosili,attica-west-attica-mainland,West Attica,attica,no_candidates,2026-06-28T13:41:44.150Z,Discovery completed for this region; no license-safe Commons/Openverse candidate was returned for this beach.,0,,
193,Αγία Ειρήνη Καρύστου,Agia Irini Karystou,central-greece-evia,Evia,euboea,no_candidates,2026-06-28T13:41:44.150Z,Discovery completed for this region; no license-safe Commons/Openverse candidate was returned for this beach.,0,,
194,Αγία Ειρήνη Μαρμαρίου,Agia Irini Marmariou,central-greece-evia,Evia,euboea,no_candidates,2026-06-28T13:41:44.150Z,Discovery completed for this region; no license-safe Commons/Openverse candidate was returned for this beach.,0,,
198,Άγιος Βασίλειος,Agios Vasilios,central-greece-evia,Evia,euboea,no_candidates,2026-06-28T13:41:44.150Z,Discovery completed for this region; no license-safe Commons/Openverse candidate was returned for this beach.,0,,
199,Άγιος Δημήτριος,Agios Dimitrios,central-greece-evia,Evia,euboea,no_candidates,2026-06-28T13:41:44.150Z,Discovery completed for this region; no license-safe Commons/Openverse candidate was returned for this beach.,0,,
203,Ακρωτήρι,Akrotiri,central-greece-evia,Evia,euboea,no_candidates,2026-06-28T13:41:44.150Z,Discovery completed for this region; no license-safe Commons/Openverse candidate was returned for this beach.,0,,
205,Αλυκές,Alykes,central-greece-evia,Evia,euboea,no_candidates,2026-06-28T13:41:44.150Z,Discovery completed for this region; no license-safe Commons/Openverse candidate was returned for this beach.,0,,
208,Αρχάμπολη,Archampoli,central-greece-evia,Evia,euboea,no_candidates,2026-06-28T13:41:44.150Z,Discovery completed for this region; no license-safe Commons/Openverse candidate was returned for this beach.,0,,
209,Ατάλαντος,Atalantos,central-greece-evia,Evia,euboea,no_candidates,2026-06-28T13:41:44.150Z,Discovery completed for this region; no license-safe Commons/Openverse candidate was returned for this beach.,0,,
210,Βαθυχάντακο,Vathychantako,central-greece-evia,Evia,euboea,no_candidates,2026-06-28T13:41:44.150Z,Discovery completed for this region; no license-safe Commons/Openverse candidate was returned for this beach.,0,,
212,Βαρελλαίων,Varellaion,central-greece-evia,Evia,euboea,no_candidates,2026-06-28T13:41:44.150Z,Discovery completed for this region; no license-safe Commons/Openverse candidate was returned for this beach.,0,,
213,Βύθουρη,Vythouri,central-greece-evia,Evia,euboea,no_candidates,2026-06-28T13:41:44.150Z,Discovery completed for this region; no license-safe Commons/Openverse candidate was returned for this beach.,0,,
214,Γάιδαρος,Gaidaros,central-greece-evia,Evia,euboea,rejected,2026-06-28T13:41:44.150Z,"Rejected after automated source screening and visual QA: candidates were wrong place, landmark/settlement/port/road/people imagery, generic coastal views, or not beach-specific enough for safe use.",6,,
215,Γαλατάκι,Galataki,central-greece-evia,Evia,euboea,no_candidates,2026-06-28T13:41:44.150Z,Discovery completed for this region; no license-safe Commons/Openverse candidate was returned for this beach.,0,,
216,Γαλλίδα,Gallida,central-greece-evia,Evia,euboea,no_candidates,2026-06-28T13:41:44.150Z,Discovery completed for this region; no license-safe Commons/Openverse candidate was returned for this beach.,0,,
224,Κάβος,Kavos,central-greece-evia,Evia,euboea,no_candidates,2026-06-28T13:41:44.150Z,Discovery completed for this region; no license-safe Commons/Openverse candidate was returned for this beach.,0,,
226,Κακολίμανο,Kakolimano,central-greece-evia,Evia,euboea,no_candidates,2026-06-28T13:41:44.150Z,Discovery completed for this region; no license-safe Commons/Openverse candidate was returned for this beach.,0,,
228,Καλαμίτσι,Kalamitsi,central-greece-evia,Evia,euboea,no_candidates,2026-06-28T13:41:44.150Z,Discovery completed for this region; no license-safe Commons/Openverse candidate was returned for this beach.,0,,
231,Κατσούλι,Katsouli,central-greece-evia,Evia,euboea,no_candidates,2026-06-28T13:41:44.150Z,Discovery completed for this region; no license-safe Commons/Openverse candidate was returned for this beach.,0,,
232,Κεφάλα,Kefala,central-greece-evia,Evia,euboea,no_candidates,2026-06-28T13:41:44.150Z,Discovery completed for this region; no license-safe Commons/Openverse candidate was returned for this beach.,0,,
234,Κοκκινιάς,Kokkinias,central-greece-evia,Evia,euboea,no_candidates,2026-06-28T13:41:44.150Z,Discovery completed for this region; no license-safe Commons/Openverse candidate was returned for this beach.,0,,
239,Λάκα Σαραβάνου,Laka Saravanou,central-greece-evia,Evia,euboea,no_candidates,2026-06-28T13:41:44.150Z,Discovery completed for this region; no license-safe Commons/Openverse candidate was returned for this beach.,0,,
240,Λευκή Ακτή,Levki Akti,central-greece-evia,Evia,euboea,no_candidates,2026-06-28T13:41:44.150Z,Discovery completed for this region; no license-safe Commons/Openverse candidate was returned for this beach.,0,,
241,Λημνιώνας Μαρμαρίου,Limnionas Marmariou,central-greece-evia,Evia,euboea,no_candidates,2026-06-28T13:41:44.150Z,Discovery completed for this region; no license-safe Commons/Openverse candidate was returned for this beach.,0,,
242,Λιανή Άμμος Χαλκίδας,Liani Ammos Chalkidas,central-greece-evia,Evia,euboea,no_candidates,2026-06-28T13:41:44.150Z,Discovery completed for this region; no license-safe Commons/Openverse candidate was returned for this beach.,0,,
243,Λιανή Άμμος Πετριών,Liani Ammos Petrion,central-greece-evia,Evia,euboea,no_candidates,2026-06-28T13:41:44.150Z,Discovery completed for this region; no license-safe Commons/Openverse candidate was returned for this beach.,0,,
248,Λιμνιωνάκι,Limnionaki,central-greece-evia,Evia,euboea,no_candidates,2026-06-28T13:41:44.150Z,Discovery completed for this region; no license-safe Commons/Openverse candidate was returned for this beach.,0,,
249,Λιμνιώνας Ψαχνών,Limnionas Psachnon,central-greece-evia,Evia,euboea,rejected,2026-06-28T13:41:44.150Z,"Rejected after automated source screening and visual QA: candidates were wrong place, landmark/settlement/port/road/people imagery, generic coastal views, or not beach-specific enough for safe use.",2,,
250,Λινάρι,Linari,central-greece-evia,Evia,euboea,no_candidates,2026-06-28T13:41:44.150Z,Discovery completed for this region; no license-safe Commons/Openverse candidate was returned for this beach.,0,,
251,Λουτράκι Μπούρου,Loutraki Bourou,central-greece-evia,Evia,euboea,no_candidates,2026-06-28T13:41:44.150Z,Discovery completed for this region; no license-safe Commons/Openverse candidate was returned for this beach.,0,,
252,Μάγειρας,Magiras,central-greece-evia,Evia,euboea,no_candidates,2026-06-28T13:41:44.150Z,Discovery completed for this region; no license-safe Commons/Openverse candidate was returned for this beach.,0,,
253,Μακρύς Γιαλός,Makrys Gialos,central-greece-evia,Evia,euboea,no_candidates,2026-06-28T13:41:44.150Z,Discovery completed for this region; no license-safe Commons/Openverse candidate was returned for this beach.,0,,
257,Μικρή Κεφάλα,Mikri Kefala,central-greece-evia,Evia,euboea,no_candidates,2026-06-28T13:41:44.150Z,Discovery completed for this region; no license-safe Commons/Openverse candidate was returned for this beach.,0,,
258,Μνήματα,Mnimata,central-greece-evia,Evia,euboea,no_candidates,2026-06-28T13:41:44.150Z,Discovery completed for this region; no license-safe Commons/Openverse candidate was returned for this beach.,0,,
259,Μπουρνόντας,Bournontas,central-greece-evia,Evia,euboea,no_candidates,2026-06-28T13:41:44.150Z,Discovery completed for this region; no license-safe Commons/Openverse candidate was returned for this beach.,0,,
261,Νησιώτισσα,Nisiotissa,central-greece-evia,Evia,euboea,no_candidates,2026-06-28T13:41:44.150Z,Discovery completed for this region; no license-safe Commons/Openverse candidate was returned for this beach.,0,,
262,Παπαθανασίου,Papathanasiou,central-greece-evia,Evia,euboea,no_candidates,2026-06-28T13:41:44.150Z,Discovery completed for this region; no license-safe Commons/Openverse candidate was returned for this beach.,0,,
263,Παραλία Αγίου Νικολάου,Paralia Agiou Nikolaou,central-greece-evia,Evia,euboea,no_candidates,2026-06-28T13:41:44.150Z,Discovery completed for this region; no license-safe Commons/Openverse candidate was returned for this beach.,0,,
266,Παραλία Αχλαδίου (Φραγκάκη),Paralia Achladiou (Fragkaki),central-greece-evia,Evia,euboea,no_candidates,2026-06-28T13:41:44.150Z,Discovery completed for this region; no license-safe Commons/Openverse candidate was returned for this beach.,0,,
267,Παραλία Βλαχιάς,Paralia Vlachias,central-greece-evia,Evia,euboea,no_candidates,2026-06-28T13:41:44.150Z,Discovery completed for this region; no license-safe Commons/Openverse candidate was returned for this beach.,0,,
268,Παραλία Γιάλτρων,Paralia Gialtron,central-greece-evia,Evia,euboea,no_candidates,2026-06-28T13:41:44.150Z,Discovery completed for this region; no license-safe Commons/Openverse candidate was returned for this beach.,0,,
269,Παραλία Δάφνης,Paralia Dafnis,central-greece-evia,Evia,euboea,no_candidates,2026-06-28T13:41:44.150Z,Discovery completed for this region; no license-safe Commons/Openverse candidate was returned for this beach.,0,,
270,Παραλία Εύα,Paralia Eva,central-greece-evia,Evia,euboea,no_candidates,2026-06-28T13:41:44.150Z,Discovery completed for this region; no license-safe Commons/Openverse candidate was returned for this beach.,0,,
271,Παραλία Καλλιανού,Paralia Kallianou,central-greece-evia,Evia,euboea,no_candidates,2026-06-28T13:41:44.150Z,Discovery completed for this region; no license-safe Commons/Openverse candidate was returned for this beach.,0,,
273,Παραλία Κρύας Βρύσης,Paralia Kryas Vrysis,central-greece-evia,Evia,euboea,no_candidates,2026-06-28T13:41:44.150Z,Discovery completed for this region; no license-safe Commons/Openverse candidate was returned for this beach.,0,,
275,Παραλία Μουρτιάς,Paralia Mourtias,central-greece-evia,Evia,euboea,no_candidates,2026-06-28T13:41:44.150Z,Discovery completed for this region; no license-safe Commons/Openverse candidate was returned for this beach.,0,,
277,Παραλία Πολιτικών,Paralia Politikon,central-greece-evia,Evia,euboea,no_candidates,2026-06-28T13:41:44.150Z,Discovery completed for this region; no license-safe Commons/Openverse candidate was returned for this beach.,0,,
278,Παραλία Ροδάκι,Paralia Rodaki,central-greece-evia,Evia,euboea,no_candidates,2026-06-28T13:41:44.150Z,Discovery completed for this region; no license-safe Commons/Openverse candidate was returned for this beach.,0,,
279,Παραλία Σκιάθου,Paralia Skiathou,central-greece-evia,Evia,euboea,no_candidates,2026-06-28T13:41:44.150Z,Discovery completed for this region; no license-safe Commons/Openverse candidate was returned for this beach.,0,,
280,Παραλία τσιρμοκόκκαλα,Paralia tsirmokokkala,central-greece-evia,Evia,euboea,no_candidates,2026-06-28T13:41:44.150Z,Discovery completed for this region; no license-safe Commons/Openverse candidate was returned for this beach.,0,,
282,Παραλία Φηγιά,Paralia Figia,central-greece-evia,Evia,euboea,no_candidates,2026-06-28T13:41:44.150Z,Discovery completed for this region; no license-safe Commons/Openverse candidate was returned for this beach.,0,,
283,Παραλία Ψαροπούλι/Βασιλικών,Paralia Psaropouli/Vasilikon,central-greece-evia,Evia,euboea,no_candidates,2026-06-28T13:41:44.150Z,Discovery completed for this region; no license-safe Commons/Openverse candidate was returned for this beach.,0,,
285,Πέρα Κατσούλι,Pera Katsouli,central-greece-evia,Evia,euboea,no_candidates,2026-06-28T13:41:44.150Z,Discovery completed for this region; no license-safe Commons/Openverse candidate was returned for this beach.,0,,
287,Πηνελόπη,Pinelopi,central-greece-evia,Evia,euboea,no_candidates,2026-06-28T13:41:44.150Z,Discovery completed for this region; no license-safe Commons/Openverse candidate was returned for this beach.,0,,
290,Πόρτο Λάφια,Porto Lafia,central-greece-evia,Evia,euboea,no_candidates,2026-06-28T13:41:44.150Z,Discovery completed for this region; no license-safe Commons/Openverse candidate was returned for this beach.,0,,
291,Πόρτο Πεύκο,Porto Pevko,central-greece-evia,Evia,euboea,no_candidates,2026-06-28T13:41:44.150Z,Discovery completed for this region; no license-safe Commons/Openverse candidate was returned for this beach.,0,,
292,Ποτάμι Καρύστου,Potami Karystou,central-greece-evia,Evia,euboea,accepted,2026-06-28T14:15:56.526Z,Commons Greek description identifies Potami beach in southern Euboea; visual QA shows the beach.,1,https://commons.wikimedia.org/w/index.php?title=Special:Redirect/file/Potami%20beach.jpeg&width=800,https://commons.wikimedia.org/wiki/File%3APotami%20beach.jpeg
293,Ποτάμι Βλαχιάς,Potami Vlachias,central-greece-evia,Evia,euboea,no_candidates,2026-06-28T13:41:44.150Z,Discovery completed for this region; no license-safe Commons/Openverse candidate was returned for this beach.,0,,
294,Πρασίδι,Prasidi,central-greece-evia,Evia,euboea,no_candidates,2026-06-28T13:41:44.150Z,Discovery completed for this region; no license-safe Commons/Openverse candidate was returned for this beach.,0,,
296,Σαρακήνικο Βλαχιάς,Sarakiniko Vlachias,central-greece-evia,Evia,euboea,no_candidates,2026-06-28T13:41:44.150Z,Discovery completed for this region; no license-safe Commons/Openverse candidate was returned for this beach.,0,,
297,Σαρακήνικο Αγίας Άννας,Sarakiniko Agias Annas,central-greece-evia,Evia,euboea,no_candidates,2026-06-28T13:41:44.150Z,Discovery completed for this region; no license-safe Commons/Openverse candidate was returned for this beach.,0,,
298,Σγούρα,Sgoura,central-greece-evia,Evia,euboea,no_candidates,2026-06-28T13:41:44.150Z,Discovery completed for this region; no license-safe Commons/Openverse candidate was returned for this beach.,0,,
300,Σούρζα Μπουτ,Sourza Bout,central-greece-evia,Evia,euboea,no_candidates,2026-06-28T13:41:44.150Z,Discovery completed for this region; no license-safe Commons/Openverse candidate was returned for this beach.,0,,
302,Σπίθα,Spitha,central-greece-evia,Evia,euboea,no_candidates,2026-06-28T13:41:44.150Z,Discovery completed for this region; no license-safe Commons/Openverse candidate was returned for this beach.,0,,
307,Τριανταφυλλένια,Triantafyllenia,central-greece-evia,Evia,euboea,no_candidates,2026-06-28T13:41:44.150Z,Discovery completed for this region; no license-safe Commons/Openverse candidate was returned for this beach.,0,,
308,Τσίλαρος,Tsilaros,central-greece-evia,Evia,euboea,no_candidates,2026-06-28T13:41:44.150Z,Discovery completed for this region; no license-safe Commons/Openverse candidate was returned for this beach.,0,,
309,Τσοκαΐτι,Tsokaiti,central-greece-evia,Evia,euboea,no_candidates,2026-06-28T13:41:44.150Z,Discovery completed for this region; no license-safe Commons/Openverse candidate was returned for this beach.,0,,
3062,Αλμυρίχι,Almyrichi,central-greece-evia,Evia,euboea,no_candidates,2026-06-28T13:41:44.150Z,Discovery completed for this region; no license-safe Commons/Openverse candidate was returned for this beach.,0,,
315,Γλυφάδα,Glyfada,central-greece-skyros,Skyros,sporades,rejected,2026-06-28T13:41:44.150Z,"Rejected after automated source screening and visual QA: candidates were wrong place, landmark/settlement/port/road/people imagery, generic coastal views, or not beach-specific enough for safe use.",2,,
317,Καλαμίτσα,Kalamitsa,central-greece-skyros,Skyros,sporades,rejected,2026-06-28T13:41:44.150Z,"Rejected after automated source screening and visual QA: candidates were wrong place, landmark/settlement/port/road/people imagery, generic coastal views, or not beach-specific enough for safe use.",6,,
318,Φωκιοτρύπα,Fokiotrypa,central-greece-skyros,Skyros,sporades,no_candidates,2026-06-28T13:41:44.150Z,Discovery completed for this region; no license-safe Commons/Openverse candidate was returned for this beach.,0,,
319,Αχερούνες,Acherounes,central-greece-skyros,Skyros,sporades,no_candidates,2026-06-28T13:41:44.150Z,Discovery completed for this region; no license-safe Commons/Openverse candidate was returned for this beach.,0,,
321,Αχίλλι,Achilli,central-greece-skyros,Skyros,sporades,no_candidates,2026-06-28T13:41:44.150Z,Discovery completed for this region; no license-safe Commons/Openverse candidate was returned for this beach.,0,,
323,Μπάσαλες,Basales,central-greece-skyros,Skyros,sporades,no_candidates,2026-06-28T13:41:44.150Z,Discovery completed for this region; no license-safe Commons/Openverse candidate was returned for this beach.,0,,
324,Πετρίτσα,Petritsa,central-greece-skyros,Skyros,sporades,no_candidates,2026-06-28T13:41:44.150Z,Discovery completed for this region; no license-safe Commons/Openverse candidate was returned for this beach.,0,,
325,Μαγαζιά,Magazia,central-greece-skyros,Skyros,sporades,rejected,2026-06-28T13:41:44.150Z,"Rejected after automated source screening and visual QA: candidates were wrong place, landmark/settlement/port/road/people imagery, generic coastal views, or not beach-specific enough for safe use.",8,,
327,Πουριά,Pouria,central-greece-skyros,Skyros,sporades,rejected,2026-06-28T13:41:44.150Z,"Rejected after automated source screening and visual QA: candidates were wrong place, landmark/settlement/port/road/people imagery, generic coastal views, or not beach-specific enough for safe use.",3,,
328,Γυρίσματα,Gyrismata,central-greece-skyros,Skyros,sporades,no_candidates,2026-06-28T13:41:44.150Z,Discovery completed for this region; no license-safe Commons/Openverse candidate was returned for this beach.,0,,
329,Καλογρηά,Kalogria,central-greece-skyros,Skyros,sporades,no_candidates,2026-06-28T13:41:44.150Z,Discovery completed for this region; no license-safe Commons/Openverse candidate was returned for this beach.,0,,
330,Καρεφλού,Kareflou,central-greece-skyros,Skyros,sporades,no_candidates,2026-06-28T13:41:44.150Z,Discovery completed for this region; no license-safe Commons/Openverse candidate was returned for this beach.,0,,
334,Άγιος Πέτρος,Agios Petros,central-greece-skyros,Skyros,sporades,no_candidates,2026-06-28T13:41:44.150Z,Discovery completed for this region; no license-safe Commons/Openverse candidate was returned for this beach.,0,,
335,Μαρκέσι,Markesi,central-greece-skyros,Skyros,sporades,no_candidates,2026-06-28T13:41:44.150Z,Discovery completed for this region; no license-safe Commons/Openverse candidate was returned for this beach.,0,,
336,Άγιος Βασίλειος,Agios Vasilios,central-greece-fokida-mainland,Fokida,mainland_central,rejected,2026-06-28T13:41:44.150Z,"Rejected after automated source screening and visual QA: candidates were wrong place, landmark/settlement/port/road/people imagery, generic coastal views, or not beach-specific enough for safe use.",3,,
337,Άγιος Ισίδωρος,Agios Isidoros,central-greece-fokida-mainland,Fokida,mainland_central,no_candidates,2026-06-28T13:41:44.150Z,Discovery completed for this region; no license-safe Commons/Openverse candidate was returned for this beach.,0,,
339,Άσπρα Χαλίκια,Aspra Chalikia,central-greece-fokida-mainland,Fokida,mainland_central,no_candidates,2026-06-28T13:41:44.150Z,Discovery completed for this region; no license-safe Commons/Openverse candidate was returned for this beach.,0,,
342,Καψάλες,Kapsales,central-greece-fokida-mainland,Fokida,mainland_central,no_candidates,2026-06-28T13:41:44.150Z,Discovery completed for this region; no license-safe Commons/Openverse candidate was returned for this beach.,0,,
343,Κεντρί,Kentri,central-greece-fokida-mainland,Fokida,mainland_central,no_candidates,2026-06-28T13:41:44.150Z,Discovery completed for this region; no license-safe Commons/Openverse candidate was returned for this beach.,0,,
344,Κόκκινα Χαλίκια,Kokkina Chalikia,central-greece-fokida-mainland,Fokida,mainland_central,no_candidates,2026-06-28T13:41:44.150Z,Discovery completed for this region; no license-safe Commons/Openverse candidate was returned for this beach.,0,,
347,Μονόλιθος,Monolithos,central-greece-fokida-mainland,Fokida,mainland_central,rejected,2026-06-28T13:41:44.150Z,"Rejected after automated source screening and visual QA: candidates were wrong place, landmark/settlement/port/road/people imagery, generic coastal views, or not beach-specific enough for safe use.",4,,
348,Παραλία Αγίου Ανδρέα,Paralia Agiou Andrea,central-greece-fokida-mainland,Fokida,mainland_central,no_candidates,2026-06-28T13:41:44.150Z,Discovery completed for this region; no license-safe Commons/Openverse candidate was returned for this beach.,0,,
349,Παραλία Αγίου Μηνά,Paralia Agiou Mina,central-greece-fokida-mainland,Fokida,mainland_central,no_candidates,2026-06-28T13:41:44.150Z,Discovery completed for this region; no license-safe Commons/Openverse candidate was returned for this beach.,0,,
350,Παραλία Χιλιαδού,Paralia Chiliadou,central-greece-fokida-mainland,Fokida,mainland_central,no_candidates,2026-06-28T13:41:44.150Z,Discovery completed for this region; no license-safe Commons/Openverse candidate was returned for this beach.,0,,
352,Παραλία Σεργούλας,Paralia Sergoulas,central-greece-fokida-mainland,Fokida,mainland_central,no_candidates,2026-06-28T13:41:44.150Z,Discovery completed for this region; no license-safe Commons/Openverse candidate was returned for this beach.,0,,
356,Αγιόνερο,Agionero,central-greece-fthiotida-mainland,Fthiotida,mainland_central,no_candidates,2026-06-28T13:41:44.150Z,Discovery completed for this region; no license-safe Commons/Openverse candidate was returned for this beach.,0,,
357,Βίβος,Vivos,central-greece-fthiotida-mainland,Fthiotida,mainland_central,rejected,2026-06-28T13:41:44.150Z,"Rejected after automated source screening and visual QA: candidates were wrong place, landmark/settlement/port/road/people imagery, generic coastal views, or not beach-specific enough for safe use.",1,,
358,Κέδρος,Kedros,central-greece-fthiotida-mainland,Fthiotida,mainland_central,rejected,2026-06-28T13:41:44.150Z,"Rejected after automated source screening and visual QA: candidates were wrong place, landmark/settlement/port/road/people imagery, generic coastal views, or not beach-specific enough for safe use.",1,,
360,Μεγάλη Σουβάλα,Megali Souvala,central-greece-fthiotida-mainland,Fthiotida,mainland_central,rejected,2026-06-28T13:41:44.150Z,"Rejected after automated source screening and visual QA: candidates were wrong place, landmark/settlement/port/road/people imagery, generic coastal views, or not beach-specific enough for safe use.",2,,
362,Παραλία Αγίου Γεωργίου Πελασγίας,Paralia Agiou Georgiou Pelasgias,central-greece-fthiotida-mainland,Fthiotida,mainland_central,no_candidates,2026-06-28T13:41:44.150Z,Discovery completed for this region; no license-safe Commons/Openverse candidate was returned for this beach.,0,,
363,Παραλία Αγίου Νικολάου,Paralia Agiou Nikolaou,central-greece-fthiotida-mainland,Fthiotida,mainland_central,no_candidates,2026-06-28T13:41:44.150Z,Discovery completed for this region; no license-safe Commons/Openverse candidate was returned for this beach.,0,,
364,Παραλία Αγίου Σεραφείμ,Paralia Agiou Serafim,central-greece-fthiotida-mainland,Fthiotida,mainland_central,no_candidates,2026-06-28T13:41:44.150Z,Discovery completed for this region; no license-safe Commons/Openverse candidate was returned for this beach.,0,,
365,Παραλία Βουγιουκλάκη,Paralia Vougiouklaki,central-greece-fthiotida-mainland,Fthiotida,mainland_central,rejected,2026-06-28T13:41:44.150Z,"Rejected after automated source screening and visual QA: candidates were wrong place, landmark/settlement/port/road/people imagery, generic coastal views, or not beach-specific enough for safe use.",2,,
366,Παραλία Καναπίτσα,Paralia Kanapitsa,central-greece-fthiotida-mainland,Fthiotida,mainland_central,no_candidates,2026-06-28T13:41:44.150Z,Discovery completed for this region; no license-safe Commons/Openverse candidate was returned for this beach.,0,,
367,Παραλία Τραγάνας,Paralia Traganas,central-greece-fthiotida-mainland,Fthiotida,mainland_central,no_candidates,2026-06-28T13:41:44.150Z,Discovery completed for this region; no license-safe Commons/Openverse candidate was returned for this beach.,0,,
368,Παραλία Τριανταφυλλιάς,Paralia Triantafyllias,central-greece-fthiotida-mainland,Fthiotida,mainland_central,no_candidates,2026-06-28T13:41:44.150Z,Discovery completed for this region; no license-safe Commons/Openverse candidate was returned for this beach.,0,,
369,Σχοινιά,Schinia,central-greece-fthiotida-mainland,Fthiotida,mainland_central,rejected,2026-06-28T13:41:44.150Z,"Rejected after automated source screening and visual QA: candidates were wrong place, landmark/settlement/port/road/people imagery, generic coastal views, or not beach-specific enough for safe use.",2,,
370,Φλοίσβος Πλαζ,Flisvos Plaz,central-greece-fthiotida-mainland,Fthiotida,mainland_central,no_candidates,2026-06-28T13:41:44.150Z,Discovery completed for this region; no license-safe Commons/Openverse candidate was returned for this beach.,0,,
3063,ΦΑΠΡΙΚΕΖΑΙΝΑ,FAPRIKEZAiNA,central-greece-fthiotida-mainland,Fthiotida,mainland_central,no_candidates,2026-06-28T13:41:44.150Z,Discovery completed for this region; no license-safe Commons/Openverse candidate was returned for this beach.,0,,
3064,Dermária,Dermária,central-greece-fthiotida-mainland,Fthiotida,mainland_central,no_candidates,2026-06-28T13:41:44.150Z,Discovery completed for this region; no license-safe Commons/Openverse candidate was returned for this beach.,0,,
372,Γυάλινη Άμμος,Gyalini Ammos,central-greece-viotia-mainland,Viotia,mainland_central,no_candidates,2026-06-28T13:41:44.150Z,Discovery completed for this region; no license-safe Commons/Openverse candidate was returned for this beach.,0,,
373,Ζάλτσα,Zaltsa,central-greece-viotia-mainland,Viotia,mainland_central,no_candidates,2026-06-28T13:41:44.150Z,Discovery completed for this region; no license-safe Commons/Openverse candidate was returned for this beach.,0,,
374,Λαιμός,Laimos,central-greece-viotia-mainland,Viotia,mainland_central,no_candidates,2026-06-28T13:41:44.150Z,Discovery completed for this region; no license-safe Commons/Openverse candidate was returned for this beach.,0,,
376,Παραλία Λιβαδόστρας,Paralia Livadostras,central-greece-viotia-mainland,Viotia,mainland_central,no_candidates,2026-06-28T13:41:44.150Z,Discovery completed for this region; no license-safe Commons/Openverse candidate was returned for this beach.,0,,
377,Παραλία Σαράντη,Paralia Saranti,central-greece-viotia-mainland,Viotia,mainland_central,no_candidates,2026-06-28T13:41:44.150Z,Discovery completed for this region; no license-safe Commons/Openverse candidate was returned for this beach.,0,,
3031,Τανάγρα Δήλεσι,Tanagra Dilesi,central-greece-viotia-mainland,Viotia,mainland_central,no_candidates,2026-06-28T13:41:44.150Z,Discovery completed for this region; no license-safe Commons/Openverse candidate was returned for this beach.,0,,
380,Agios Nikolaos,Agios Nikolaos,central-macedonia-halkidiki-mainland,Halkidiki,mainland_macedonia,no_candidates,2026-06-28T13:41:44.150Z,Discovery completed for this region; no license-safe Commons/Openverse candidate was returned for this beach.,0,,
382,Agridia,Agridia,central-macedonia-halkidiki-mainland,Halkidiki,mainland_macedonia,no_candidates,2026-06-28T13:41:44.150Z,Discovery completed for this region; no license-safe Commons/Openverse candidate was returned for this beach.,0,,
384,Babylon,Babylon,central-macedonia-halkidiki-mainland,Halkidiki,mainland_macedonia,no_candidates,2026-06-28T13:41:44.150Z,Discovery completed for this region; no license-safe Commons/Openverse candidate was returned for this beach.,0,,
385,Biancoblusarti,Biancoblusarti,central-macedonia-halkidiki-mainland,Halkidiki,mainland_macedonia,rejected,2026-06-28T13:41:44.150Z,"Rejected after automated source screening and visual QA: candidates were wrong place, landmark/settlement/port/road/people imagery, generic coastal views, or not beach-specific enough for safe use.",8,,
386,Blue Dream,Blue Dream,central-macedonia-halkidiki-mainland,Halkidiki,mainland_macedonia,no_candidates,2026-06-28T13:41:44.150Z,Discovery completed for this region; no license-safe Commons/Openverse candidate was returned for this beach.,0,,
389,Chrysi Ammoudia,Chrysi Ammoudia,central-macedonia-halkidiki-mainland,Halkidiki,mainland_macedonia,no_candidates,2026-06-28T13:41:44.150Z,Discovery completed for this region; no license-safe Commons/Openverse candidate was returned for this beach.,0,,
390,Diaporti,Diaporti,central-macedonia-halkidiki-mainland,Halkidiki,mainland_macedonia,no_candidates,2026-06-28T13:41:44.150Z,Discovery completed for this region; no license-safe Commons/Openverse candidate was returned for this beach.,0,,
391,Dimotiki Plaz 1,Dimotiki Plaz 1,central-macedonia-halkidiki-mainland,Halkidiki,mainland_macedonia,rejected,2026-06-28T13:41:44.150Z,"Rejected after automated source screening and visual QA: candidates were wrong place, landmark/settlement/port/road/people imagery, generic coastal views, or not beach-specific enough for safe use.",2,,
396,Goa,Goa,central-macedonia-halkidiki-mainland,Halkidiki,mainland_macedonia,no_candidates,2026-06-28T13:41:44.150Z,Discovery completed for this region; no license-safe Commons/Openverse candidate was returned for this beach.,0,,
398,Griavas,Griavas,central-macedonia-halkidiki-mainland,Halkidiki,mainland_macedonia,no_candidates,2026-06-28T13:41:44.150Z,Discovery completed for this region; no license-safe Commons/Openverse candidate was returned for this beach.,0,,
401,Iliovasilema,Iliovasilema,central-macedonia-halkidiki-mainland,Halkidiki,mainland_macedonia,no_candidates,2026-06-28T13:41:44.150Z,Discovery completed for this region; no license-safe Commons/Openverse candidate was returned for this beach.,0,,
408,Kavouri,Kavouri,central-macedonia-halkidiki-mainland,Halkidiki,mainland_macedonia,no_candidates,2026-06-28T13:41:44.150Z,Discovery completed for this region; no license-safe Commons/Openverse candidate was returned for this beach.,0,,
412,Komitsa,Komitsa,central-macedonia-halkidiki-mainland,Halkidiki,mainland_macedonia,no_candidates,2026-06-28T13:41:44.150Z,Discovery completed for this region; no license-safe Commons/Openverse candidate was returned for this beach.,0,,
416,Lagoon,Lagoon,central-macedonia-halkidiki-mainland,Halkidiki,mainland_macedonia,rejected,2026-06-28T13:41:44.150Z,"Rejected after automated source screening and visual QA: candidates were wrong place, landmark/settlement/port/road/people imagery, generic coastal views, or not beach-specific enough for safe use.",8,,
417,Lemos,Lemos,central-macedonia-halkidiki-mainland,Halkidiki,mainland_macedonia,no_candidates,2026-06-28T13:41:44.150Z,Discovery completed for this region; no license-safe Commons/Openverse candidate was returned for this beach.,0,,
418,Likithos,Likithos,central-macedonia-halkidiki-mainland,Halkidiki,mainland_macedonia,rejected,2026-06-28T13:41:44.150Z,"Rejected after automated source screening and visual QA: candidates were wrong place, landmark/settlement/port/road/people imagery, generic coastal views, or not beach-specific enough for safe use.",1,,
423,Livadi,Livadi,central-macedonia-halkidiki-mainland,Halkidiki,mainland_macedonia,no_candidates,2026-06-28T13:41:44.150Z,Discovery completed for this region; no license-safe Commons/Openverse candidate was returned for this beach.,0,,
424,Marathias,Marathias,central-macedonia-halkidiki-mainland,Halkidiki,mainland_macedonia,rejected,2026-06-28T13:41:44.150Z,"Rejected after automated source screening and visual QA: candidates were wrong place, landmark/settlement/port/road/people imagery, generic coastal views, or not beach-specific enough for safe use.",8,,
425,Megali Ammos,Megali Ammos,central-macedonia-halkidiki-mainland,Halkidiki,mainland_macedonia,accepted,2026-06-28T14:18:22.955Z,"Commons title and description identify Megali Ammos Beach, Ammouliani; visual QA shows the beach.",1,https://commons.wikimedia.org/w/index.php?title=Special:Redirect/file/Megali%20Ammos%20Beach%2C%20Ammouliani.jpg&width=800,https://commons.wikimedia.org/wiki/File%3AMegali%20Ammos%20Beach%2C%20Ammouliani.jpg
427,Mileniko,Mileniko,central-macedonia-halkidiki-mainland,Halkidiki,mainland_macedonia,no_candidates,2026-06-28T13:41:44.150Z,Discovery completed for this region; no license-safe Commons/Openverse candidate was returned for this beach.,0,,
430,Oneiro,Oneiro,central-macedonia-halkidiki-mainland,Halkidiki,mainland_macedonia,rejected,2026-06-28T13:41:44.150Z,"Rejected after automated source screening and visual QA: candidates were wrong place, landmark/settlement/port/road/people imagery, generic coastal views, or not beach-specific enough for safe use.",3,,
433,Paralia Valti,Paralia Valti,central-macedonia-halkidiki-mainland,Halkidiki,mainland_macedonia,no_candidates,2026-06-28T13:41:44.150Z,Discovery completed for this region; no license-safe Commons/Openverse candidate was returned for this beach.,0,,
438,Porfi,Porfi,central-macedonia-halkidiki-mainland,Halkidiki,mainland_macedonia,rejected,2026-06-28T13:41:44.150Z,"Rejected after automated source screening and visual QA: candidates were wrong place, landmark/settlement/port/road/people imagery, generic coastal views, or not beach-specific enough for safe use.",4,,
439,Porto Elea,Porto Elea,central-macedonia-halkidiki-mainland,Halkidiki,mainland_macedonia,no_candidates,2026-06-28T13:41:44.150Z,Discovery completed for this region; no license-safe Commons/Openverse candidate was returned for this beach.,0,,
442,Sani Hill,Sani Hill,central-macedonia-halkidiki-mainland,Halkidiki,mainland_macedonia,rejected,2026-06-28T13:41:44.150Z,"Rejected after automated source screening and visual QA: candidates were wrong place, landmark/settlement/port/road/people imagery, generic coastal views, or not beach-specific enough for safe use.",4,,
447,Totos,Totos,central-macedonia-halkidiki-mainland,Halkidiki,mainland_macedonia,no_candidates,2026-06-28T13:41:44.150Z,Discovery completed for this region; no license-safe Commons/Openverse candidate was returned for this beach.,0,,
448,Tourkolimnionas,Tourkolimnionas,central-macedonia-halkidiki-mainland,Halkidiki,mainland_macedonia,accepted,2026-06-28T14:18:22.955Z,"Commons description identifies Tourkolimano Beach, Sykia, Chalkidiki; matched to Tourkolimnionas and visual QA shows the beach.",1,https://commons.wikimedia.org/w/index.php?title=Special:Redirect/file/Tourkolimano%20Beach%2C%20Sykia%2C%20Chalkidiki%2C%20Greece.jpg&width=800,https://commons.wikimedia.org/wiki/File%3ATourkolimano%20Beach%2C%20Sykia%2C%20Chalkidiki%2C%20Greece.jpg
450,Tsaska,Tsaska,central-macedonia-halkidiki-mainland,Halkidiki,mainland_macedonia,no_candidates,2026-06-28T13:41:44.150Z,Discovery completed for this region; no license-safe Commons/Openverse candidate was returned for this beach.,0,,
451,Tsifliki,Tsifliki,central-macedonia-halkidiki-mainland,Halkidiki,mainland_macedonia,no_candidates,2026-06-28T13:41:44.150Z,Discovery completed for this region; no license-safe Commons/Openverse candidate was returned for this beach.,0,,
453,Voreas Limani,Voreas Limani,central-macedonia-halkidiki-mainland,Halkidiki,mainland_macedonia,no_candidates,2026-06-28T13:41:44.150Z,Discovery completed for this region; no license-safe Commons/Openverse candidate was returned for this beach.,0,,
454,Voulitsa,Voulitsa,central-macedonia-halkidiki-mainland,Halkidiki,mainland_macedonia,accepted,2026-06-28T14:18:22.955Z,"Commons filename identifies Voulitsa and description places the beach at Nea Roda, Chalkidiki; visual QA shows the sandy beach.",1,https://commons.wikimedia.org/w/index.php?title=Special:Redirect/file/102%20voulitsa.JPG&width=800,https://commons.wikimedia.org/wiki/File%3A102%20voulitsa.JPG
457,Παραλία Βεργιάς,Paralia Vergias,central-macedonia-halkidiki-mainland,Halkidiki,mainland_macedonia,no_candidates,2026-06-28T13:41:44.150Z,Discovery completed for this region; no license-safe Commons/Openverse candidate was returned for this beach.,0,,
459,Παραλία Νέας Καλλικράτειας,Paralia Neas Kallikratias,central-macedonia-halkidiki-mainland,Halkidiki,mainland_macedonia,no_candidates,2026-06-28T13:41:44.150Z,Discovery completed for this region; no license-safe Commons/Openverse candidate was returned for this beach.,0,,
461,Παραλία Μικρό Καστρί,Paralia Mikro Kastri,central-macedonia-halkidiki-mainland,Halkidiki,mainland_macedonia,no_candidates,2026-06-28T13:41:44.150Z,Discovery completed for this region; no license-safe Commons/Openverse candidate was returned for this beach.,0,,
462,Παραλία Στρατώνι,Paralia Stratoni,central-macedonia-halkidiki-mainland,Halkidiki,mainland_macedonia,no_candidates,2026-06-28T13:41:44.150Z,Discovery completed for this region; no license-safe Commons/Openverse candidate was returned for this beach.,0,,
464,Παραλία Λιβάρι,Paralia Livari,central-macedonia-halkidiki-mainland,Halkidiki,mainland_macedonia,no_candidates,2026-06-28T13:41:44.150Z,Discovery completed for this region; no license-safe Commons/Openverse candidate was returned for this beach.,0,,
465,Παραλία Σαλονικιού,Paralia Salonikiou,central-macedonia-halkidiki-mainland,Halkidiki,mainland_macedonia,no_candidates,2026-06-28T13:41:44.150Z,Discovery completed for this region; no license-safe Commons/Openverse candidate was returned for this beach.,0,,
469,Παραλία Λατούρα,Paralia Latoura,central-macedonia-halkidiki-mainland,Halkidiki,mainland_macedonia,rejected,2026-06-28T13:41:44.150Z,"Rejected after automated source screening and visual QA: candidates were wrong place, landmark/settlement/port/road/people imagery, generic coastal views, or not beach-specific enough for safe use.",1,,
473,Παραλία Αυλάκι,Paralia Avlaki,central-macedonia-halkidiki-mainland,Halkidiki,mainland_macedonia,no_candidates,2026-06-28T13:41:44.150Z,Discovery completed for this region; no license-safe Commons/Openverse candidate was returned for this beach.,0,,
475,Παραλία Άμπελος,Paralia Ampelos,central-macedonia-halkidiki-mainland,Halkidiki,mainland_macedonia,no_candidates,2026-06-28T13:41:44.150Z,Discovery completed for this region; no license-safe Commons/Openverse candidate was returned for this beach.,0,,
476,Παραλία Αρμενιστής,Paralia Armenistis,central-macedonia-halkidiki-mainland,Halkidiki,mainland_macedonia,no_candidates,2026-06-28T13:41:44.150Z,Discovery completed for this region; no license-safe Commons/Openverse candidate was returned for this beach.,0,,
478,Παραλία Ανθούπολης,Paralia Anthoupolis,central-macedonia-halkidiki-mainland,Halkidiki,mainland_macedonia,no_candidates,2026-06-28T13:41:44.150Z,Discovery completed for this region; no license-safe Commons/Openverse candidate was returned for this beach.,0,,
479,Παραλία Αγίου Μάμα,Paralia Agiou Mama,central-macedonia-halkidiki-mainland,Halkidiki,mainland_macedonia,accepted,2026-06-28T14:18:22.955Z,Commons description identifies Agios Mamas beach in Chalkidiki; visual QA shows the beach skyline.,1,https://commons.wikimedia.org/w/index.php?title=Special:Redirect/file/Agios%20Mamas%20beach%2C%20May%202015.jpg&width=800,https://commons.wikimedia.org/wiki/File%3AAgios%20Mamas%20beach%2C%20May%202015.jpg
480,Παραλία Ελαιώνα,Paralia Elaiona,central-macedonia-halkidiki-mainland,Halkidiki,mainland_macedonia,no_candidates,2026-06-28T13:41:44.150Z,Discovery completed for this region; no license-safe Commons/Openverse candidate was returned for this beach.,0,,
482,Παραλία Ζέπκου,Paralia Zepkou,central-macedonia-halkidiki-mainland,Halkidiki,mainland_macedonia,no_candidates,2026-06-28T13:41:44.150Z,Discovery completed for this region; no license-safe Commons/Openverse candidate was returned for this beach.,0,,
483,Παραλία Φτερωτή,Paralia Fteroti,central-macedonia-halkidiki-mainland,Halkidiki,mainland_macedonia,no_candidates,2026-06-28T13:41:44.150Z,Discovery completed for this region; no license-safe Commons/Openverse candidate was returned for this beach.,0,,
484,Παραλία Σχοινιά,Paralia Schinia,central-macedonia-halkidiki-mainland,Halkidiki,mainland_macedonia,rejected,2026-06-28T13:41:44.150Z,"Rejected after automated source screening and visual QA: candidates were wrong place, landmark/settlement/port/road/people imagery, generic coastal views, or not beach-specific enough for safe use.",1,,
488,Παραλία Σπαθιών,Paralia Spathion,central-macedonia-halkidiki-mainland,Halkidiki,mainland_macedonia,no_candidates,2026-06-28T13:41:44.150Z,Discovery completed for this region; no license-safe Commons/Openverse candidate was returned for this beach.,0,,
494,Παραλία Μπανάνα,Paralia Banana,central-macedonia-halkidiki-mainland,Halkidiki,mainland_macedonia,no_candidates,2026-06-28T13:41:44.150Z,Discovery completed for this region; no license-safe Commons/Openverse candidate was returned for this beach.,0,,
495,Παραλία Κουτλουμούση,Paralia Koutloumousi,central-macedonia-halkidiki-mainland,Halkidiki,mainland_macedonia,no_candidates,2026-06-28T13:41:44.150Z,Discovery completed for this region; no license-safe Commons/Openverse candidate was returned for this beach.,0,,
496,Παραλία Πύργου,Paralia Pyrgou,central-macedonia-halkidiki-mainland,Halkidiki,mainland_macedonia,no_candidates,2026-06-28T13:41:44.150Z,Discovery completed for this region; no license-safe Commons/Openverse candidate was returned for this beach.,0,,
498,Παραλία Κοβιού,Paralia Koviou,central-macedonia-halkidiki-mainland,Halkidiki,mainland_macedonia,no_candidates,2026-06-28T13:41:44.150Z,Discovery completed for this region; no license-safe Commons/Openverse candidate was returned for this beach.,0,,
502,Συκιά Ολυμπιάδας,Sykia Olympiadas,central-macedonia-halkidiki-mainland,Halkidiki,mainland_macedonia,rejected,2026-06-28T13:41:44.150Z,"Rejected after automated source screening and visual QA: candidates were wrong place, landmark/settlement/port/road/people imagery, generic coastal views, or not beach-specific enough for safe use.",3,,
3008,Γεωπονικά,Geoponika,central-macedonia-halkidiki-mainland,Halkidiki,mainland_macedonia,no_candidates,2026-06-28T13:41:44.150Z,Discovery completed for this region; no license-safe Commons/Openverse candidate was returned for this beach.,0,,
3088,Μυκονιάτικα,Mykoniatika,central-macedonia-halkidiki-mainland,Halkidiki,mainland_macedonia,accepted,2026-06-28T14:18:22.955Z,"Commons description identifies the beach in Mykoniatika, Chalkidiki; visual QA shows the beach.",1,https://commons.wikimedia.org/w/index.php?title=Special:Redirect/file/Paralia%20Mykoniatika.jpg&width=800,https://commons.wikimedia.org/wiki/File%3AParalia%20Mykoniatika.jpg
3097,"Άμμος (Αλυκή Κίτρους, Πιερία)","Ammos (Alyki Kitrous, Pieria)",central-macedonia-pieria-mainland,Pieria,mainland_macedonia,no_candidates,2026-06-28T13:41:44.150Z,Discovery completed for this region; no license-safe Commons/Openverse candidate was returned for this beach.,0,,
511,Πλαζ Αρετσούς,Plaz Aretsous,central-macedonia-thessaloniki-area,Thessaloniki area,mainland_macedonia,rejected,2026-06-28T13:41:44.150Z,"Rejected after automated source screening and visual QA: candidates were wrong place, landmark/settlement/port/road/people imagery, generic coastal views, or not beach-specific enough for safe use.",7,,
514,Γιατρού Τσαΐρι,Giatrou Tsairi,central-macedonia-thessaloniki-area,Thessaloniki area,mainland_macedonia,no_candidates,2026-06-28T13:41:44.150Z,Discovery completed for this region; no license-safe Commons/Openverse candidate was returned for this beach.,0,,
517,Κρουστάλη,Kroustali,central-macedonia-thessaloniki-area,Thessaloniki area,mainland_macedonia,no_candidates,2026-06-28T13:41:44.150Z,Discovery completed for this region; no license-safe Commons/Openverse candidate was returned for this beach.,0,,
518,Κυανή Ακτή,Kyani Akti,central-macedonia-thessaloniki-area,Thessaloniki area,mainland_macedonia,rejected,2026-06-28T13:41:44.150Z,"Rejected after automated source screening and visual QA: candidates were wrong place, landmark/settlement/port/road/people imagery, generic coastal views, or not beach-specific enough for safe use.",6,,
523,Πάτωμα,Patoma,central-macedonia-thessaloniki-area,Thessaloniki area,mainland_macedonia,no_candidates,2026-06-28T13:41:44.150Z,Discovery completed for this region; no license-safe Commons/Openverse candidate was returned for this beach.,0,,
526,Τραπέζι,Trapezi,central-macedonia-thessaloniki-area,Thessaloniki area,mainland_macedonia,no_candidates,2026-06-28T13:41:44.150Z,Discovery completed for this region; no license-safe Commons/Openverse candidate was returned for this beach.,0,,
528,Βουλόλιμνη,Voulolimni,crete-crete-chania,Chania,crete,rejected,2026-06-28T13:41:44.150Z,"Rejected after automated source screening and visual QA: candidates were wrong place, landmark/settlement/port/road/people imagery, generic coastal views, or not beach-specific enough for safe use.",1,,
537,Λουτράκι,Loutraki,crete-crete-chania,Chania,crete,rejected,2026-06-28T13:41:44.150Z,"Rejected after automated source screening and visual QA: candidates were wrong place, landmark/settlement/port/road/people imagery, generic coastal views, or not beach-specific enough for safe use.",5,,
541,Μαχαιρίδα,Machairida,crete-crete-chania,Chania,crete,no_candidates,2026-06-28T13:41:44.150Z,Discovery completed for this region; no license-safe Commons/Openverse candidate was returned for this beach.,0,,
544,Νέα Χώρα,Nea Chora,crete-crete-chania,Chania,crete,rejected,2026-06-28T13:41:44.150Z,"Rejected after automated source screening and visual QA: candidates were wrong place, landmark/settlement/port/road/people imagery, generic coastal views, or not beach-specific enough for safe use.",8,,
551,Παραλία Δώματα,Paralia Domata,crete-crete-chania,Chania,crete,no_candidates,2026-06-28T13:41:44.150Z,Discovery completed for this region; no license-safe Commons/Openverse candidate was returned for this beach.,0,,
552,Παραλία Θανάσης,Paralia Thanasis,crete-crete-chania,Chania,crete,rejected,2026-06-28T13:41:44.150Z,"Rejected after automated source screening and visual QA: candidates were wrong place, landmark/settlement/port/road/people imagery, generic coastal views, or not beach-specific enough for safe use.",1,,
557,Παραλία Λάκκοι,Paralia Lakki,crete-crete-chania,Chania,crete,no_candidates,2026-06-28T13:41:44.150Z,Discovery completed for this region; no license-safe Commons/Openverse candidate was returned for this beach.,0,,
558,Παραλία Λισσός,Paralia Lissos,crete-crete-chania,Chania,crete,rejected,2026-06-28T13:41:44.150Z,"Rejected after source/visual QA: candidate is an archaeological/column image, not a beach photo.",1,,
560,Παραλία Μελτεμάκι,Paralia Meltemaki,crete-crete-chania,Chania,crete,rejected,2026-06-28T13:41:44.150Z,"Rejected after automated source screening and visual QA: candidates were wrong place, landmark/settlement/port/road/people imagery, generic coastal views, or not beach-specific enough for safe use.",1,,
561,Παραλία Πλακάκι,Paralia Plakaki,crete-crete-chania,Chania,crete,no_candidates,2026-06-28T13:41:44.150Z,Discovery completed for this region; no license-safe Commons/Openverse candidate was returned for this beach.,0,,
566,Παραλία Τροχαλού,Paralia Trochalou,crete-crete-chania,Chania,crete,no_candidates,2026-06-28T13:41:44.150Z,Discovery completed for this region; no license-safe Commons/Openverse candidate was returned for this beach.,0,,
570,Παραλία Ψηλός Βόλακας,Paralia Psilos Volakas,crete-crete-chania,Chania,crete,rejected,2026-06-28T13:41:44.150Z,"Rejected after automated source screening and visual QA: candidates were wrong place, landmark/settlement/port/road/people imagery, generic coastal views, or not beach-specific enough for safe use.",1,,
571,Παραλίες Βάταλου,Paralies Vatalou,crete-crete-chania,Chania,crete,rejected,2026-06-28T13:41:44.150Z,"Rejected after automated source screening and visual QA: candidates were wrong place, landmark/settlement/port/road/people imagery, generic coastal views, or not beach-specific enough for safe use.",3,,
574,Πλατανιάς,Platanias,crete-crete-chania,Chania,crete,rejected,2026-06-28T13:41:44.150Z,"Rejected after automated source screening and visual QA: candidates were wrong place, landmark/settlement/port/road/people imagery, generic coastal views, or not beach-specific enough for safe use.",2,,
581,Τερσανάς,Tersanas,crete-crete-chania,Chania,crete,no_candidates,2026-06-28T13:41:44.150Z,Discovery completed for this region; no license-safe Commons/Openverse candidate was returned for this beach.,0,,
582,Τραχήλι,Trachili,crete-crete-chania,Chania,crete,no_candidates,2026-06-28T13:41:44.150Z,Discovery completed for this region; no license-safe Commons/Openverse candidate was returned for this beach.,0,,
586,Aghios Pavlos Beach,Aghios Pavlos Beach,crete-crete-chania,Chania,crete,no_candidates,2026-06-28T13:41:44.150Z,Discovery completed for this region; no license-safe Commons/Openverse candidate was returned for this beach.,0,,
587,Agios Onoufrios,Agios Onoufrios,crete-crete-chania,Chania,crete,no_candidates,2026-06-28T13:41:44.150Z,Discovery completed for this region; no license-safe Commons/Openverse candidate was returned for this beach.,0,,
588,Alonaki,Alonaki,crete-crete-chania,Chania,crete,rejected,2026-06-28T13:41:44.150Z,"Rejected after automated source screening and visual QA: candidates were wrong place, landmark/settlement/port/road/people imagery, generic coastal views, or not beach-specific enough for safe use.",3,,
589,Ammos,Ammos,crete-crete-chania,Chania,crete,no_candidates,2026-06-28T13:41:44.150Z,Discovery completed for this region; no license-safe Commons/Openverse candidate was returned for this beach.,0,,
590,Aptera,Aptera,crete-crete-chania,Chania,crete,rejected,2026-06-28T13:41:44.150Z,"Rejected after automated source screening and visual QA: candidates were wrong place, landmark/settlement/port/road/people imagery, generic coastal views, or not beach-specific enough for safe use.",8,,
594,Chrysi Akti,Chrysi Akti,crete-crete-chania,Chania,crete,rejected,2026-06-28T13:41:44.150Z,"Rejected after automated source screening and visual QA: candidates were wrong place, landmark/settlement/port/road/people imagery, generic coastal views, or not beach-specific enough for safe use.",3,,
599,Grammeno,Grammeno,crete-crete-chania,Chania,crete,rejected,2026-06-28T13:41:44.150Z,"Rejected after automated source screening and visual QA: candidates were wrong place, landmark/settlement/port/road/people imagery, generic coastal views, or not beach-specific enough for safe use.",4,,
606,Limnionari,Limnionari,crete-crete-chania,Chania,crete,no_candidates,2026-06-28T13:41:44.150Z,Discovery completed for this region; no license-safe Commons/Openverse candidate was returned for this beach.,0,,
607,Platanakia,Platanakia,crete-crete-chania,Chania,crete,no_candidates,2026-06-28T13:41:44.150Z,Discovery completed for this region; no license-safe Commons/Openverse candidate was returned for this beach.,0,,
3065,Nopigia Beach,Nopigia Beach,crete-crete-chania,Chania,crete,rejected,2026-06-28T13:41:44.150Z,"Rejected after automated source screening and visual QA: candidates were wrong place, landmark/settlement/port/road/people imagery, generic coastal views, or not beach-specific enough for safe use.",2,,
3076,Korfalonas Beach,Korfalonas Beach,crete-crete-chania,Chania,crete,no_candidates,2026-06-28T13:41:44.150Z,Discovery completed for this region; no license-safe Commons/Openverse candidate was returned for this beach.,0,,
3077,Paralia Drapanias,Paralia Drapanias,crete-crete-chania,Chania,crete,no_candidates,2026-06-28T13:41:44.150Z,Discovery completed for this region; no license-safe Commons/Openverse candidate was returned for this beach.,0,,
618,Άγιος Ιωάννης,Agios Ioannis,crete-gavdos,Gavdos,crete,rejected,2026-06-28T13:41:44.150Z,"Rejected after automated source screening and visual QA: candidates were wrong place, landmark/settlement/port/road/people imagery, generic coastal views, or not beach-specific enough for safe use.",8,,
620,Afrathia,Afrathia,crete-crete-heraklion,Heraklion,crete,no_candidates,2026-06-28T13:41:44.150Z,Discovery completed for this region; no license-safe Commons/Openverse candidate was returned for this beach.,0,,
628,Πόρος,Poros,crete-crete-heraklion,Heraklion,crete,rejected,2026-06-28T13:41:44.150Z,"Rejected after automated source screening and visual QA: candidates were wrong place, landmark/settlement/port/road/people imagery, generic coastal views, or not beach-specific enough for safe use.",4,,
629,Ψιλή Άμμος,Psili Ammos,crete-crete-heraklion,Heraklion,crete,rejected,2026-06-28T13:41:44.150Z,"Rejected after automated source screening and visual QA: candidates were wrong place, landmark/settlement/port/road/people imagery, generic coastal views, or not beach-specific enough for safe use.",7,,
630,Τραφουλάς,Trafoulas,crete-crete-heraklion,Heraklion,crete,no_candidates,2026-06-28T13:41:44.150Z,Discovery completed for this region; no license-safe Commons/Openverse candidate was returned for this beach.,0,,
631,Τρυπητή,Trypiti,crete-crete-heraklion,Heraklion,crete,rejected,2026-06-28T13:41:44.150Z,"Rejected after automated source screening and visual QA: candidates were wrong place, landmark/settlement/port/road/people imagery, generic coastal views, or not beach-specific enough for safe use.",3,,
639,Μάδε,Made,crete-crete-heraklion,Heraklion,crete,rejected,2026-06-28T13:41:44.150Z,"Rejected after automated source screening and visual QA: candidates were wrong place, landmark/settlement/port/road/people imagery, generic coastal views, or not beach-specific enough for safe use.",8,,
648,Παραλία Κρασά,Paralia Krasa,crete-crete-heraklion,Heraklion,crete,no_candidates,2026-06-28T13:41:44.150Z,Discovery completed for this region; no license-safe Commons/Openverse candidate was returned for this beach.,0,,
651,Keratokambos,Keratokambos,crete-crete-heraklion,Heraklion,crete,no_candidates,2026-06-28T13:41:44.150Z,Discovery completed for this region; no license-safe Commons/Openverse candidate was returned for this beach.,0,,
655,Πέρα Γαλήνοι,Pera Galini,crete-crete-heraklion,Heraklion,crete,no_candidates,2026-06-28T13:41:44.150Z,Discovery completed for this region; no license-safe Commons/Openverse candidate was returned for this beach.,0,,
656,Κόκκινες Πλάκες,Kokkines Plakes,crete-crete-heraklion,Heraklion,crete,no_candidates,2026-06-28T13:41:44.150Z,Discovery completed for this region; no license-safe Commons/Openverse candidate was returned for this beach.,0,,
658,Λεπριάς,Leprias,crete-crete-heraklion,Heraklion,crete,no_candidates,2026-06-28T13:41:44.150Z,Discovery completed for this region; no license-safe Commons/Openverse candidate was returned for this beach.,0,,
659,Κατάρτι,Katarti,crete-crete-heraklion,Heraklion,crete,no_candidates,2026-06-28T13:41:44.150Z,Discovery completed for this region; no license-safe Commons/Openverse candidate was returned for this beach.,0,,
660,Ελυγιά,Elygia,crete-crete-heraklion,Heraklion,crete,no_candidates,2026-06-28T13:41:44.150Z,Discovery completed for this region; no license-safe Commons/Openverse candidate was returned for this beach.,0,,
665,Σαλαμίας,Salamias,crete-crete-heraklion,Heraklion,crete,no_candidates,2026-06-28T13:41:44.150Z,Discovery completed for this region; no license-safe Commons/Openverse candidate was returned for this beach.,0,,
669,Pantanassa,Pantanassa,crete-crete-heraklion,Heraklion,crete,rejected,2026-06-28T13:41:44.150Z,"Rejected after automated source screening and visual QA: candidates were wrong place, landmark/settlement/port/road/people imagery, generic coastal views, or not beach-specific enough for safe use.",4,,
672,Αγία Μαρίνα,Agia Marina,crete-crete-rethymno,Rethymno,crete,rejected,2026-06-28T13:41:44.150Z,"Rejected after source/visual QA: candidates are church/bell images near Agia Marina, not a beach photo.",8,,
682,Γλίμα,Glima,crete-crete-rethymno,Rethymno,crete,no_candidates,2026-06-28T13:41:44.150Z,Discovery completed for this region; no license-safe Commons/Openverse candidate was returned for this beach.,0,,
690,Παραλία Ανατολικά,Paralia Anatolika,crete-crete-rethymno,Rethymno,crete,no_candidates,2026-06-28T13:41:44.150Z,Discovery completed for this region; no license-safe Commons/Openverse candidate was returned for this beach.,0,,
691,Παραλία Γιαλοπόταμα,Paralia Gialopotama,crete-crete-rethymno,Rethymno,crete,no_candidates,2026-06-28T13:41:44.150Z,Discovery completed for this region; no license-safe Commons/Openverse candidate was returned for this beach.,0,,
693,Παραλία Επισκοπής,Paralia Episkopis,crete-crete-rethymno,Rethymno,crete,no_candidates,2026-06-28T13:41:44.150Z,Discovery completed for this region; no license-safe Commons/Openverse candidate was returned for this beach.,0,,
695,Παραλία Κατσούνι,Paralia Katsouni,crete-crete-rethymno,Rethymno,crete,no_candidates,2026-06-28T13:41:44.150Z,Discovery completed for this region; no license-safe Commons/Openverse candidate was returned for this beach.,0,,
698,Παχειά Άμμος,Pachia Ammos,crete-crete-rethymno,Rethymno,crete,rejected,2026-06-28T13:41:44.150Z,"Rejected after automated source screening and visual QA: candidates were wrong place, landmark/settlement/port/road/people imagery, generic coastal views, or not beach-specific enough for safe use.",5,,
701,Ποδαρέ,Podare,crete-crete-rethymno,Rethymno,crete,no_candidates,2026-06-28T13:41:44.150Z,Discovery completed for this region; no license-safe Commons/Openverse candidate was returned for this beach.,0,,
702,Πολύριζος,Polyrizos,crete-crete-rethymno,Rethymno,crete,rejected,2026-06-28T13:41:44.150Z,"Rejected after automated source screening and visual QA: candidates were wrong place, landmark/settlement/port/road/people imagery, generic coastal views, or not beach-specific enough for safe use.",1,,
708,Σταυρί,Stavri,crete-crete-rethymno,Rethymno,crete,no_candidates,2026-06-28T13:41:44.150Z,Discovery completed for this region; no license-safe Commons/Openverse candidate was returned for this beach.,0,,
712,Φωτεινάρι,Fotinari,crete-crete-rethymno,Rethymno,crete,rejected,2026-06-28T13:41:44.150Z,"Rejected after automated source screening and visual QA: candidates were wrong place, landmark/settlement/port/road/people imagery, generic coastal views, or not beach-specific enough for safe use.",1,,
718,Αθερίνα,Atherina,crete-crete-lasithi,Lasithi,crete,rejected,2026-06-28T13:41:44.150Z,"Rejected after automated source screening and visual QA: candidates were wrong place, landmark/settlement/port/road/people imagery, generic coastal views, or not beach-specific enough for safe use.",1,,
721,Άμμος Αγίου Νικολάου,Ammos Agiou Nikolaou,crete-crete-lasithi,Lasithi,crete,rejected,2026-06-28T13:41:44.150Z,"Rejected after automated source screening and visual QA: candidates were wrong place, landmark/settlement/port/road/people imagery, generic coastal views, or not beach-specific enough for safe use.",8,,
724,Ανασκελού,Anaskelou,crete-crete-lasithi,Lasithi,crete,no_candidates,2026-06-28T13:41:44.150Z,Discovery completed for this region; no license-safe Commons/Openverse candidate was returned for this beach.,0,,
726,Άσπες,Aspes,crete-crete-lasithi,Lasithi,crete,no_candidates,2026-06-28T13:41:44.150Z,Discovery completed for this region; no license-safe Commons/Openverse candidate was returned for this beach.,0,,
731,Βλυχάδα Ξερόκαμπου,Vlychada Xerokampou,crete-crete-lasithi,Lasithi,crete,no_candidates,2026-06-28T13:41:44.150Z,Discovery completed for this region; no license-safe Commons/Openverse candidate was returned for this beach.,0,,
732,Βόλια,Volia,crete-crete-lasithi,Lasithi,crete,rejected,2026-06-28T13:41:44.150Z,"Rejected after automated source screening and visual QA: candidates were wrong place, landmark/settlement/port/road/people imagery, generic coastal views, or not beach-specific enough for safe use.",2,,
742,Καλάμι,Kalami,crete-crete-lasithi,Lasithi,crete,rejected,2026-06-28T13:41:44.150Z,"Rejected after automated source screening and visual QA: candidates were wrong place, landmark/settlement/port/road/people imagery, generic coastal views, or not beach-specific enough for safe use.",1,,
751,Λιβάρι,Livari,crete-crete-lasithi,Lasithi,crete,no_candidates,2026-06-28T13:41:44.150Z,Discovery completed for this region; no license-safe Commons/Openverse candidate was returned for this beach.,0,,
753,Μαριδάτη,Maridati,crete-crete-lasithi,Lasithi,crete,rejected,2026-06-28T13:41:44.150Z,"Rejected after automated source screening and visual QA: candidates were wrong place, landmark/settlement/port/road/people imagery, generic coastal views, or not beach-specific enough for safe use.",1,,
758,Μπούφος,Boufos,crete-crete-lasithi,Lasithi,crete,rejected,2026-06-28T13:41:44.150Z,"Rejected after automated source screening and visual QA: candidates were wrong place, landmark/settlement/port/road/people imagery, generic coastal views, or not beach-specific enough for safe use.",3,,
759,Παραλία Βλυχάδια,Paralia Vlychadia,crete-crete-lasithi,Lasithi,crete,no_candidates,2026-06-28T13:41:44.150Z,Discovery completed for this region; no license-safe Commons/Openverse candidate was returned for this beach.,0,,
766,Σκινιάς,Skinias,crete-crete-lasithi,Lasithi,crete,no_candidates,2026-06-28T13:41:44.150Z,Discovery completed for this region; no license-safe Commons/Openverse candidate was returned for this beach.,0,,
772,Palaria,Palaria,crete-crete-lasithi,Lasithi,crete,no_candidates,2026-06-28T13:41:44.150Z,Discovery completed for this region; no license-safe Commons/Openverse candidate was returned for this beach.,0,,
774,Trachilias Beach,Trachilias Beach,crete-crete-lasithi,Lasithi,crete,no_candidates,2026-06-28T13:41:44.150Z,Discovery completed for this region; no license-safe Commons/Openverse candidate was returned for this beach.,0,,
780,Παραλία Μακρυλιές,Paralia Makrylies,east-macedonia-and-thrace-samothraki,Samothraki,north_aegean,no_candidates,2026-06-28T13:41:44.150Z,Discovery completed for this region; no license-safe Commons/Openverse candidate was returned for this beach.,0,,
783,Monastiraki Beach,Monastiraki Beach,east-macedonia-and-thrace-kavala-mainland,Kavala,mainland_macedonia,rejected,2026-06-28T13:41:44.150Z,"Rejected after automated source screening and visual QA: candidates were wrong place, landmark/settlement/port/road/people imagery, generic coastal views, or not beach-specific enough for safe use.",6,,
787,Βρασίδας,Vrasidas,east-macedonia-and-thrace-kavala-mainland,Kavala,mainland_macedonia,no_candidates,2026-06-28T13:41:44.150Z,Discovery completed for this region; no license-safe Commons/Openverse candidate was returned for this beach.,0,,
791,Παραλία Κάριανης,Paralia Karianis,east-macedonia-and-thrace-kavala-mainland,Kavala,mainland_macedonia,no_candidates,2026-06-28T13:41:44.150Z,Discovery completed for this region; no license-safe Commons/Openverse candidate was returned for this beach.,0,,
794,Ρέμβη,Remvi,east-macedonia-and-thrace-kavala-mainland,Kavala,mainland_macedonia,no_candidates,2026-06-28T13:41:44.150Z,Discovery completed for this region; no license-safe Commons/Openverse candidate was returned for this beach.,0,,
3066,Παραλία Φώλιας,Paralia Folias,east-macedonia-and-thrace-kavala-mainland,Kavala,mainland_macedonia,no_candidates,2026-06-28T13:41:44.150Z,Discovery completed for this region; no license-safe Commons/Openverse candidate was returned for this beach.,0,,
798,Παραλία Ίμερου,Paralia Imerou,east-macedonia-and-thrace-rodopi-mainland,Rodopi,mainland_thrace,no_candidates,2026-06-28T13:41:44.150Z,Discovery completed for this region; no license-safe Commons/Openverse candidate was returned for this beach.,0,,
800,Σύναξη,Synaxi,east-macedonia-and-thrace-rodopi-mainland,Rodopi,mainland_thrace,no_candidates,2026-06-28T13:41:44.150Z,Discovery completed for this region; no license-safe Commons/Openverse candidate was returned for this beach.,0,,
3034,Κομοτηνή Παραλία Κρυονερίου Μαρώνεια,Komotini Paralia Kryoneriou Maronia,east-macedonia-and-thrace-rodopi-mainland,Rodopi,mainland_thrace,no_candidates,2026-06-28T13:41:44.150Z,Discovery completed for this region; no license-safe Commons/Openverse candidate was returned for this beach.,0,,
3035,Κομοτηνή Φανάρι Αρωγή,Komotini Fanari Arogi,east-macedonia-and-thrace-rodopi-mainland,Rodopi,mainland_thrace,no_candidates,2026-06-28T13:41:44.150Z,Discovery completed for this region; no license-safe Commons/Openverse candidate was returned for this beach.,0,,
804,Αγία Άννα,Agia Anna,east-macedonia-and-thrace-thasos,Thasos,mainland_thrace,rejected,2026-06-28T13:41:44.150Z,"Rejected after automated source screening and visual QA: candidates were wrong place, landmark/settlement/port/road/people imagery, generic coastal views, or not beach-specific enough for safe use.",8,,
805,Αγία Παρασκευή,Agia Paraskevi,east-macedonia-and-thrace-thasos,Thasos,mainland_thrace,rejected,2026-06-28T13:41:44.150Z,"Rejected after automated source screening and visual QA: candidates were wrong place, landmark/settlement/port/road/people imagery, generic coastal views, or not beach-specific enough for safe use.",3,,
809,Αστρίς,Astris,east-macedonia-and-thrace-thasos,Thasos,mainland_thrace,rejected,2026-06-28T13:41:44.150Z,"Rejected after automated source screening and visual QA: candidates were wrong place, landmark/settlement/port/road/people imagery, generic coastal views, or not beach-specific enough for safe use.",1,,
815,Μεταλλεία,Metallia,east-macedonia-and-thrace-thasos,Thasos,mainland_thrace,rejected,2026-06-28T13:41:44.150Z,"Rejected after automated source screening and visual QA: candidates were wrong place, landmark/settlement/port/road/people imagery, generic coastal views, or not beach-specific enough for safe use.",8,,
817,Νότος,Notos,east-macedonia-and-thrace-thasos,Thasos,mainland_thrace,no_candidates,2026-06-28T13:41:44.150Z,Discovery completed for this region; no license-safe Commons/Openverse candidate was returned for this beach.,0,,
823,Σαλονικιός,Salonikios,east-macedonia-and-thrace-thasos,Thasos,mainland_thrace,rejected,2026-06-28T13:41:44.150Z,"Rejected after automated source screening and visual QA: candidates were wrong place, landmark/settlement/port/road/people imagery, generic coastal views, or not beach-specific enough for safe use.",1,,
828,Φαρι,Fari,east-macedonia-and-thrace-thasos,Thasos,mainland_thrace,no_candidates,2026-06-28T13:41:44.150Z,Discovery completed for this region; no license-safe Commons/Openverse candidate was returned for this beach.,0,,
830,Blue Lake,Blue Lake,east-macedonia-and-thrace-thasos,Thasos,mainland_thrace,no_candidates,2026-06-28T13:41:44.150Z,Discovery completed for this region; no license-safe Commons/Openverse candidate was returned for this beach.,0,,
831,Hara,Hara,east-macedonia-and-thrace-thasos,Thasos,mainland_thrace,rejected,2026-06-28T13:41:44.150Z,"Rejected after automated source screening and visual QA: candidates were wrong place, landmark/settlement/port/road/people imagery, generic coastal views, or not beach-specific enough for safe use.",1,,
833,Παραλία Γλυφάδα (Θάσος),Paralia Glyfada (Thasos),east-macedonia-and-thrace-thasos,Thasos,mainland_thrace,no_candidates,2026-06-28T13:41:44.150Z,Discovery completed for this region; no license-safe Commons/Openverse candidate was returned for this beach.,0,,
834,Άγιος Βασίλειος,Agios Vasilios,east-macedonia-and-thrace-thasos,Thasos,mainland_thrace,rejected,2026-06-28T13:41:44.150Z,"Rejected after automated source screening and visual QA: candidates were wrong place, landmark/settlement/port/road/people imagery, generic coastal views, or not beach-specific enough for safe use.",8,,
837,Γλυκάδι,Glykadi,east-macedonia-and-thrace-thasos,Thasos,mainland_thrace,no_candidates,2026-06-28T13:41:44.150Z,Discovery completed for this region; no license-safe Commons/Openverse candidate was returned for this beach.,0,,
838,Γλυφάδα,Glyfada,east-macedonia-and-thrace-thasos,Thasos,mainland_thrace,rejected,2026-06-28T13:41:44.150Z,"Rejected after automated source screening and visual QA: candidates were wrong place, landmark/settlement/port/road/people imagery, generic coastal views, or not beach-specific enough for safe use.",8,,
839,Γλυφονέρι,Glyfoneri,east-macedonia-and-thrace-thasos,Thasos,mainland_thrace,no_candidates,2026-06-28T13:41:44.150Z,Discovery completed for this region; no license-safe Commons/Openverse candidate was returned for this beach.,0,,
840,Δασύλλιο,Dasyllio,east-macedonia-and-thrace-thasos,Thasos,mainland_thrace,rejected,2026-06-28T13:41:44.150Z,"Rejected after automated source screening and visual QA: candidates were wrong place, landmark/settlement/port/road/people imagery, generic coastal views, or not beach-specific enough for safe use.",2,,
842,Κλίσμα,Klisma,east-macedonia-and-thrace-thasos,Thasos,mainland_thrace,no_candidates,2026-06-28T13:41:44.150Z,Discovery completed for this region; no license-safe Commons/Openverse candidate was returned for this beach.,0,,
847,Παπαλιμάνι,Papalimani,east-macedonia-and-thrace-thasos,Thasos,mainland_thrace,no_candidates,2026-06-28T13:41:44.150Z,Discovery completed for this region; no license-safe Commons/Openverse candidate was returned for this beach.,0,,
854,Σκάλα Σωτήρος,Skala Sotiros,east-macedonia-and-thrace-thasos,Thasos,mainland_thrace,no_candidates,2026-06-28T13:41:44.150Z,Discovery completed for this region; no license-safe Commons/Openverse candidate was returned for this beach.,0,,
3036,Λεύκιππος Άβδηρα,Levkippos Avdira,east-macedonia-and-thrace-xanthi-mainland,Xanthi,mainland_thrace,no_candidates,2026-06-28T13:41:44.150Z,Discovery completed for this region; no license-safe Commons/Openverse candidate was returned for this beach.,0,,
861,Φράχτης,Frachtis,epirus-arta-mainland,Arta,mainland_epirus,rejected,2026-06-28T13:41:44.150Z,"Rejected after automated source screening and visual QA: candidates were wrong place, landmark/settlement/port/road/people imagery, generic coastal views, or not beach-specific enough for safe use.",3,,
862,Artolithia Beach,Artolithia Beach,epirus-preveza-mainland,Preveza,mainland_epirus,no_candidates,2026-06-28T13:41:44.150Z,Discovery completed for this region; no license-safe Commons/Openverse candidate was returned for this beach.,0,,
865,Άη Γιαννάκης,Ai Giannakis,epirus-preveza-mainland,Preveza,mainland_epirus,no_candidates,2026-06-28T13:41:44.150Z,Discovery completed for this region; no license-safe Commons/Openverse candidate was returned for this beach.,0,,
866,Αλωνάκι Φαναρίου,Alonaki Fanariou,epirus-preveza-mainland,Preveza,mainland_epirus,no_candidates,2026-06-28T13:41:44.150Z,Discovery completed for this region; no license-safe Commons/Openverse candidate was returned for this beach.,0,,
868,Κρυονέρι,Kryoneri,epirus-preveza-mainland,Preveza,mainland_epirus,no_candidates,2026-06-28T13:41:44.150Z,Discovery completed for this region; no license-safe Commons/Openverse candidate was returned for this beach.,0,,
875,Παραλία Λύχνος,Paralia Lychnos,epirus-preveza-mainland,Preveza,mainland_epirus,no_candidates,2026-06-28T13:41:44.150Z,Discovery completed for this region; no license-safe Commons/Openverse candidate was returned for this beach.,0,,
877,Σκάλα,Skala,epirus-preveza-mainland,Preveza,mainland_epirus,rejected,2026-06-28T13:41:44.150Z,"Rejected after automated source screening and visual QA: candidates were wrong place, landmark/settlement/port/road/people imagery, generic coastal views, or not beach-specific enough for safe use.",1,,
878,Σπαρτίλα,Spartila,epirus-preveza-mainland,Preveza,mainland_epirus,no_candidates,2026-06-28T13:41:44.150Z,Discovery completed for this region; no license-safe Commons/Openverse candidate was returned for this beach.,0,,
879,Όρμος του Οδυσσέα,Ormos tou Odyssea,epirus-preveza-mainland,Preveza,mainland_epirus,no_candidates,2026-06-28T13:41:44.150Z,Discovery completed for this region; no license-safe Commons/Openverse candidate was returned for this beach.,0,,
881,Παραλία Μύτικα,Paralia Mytika,epirus-preveza-mainland,Preveza,mainland_epirus,no_candidates,2026-06-28T13:41:44.150Z,Discovery completed for this region; no license-safe Commons/Openverse candidate was returned for this beach.,0,,
882,Παραλία Καστροσυκιάς,Paralia Kastrosykias,epirus-preveza-mainland,Preveza,mainland_epirus,no_candidates,2026-06-28T13:41:44.150Z,Discovery completed for this region; no license-safe Commons/Openverse candidate was returned for this beach.,0,,
883,Παραλία Ριζών,Paralia Rizon,epirus-preveza-mainland,Preveza,mainland_epirus,no_candidates,2026-06-28T13:41:44.150Z,Discovery completed for this region; no license-safe Commons/Openverse candidate was returned for this beach.,0,,
884,Λιμνιώνας,Limnionas,epirus-preveza-mainland,Preveza,mainland_epirus,rejected,2026-06-28T13:41:44.150Z,"Rejected after automated source screening and visual QA: candidates were wrong place, landmark/settlement/port/road/people imagery, generic coastal views, or not beach-specific enough for safe use.",5,,
885,Παραλία Λυγιάς,Paralia Lygias,epirus-preveza-mainland,Preveza,mainland_epirus,no_candidates,2026-06-28T13:41:44.150Z,Discovery completed for this region; no license-safe Commons/Openverse candidate was returned for this beach.,0,,
886,Παραλία Βράχος - Λούτσα,Paralia Vrachos - Loutsa,epirus-preveza-mainland,Preveza,mainland_epirus,no_candidates,2026-06-28T13:41:44.150Z,Discovery completed for this region; no license-safe Commons/Openverse candidate was returned for this beach.,0,,
887,Κερέντζα,Kerentza,epirus-preveza-mainland,Preveza,mainland_epirus,no_candidates,2026-06-28T13:41:44.150Z,Discovery completed for this region; no license-safe Commons/Openverse candidate was returned for this beach.,0,,
892,Δεή,Dei,epirus-thesprotia-mainland,Thesprotia,mainland_epirus,no_candidates,2026-06-28T13:41:44.150Z,Discovery completed for this region; no license-safe Commons/Openverse candidate was returned for this beach.,0,,
899,Καραβοστάσι,Karavostasi,epirus-thesprotia-mainland,Thesprotia,mainland_epirus,rejected,2026-06-28T13:41:44.150Z,"Rejected after automated source screening and visual QA: candidates were wrong place, landmark/settlement/port/road/people imagery, generic coastal views, or not beach-specific enough for safe use.",8,,
901,Μέγα Ντράφι,Mega Drafi,epirus-thesprotia-mainland,Thesprotia,mainland_epirus,no_candidates,2026-06-28T13:41:44.150Z,Discovery completed for this region; no license-safe Commons/Openverse candidate was returned for this beach.,0,,
902,Μικρή Άμμος,Mikri Ammos,epirus-thesprotia-mainland,Thesprotia,mainland_epirus,no_candidates,2026-06-28T13:41:44.150Z,Discovery completed for this region; no license-safe Commons/Openverse candidate was returned for this beach.,0,,
905,Μπέλα Βράκα,Bela Vraka,epirus-thesprotia-mainland,Thesprotia,mainland_epirus,rejected,2026-06-28T13:41:44.150Z,"Rejected after automated source screening and visual QA: candidates were wrong place, landmark/settlement/port/road/people imagery, generic coastal views, or not beach-specific enough for safe use.",1,,
907,Παραλία Plataria Beach Hotel,Paralia Plataria Beach Hotel,epirus-thesprotia-mainland,Thesprotia,mainland_epirus,no_candidates,2026-06-28T13:41:44.150Z,Discovery completed for this region; no license-safe Commons/Openverse candidate was returned for this beach.,0,,
908,Παραλία Έλενα,Paralia Elena,epirus-thesprotia-mainland,Thesprotia,mainland_epirus,no_candidates,2026-06-28T13:41:44.150Z,Discovery completed for this region; no license-safe Commons/Openverse candidate was returned for this beach.,0,,
909,Παραλία Γάτα,Paralia Gata,epirus-thesprotia-mainland,Thesprotia,mainland_epirus,no_candidates,2026-06-28T13:41:44.150Z,Discovery completed for this region; no license-safe Commons/Openverse candidate was returned for this beach.,0,,
910,Παραλία Γαλάζιος Κόλπος,Paralia Galazios Kolpos,epirus-thesprotia-mainland,Thesprotia,mainland_epirus,no_candidates,2026-06-28T13:41:44.150Z,Discovery completed for this region; no license-safe Commons/Openverse candidate was returned for this beach.,0,,
913,Παραλία Καλάμι,Paralia Kalami,epirus-thesprotia-mainland,Thesprotia,mainland_epirus,rejected,2026-06-28T13:41:44.150Z,"Rejected after automated source screening and visual QA: candidates were wrong place, landmark/settlement/port/road/people imagery, generic coastal views, or not beach-specific enough for safe use.",1,,
914,Παραλία Κατσονήσι,Paralia Katsonisi,epirus-thesprotia-mainland,Thesprotia,mainland_epirus,no_candidates,2026-06-28T13:41:44.150Z,Discovery completed for this region; no license-safe Commons/Openverse candidate was returned for this beach.,0,,
915,Παραλία Κόκκινος Βράχος,Paralia Kokkinos Vrachos,epirus-thesprotia-mainland,Thesprotia,mainland_epirus,no_candidates,2026-06-28T13:41:44.150Z,Discovery completed for this region; no license-safe Commons/Openverse candidate was returned for this beach.,0,,
917,Παραλία Μπούκα,Paralia Bouka,epirus-thesprotia-mainland,Thesprotia,mainland_epirus,no_candidates,2026-06-28T13:41:44.150Z,Discovery completed for this region; no license-safe Commons/Openverse candidate was returned for this beach.,0,,
918,Παραλία Ναυτίλος,Paralia Navtilos,epirus-thesprotia-mainland,Thesprotia,mainland_epirus,no_candidates,2026-06-28T13:41:44.150Z,Discovery completed for this region; no license-safe Commons/Openverse candidate was returned for this beach.,0,,
921,Πράπα Μάλι,Prapa Mali,epirus-thesprotia-mainland,Thesprotia,mainland_epirus,no_candidates,2026-06-28T13:41:44.150Z,Discovery completed for this region; no license-safe Commons/Openverse candidate was returned for this beach.,0,,
922,Σοφάς,Sofas,epirus-thesprotia-mainland,Thesprotia,mainland_epirus,no_candidates,2026-06-28T13:41:44.150Z,Discovery completed for this region; no license-safe Commons/Openverse candidate was returned for this beach.,0,,
924,Παραλία Κέρκυρα,Paralia Kerkyra,epirus-thesprotia-mainland,Thesprotia,mainland_epirus,no_candidates,2026-06-28T13:41:44.150Z,Discovery completed for this region; no license-safe Commons/Openverse candidate was returned for this beach.,0,,
925,Παραλία Σαγιάδας,Paralia Sagiadas,epirus-thesprotia-mainland,Thesprotia,mainland_epirus,no_candidates,2026-06-28T13:41:44.150Z,Discovery completed for this region; no license-safe Commons/Openverse candidate was returned for this beach.,0,,
926,Keramidi Beach,Keramidi Beach,epirus-thesprotia-mainland,Thesprotia,mainland_epirus,no_candidates,2026-06-28T13:41:44.150Z,Discovery completed for this region; no license-safe Commons/Openverse candidate was returned for this beach.,0,,
929,Agni Beach,Agni Beach,ionian-islands-corfu,Corfu,ionian,no_candidates,2026-06-28T13:41:44.150Z,Discovery completed for this region; no license-safe Commons/Openverse candidate was returned for this beach.,0,,
934,Παραλία Άγιος Πέτρος (Λευκίμμη),Paralia Agios Petros (Levkimmi),ionian-islands-corfu,Corfu,ionian,no_candidates,2026-06-28T13:41:44.150Z,Discovery completed for this region; no license-safe Commons/Openverse candidate was returned for this beach.,0,,
937,Galiskari Beach,Galiskari Beach,ionian-islands-corfu,Corfu,ionian,accepted,2026-06-28T14:15:56.526Z,Exact Commons title identifies Gialiskari/Galiskari Bay and Beach in Corfu; visual QA shows the beach.,1,https://commons.wikimedia.org/w/index.php?title=Special:Redirect/file/Gialiskari%20Bay%20and%20Beach%20in%20Corfu%2C%20Greece%20(53698023643).jpg&width=800,https://commons.wikimedia.org/wiki/File%3AGialiskari%20Bay%20and%20Beach%20in%20Corfu%2C%20Greece%20(53698023643).jpg
939,Imerolia Beach,Imerolia Beach,ionian-islands-corfu,Corfu,ionian,no_candidates,2026-06-28T13:41:44.150Z,Discovery completed for this region; no license-safe Commons/Openverse candidate was returned for this beach.,0,,
942,Kaminaki Beach,Kaminaki Beach,ionian-islands-corfu,Corfu,ionian,rejected,2026-06-28T13:41:44.150Z,"Rejected after automated source screening and visual QA: candidates were wrong place, landmark/settlement/port/road/people imagery, generic coastal views, or not beach-specific enough for safe use.",1,,
947,Marathias beach,Marathias beach,ionian-islands-corfu,Corfu,ionian,accepted,2026-06-28T14:15:56.526Z,Commons category and title identify Marathias beach in Corfu; visual QA shows the sandy beach.,1,https://commons.wikimedia.org/w/index.php?title=Special:Redirect/file/Marathias%20Strand.JPG&width=800,https://commons.wikimedia.org/wiki/File%3AMarathias%20Strand.JPG
948,Moraitika Beach,Moraitika Beach,ionian-islands-corfu,Corfu,ionian,accepted,2026-06-28T14:15:56.526Z,Commons description identifies Moraitika Beach beach life; visual QA shows the beach.,1,https://commons.wikimedia.org/w/index.php?title=Special:Redirect/file/Beachlife%20Moraitika.JPG&width=800,https://commons.wikimedia.org/wiki/File%3ABeachlife%20Moraitika.JPG
949,Nissaki Beach,Nissaki Beach,ionian-islands-corfu,Corfu,ionian,rejected,2026-06-28T13:41:44.150Z,"Rejected after automated source screening and visual QA: candidates were wrong place, landmark/settlement/port/road/people imagery, generic coastal views, or not beach-specific enough for safe use.",6,,
951,Robolla Beach,Robolla Beach,ionian-islands-corfu,Corfu,ionian,rejected,2026-06-28T13:41:44.150Z,"Rejected after automated source screening and visual QA: candidates were wrong place, landmark/settlement/port/road/people imagery, generic coastal views, or not beach-specific enough for safe use.",1,,
954,Άγιος Στέφανος,Agios Stefanos,ionian-islands-corfu,Corfu,ionian,no_candidates,2026-06-28T13:41:44.150Z,Discovery completed for this region; no license-safe Commons/Openverse candidate was returned for this beach.,0,,
955,Άγιος Ιωάννης Περιστερών,Agios Ioannis Peristeron,ionian-islands-corfu,Corfu,ionian,rejected,2026-06-28T13:41:44.150Z,"Rejected after automated source screening and visual QA: candidates were wrong place, landmark/settlement/port/road/people imagery, generic coastal views, or not beach-specific enough for safe use.",3,,
956,Αγία Αικατερίνη,Agia Aikaterini,ionian-islands-corfu,Corfu,ionian,no_candidates,2026-06-28T13:41:44.150Z,Discovery completed for this region; no license-safe Commons/Openverse candidate was returned for this beach.,0,,
961,Ηλιόδωρος,Iliodoros,ionian-islands-corfu,Corfu,ionian,rejected,2026-06-28T13:41:44.150Z,"Rejected after automated source screening and visual QA: candidates were wrong place, landmark/settlement/port/road/people imagery, generic coastal views, or not beach-specific enough for safe use.",1,,
964,Καμάρι,Kamari,ionian-islands-corfu,Corfu,ionian,no_candidates,2026-06-28T13:41:44.150Z,Discovery completed for this region; no license-safe Commons/Openverse candidate was returned for this beach.,0,,
969,Κρουζερή,Krouzeri,ionian-islands-corfu,Corfu,ionian,rejected,2026-06-28T13:41:44.150Z,"Rejected after automated source screening and visual QA: candidates were wrong place, landmark/settlement/port/road/people imagery, generic coastal views, or not beach-specific enough for safe use.",1,,
970,Κρούζα,Krouza,ionian-islands-corfu,Corfu,ionian,no_candidates,2026-06-28T13:41:44.150Z,Discovery completed for this region; no license-safe Commons/Openverse candidate was returned for this beach.,0,,
971,Κόλιας,Kolias,ionian-islands-corfu,Corfu,ionian,rejected,2026-06-28T13:41:44.150Z,"Rejected after automated source screening and visual QA: candidates were wrong place, landmark/settlement/port/road/people imagery, generic coastal views, or not beach-specific enough for safe use.",1,,
973,Μανδράκι,Mandraki,ionian-islands-corfu,Corfu,ionian,rejected,2026-06-28T13:41:44.150Z,"Rejected after automated source screening and visual QA: candidates were wrong place, landmark/settlement/port/road/people imagery, generic coastal views, or not beach-specific enough for safe use.",8,,
976,Μώλος,Molos,ionian-islands-corfu,Corfu,ionian,rejected,2026-06-28T13:41:44.150Z,"Rejected after automated source screening and visual QA: candidates were wrong place, landmark/settlement/port/road/people imagery, generic coastal views, or not beach-specific enough for safe use.",4,,
979,Παραλία Άγιος Γόρδης,Paralia Agios Gordis,ionian-islands-corfu,Corfu,ionian,no_candidates,2026-06-28T13:41:44.150Z,Discovery completed for this region; no license-safe Commons/Openverse candidate was returned for this beach.,0,,
987,Παραλία Γαρδένο,Paralia Gardeno,ionian-islands-corfu,Corfu,ionian,accepted,2026-06-28T14:15:56.526Z,"Commons description identifies Gardenos/Gardeno sand beach near Lefkimmi, Corfu; visual QA shows the beach.",1,https://commons.wikimedia.org/w/index.php?title=Special:Redirect/file/Gardeno%20Sandstrand.jpg&width=800,https://commons.wikimedia.org/wiki/File%3AGardeno%20Sandstrand.jpg
990,Παραλία Κάνουλας,Paralia Kanoulas,ionian-islands-corfu,Corfu,ionian,no_candidates,2026-06-28T13:41:44.150Z,Discovery completed for this region; no license-safe Commons/Openverse candidate was returned for this beach.,0,,
992,Παραλία Κοντοκαλίου,Paralia Kontokaliou,ionian-islands-corfu,Corfu,ionian,no_candidates,2026-06-28T13:41:44.150Z,Discovery completed for this region; no license-safe Commons/Openverse candidate was returned for this beach.,0,,
993,Παραλία Λίμνη,Paralia Limni,ionian-islands-corfu,Corfu,ionian,no_candidates,2026-06-28T13:41:44.150Z,Discovery completed for this region; no license-safe Commons/Openverse candidate was returned for this beach.,0,,
998,Παραλία Μπούκα,Paralia Bouka,ionian-islands-corfu,Corfu,ionian,no_candidates,2026-06-28T13:41:44.150Z,Discovery completed for this region; no license-safe Commons/Openverse candidate was returned for this beach.,0,,
999,Παραλία ΝΑΟΚ,Paralia NAOK,ionian-islands-corfu,Corfu,ionian,no_candidates,2026-06-28T13:41:44.150Z,Discovery completed for this region; no license-safe Commons/Openverse candidate was returned for this beach.,0,,
1000,Παραλία Παρακλάδι,Paralia Parakladi,ionian-islands-corfu,Corfu,ionian,no_candidates,2026-06-28T13:41:44.150Z,Discovery completed for this region; no license-safe Commons/Openverse candidate was returned for this beach.,0,,
1002,Παραλία Σκάλομα,Paralia Skaloma,ionian-islands-corfu,Corfu,ionian,no_candidates,2026-06-28T13:41:44.150Z,Discovery completed for this region; no license-safe Commons/Openverse candidate was returned for this beach.,0,,
1003,Παραλία Στέλάρι,Paralia Stelari,ionian-islands-corfu,Corfu,ionian,rejected,2026-06-28T13:41:44.150Z,"Rejected after automated source screening and visual QA: candidates were wrong place, landmark/settlement/port/road/people imagery, generic coastal views, or not beach-specific enough for safe use.",2,,
1007,Παραλία Γυαλί,Paralia Gyali,ionian-islands-corfu,Corfu,ionian,accepted,2026-06-28T14:15:56.526Z,Commons description identifies Giali Beach on the western shore of Corfu; visual QA shows the beach/cove.,1,https://commons.wikimedia.org/w/index.php?title=Special:Redirect/file/Giali%20Beach%20(167655355).jpeg&width=800,https://commons.wikimedia.org/wiki/File%3AGiali%20Beach%20(167655355).jpeg
1011,Πετριτή,Petriti,ionian-islands-corfu,Corfu,ionian,no_candidates,2026-06-28T13:41:44.150Z,Discovery completed for this region; no license-safe Commons/Openverse candidate was returned for this beach.,0,,
1012,Πρασούδι,Prasoudi,ionian-islands-corfu,Corfu,ionian,no_candidates,2026-06-28T13:41:44.150Z,Discovery completed for this region; no license-safe Commons/Openverse candidate was returned for this beach.,0,,
1015,Σωτηριώτισσα,Sotiriotissa,ionian-islands-corfu,Corfu,ionian,no_candidates,2026-06-28T13:41:44.150Z,Discovery completed for this region; no license-safe Commons/Openverse candidate was returned for this beach.,0,,
1017,Αντύψος,Antypsos,ionian-islands-corfu,Corfu,ionian,no_candidates,2026-06-28T13:41:44.150Z,Discovery completed for this region; no license-safe Commons/Openverse candidate was returned for this beach.,0,,
3067,Κορφοβόνια,Korfovonia,ionian-islands-corfu,Corfu,ionian,rejected,2026-06-28T13:41:44.150Z,"Rejected after automated source screening and visual QA: candidates were wrong place, landmark/settlement/port/road/people imagery, generic coastal views, or not beach-specific enough for safe use.",6,,
3068,Μοσχοφίλι,Moschofili,ionian-islands-corfu,Corfu,ionian,no_candidates,2026-06-28T13:41:44.150Z,Discovery completed for this region; no license-safe Commons/Openverse candidate was returned for this beach.,0,,
3069,Παραλία Κερασιά,Paralia Kerasia,ionian-islands-corfu,Corfu,ionian,rejected,2026-06-28T13:41:44.150Z,"Rejected after automated source screening and visual QA: candidates were wrong place, landmark/settlement/port/road/people imagery, generic coastal views, or not beach-specific enough for safe use.",1,,
3078,Βουβαλομάντρια,Vouvalomantria,ionian-islands-corfu,Corfu,ionian,no_candidates,2026-06-28T13:41:44.150Z,Discovery completed for this region; no license-safe Commons/Openverse candidate was returned for this beach.,0,,
3079,Βραχλή,Vrachli,ionian-islands-corfu,Corfu,ionian,no_candidates,2026-06-28T13:41:44.150Z,Discovery completed for this region; no license-safe Commons/Openverse candidate was returned for this beach.,0,,
3080,Παραλία Χουχούλιο,Paralia Chouchoulio,ionian-islands-corfu,Corfu,ionian,no_candidates,2026-06-28T13:41:44.150Z,Discovery completed for this region; no license-safe Commons/Openverse candidate was returned for this beach.,0,,
3081,Τζουφάκα,Tzoufaka,ionian-islands-corfu,Corfu,ionian,no_candidates,2026-06-28T13:41:44.150Z,Discovery completed for this region; no license-safe Commons/Openverse candidate was returned for this beach.,0,,
3100,Αυλάκι (Κέρκυρα / Κασσιόπη),Avlaki (Kerkyra / Kassiopi),ionian-islands-corfu,Corfu,ionian,no_candidates,2026-06-28T13:41:44.150Z,Discovery completed for this region; no license-safe Commons/Openverse candidate was returned for this beach.,0,,
3101,"Βρωμολίμνη (Ερημίτης, Κέρκυρα)","Vromolimni (Erimitis, Kerkyra)",ionian-islands-corfu,Corfu,ionian,rejected,2026-06-28T13:41:44.150Z,"Rejected after automated source screening and visual QA: candidates were wrong place, landmark/settlement/port/road/people imagery, generic coastal views, or not beach-specific enough for safe use.",2,,
3102,Παραλία Άγιος Γόρδης (Λευκίμμη),Paralia Agios Gordis (Levkimmi),ionian-islands-corfu,Corfu,ionian,no_candidates,2026-06-28T13:41:44.150Z,Discovery completed for this region; no license-safe Commons/Openverse candidate was returned for this beach.,0,,
3103,Παραλία Καλάμι (Κέρκυρα),Paralia Kalami (Kerkyra),ionian-islands-corfu,Corfu,ionian,accepted,2026-06-28T14:15:56.526Z,"Exact Commons title identifies the beach in Kalami, Corfu; visual QA shows the beach/cove.",1,https://commons.wikimedia.org/w/index.php?title=Special:Redirect/file/Beach%20in%20town%20Kalami%20at%20Corfu.jpg&width=800,https://commons.wikimedia.org/wiki/File%3ABeach%20in%20town%20Kalami%20at%20Corfu.jpg
1018,Mongonisi,Mongonisi,ionian-islands-paxos,Paxos,ionian,rejected,2026-06-28T13:41:44.150Z,"Rejected after automated source screening and visual QA: candidates were wrong place, landmark/settlement/port/road/people imagery, generic coastal views, or not beach-specific enough for safe use.",8,,
1019,Αλάτι,Alati,ionian-islands-paxos,Paxos,ionian,no_candidates,2026-06-28T13:41:44.150Z,Discovery completed for this region; no license-safe Commons/Openverse candidate was returned for this beach.,0,,
1022,Αυτιά Γαϊδάρου,Avtia Gaidarou,ionian-islands-paxos,Paxos,ionian,rejected,2026-06-28T13:41:44.150Z,"Rejected after automated source screening and visual QA: candidates were wrong place, landmark/settlement/port/road/people imagery, generic coastal views, or not beach-specific enough for safe use.",1,,
1023,Γαλάζιο,Galazio,ionian-islands-paxos,Paxos,ionian,no_candidates,2026-06-28T13:41:44.150Z,Discovery completed for this region; no license-safe Commons/Openverse candidate was returned for this beach.,0,,
1028,Κήπος,Kipos,ionian-islands-paxos,Paxos,ionian,rejected,2026-06-28T13:41:44.150Z,"Rejected after automated source screening and visual QA: candidates were wrong place, landmark/settlement/port/road/people imagery, generic coastal views, or not beach-specific enough for safe use.",3,,
1033,Λάκκος,Lakkos,ionian-islands-paxos,Paxos,ionian,no_candidates,2026-06-28T13:41:44.150Z,Discovery completed for this region; no license-safe Commons/Openverse candidate was returned for this beach.,0,,
1037,Μονοδένδρι,Monodendri,ionian-islands-paxos,Paxos,ionian,no_candidates,2026-06-28T13:41:44.150Z,Discovery completed for this region; no license-safe Commons/Openverse candidate was returned for this beach.,0,,
1038,Οζιάς,Ozias,ionian-islands-paxos,Paxos,ionian,rejected,2026-06-28T13:41:44.150Z,"Rejected after source/visual QA: candidates show Ozias bay/rocks/landmarks, not a clear beach-specific photo.",8,,
1039,Ορκός,Orkos,ionian-islands-paxos,Paxos,ionian,rejected,2026-06-28T13:41:44.150Z,"Rejected after automated source screening and visual QA: candidates were wrong place, landmark/settlement/port/road/people imagery, generic coastal views, or not beach-specific enough for safe use.",5,,
1043,Σαρακίνικο,Sarakiniko,ionian-islands-antipaxos,Antipaxos,ionian,rejected,2026-06-28T13:41:44.150Z,"Rejected after automated source screening and visual QA: candidates were wrong place, landmark/settlement/port/road/people imagery, generic coastal views, or not beach-specific enough for safe use.",5,,
1044,Φύκι,Fyki,ionian-islands-antipaxos,Antipaxos,ionian,no_candidates,2026-06-28T13:41:44.150Z,Discovery completed for this region; no license-safe Commons/Openverse candidate was returned for this beach.,0,,
1045,Καλαμίτσα,Kalamitsa,ionian-islands-antipaxos,Antipaxos,ionian,rejected,2026-06-28T13:41:44.150Z,"Rejected after automated source screening and visual QA: candidates were wrong place, landmark/settlement/port/road/people imagery, generic coastal views, or not beach-specific enough for safe use.",4,,
1046,Σκίδι,Skidi,ionian-islands-antipaxos,Antipaxos,ionian,no_candidates,2026-06-28T13:41:44.150Z,Discovery completed for this region; no license-safe Commons/Openverse candidate was returned for this beach.,0,,
1047,Μικρό Αγνί,Mikro Agni,ionian-islands-antipaxos,Antipaxos,ionian,no_candidates,2026-06-28T13:41:44.150Z,Discovery completed for this region; no license-safe Commons/Openverse candidate was returned for this beach.,0,,
1048,Μεγάλο Αγνί,Megalo Agni,ionian-islands-antipaxos,Antipaxos,ionian,no_candidates,2026-06-28T13:41:44.150Z,Discovery completed for this region; no license-safe Commons/Openverse candidate was returned for this beach.,0,,
1049,Ροδοβάνι,Rodovani,ionian-islands-antipaxos,Antipaxos,ionian,no_candidates,2026-06-28T13:41:44.150Z,Discovery completed for this region; no license-safe Commons/Openverse candidate was returned for this beach.,0,,
3090,Σπιάντζα στα Σφουγγάρια,Spiantza sta Sfoungaria,ionian-islands-antipaxos,Antipaxos,ionian,no_candidates,2026-06-28T13:41:44.150Z,Discovery completed for this region; no license-safe Commons/Openverse candidate was returned for this beach.,0,,
1056,Αγία Τριάδα,Agia Triada,ionian-islands-othonoi,Othonoi,ionian,rejected,2026-06-28T13:41:44.150Z,"Rejected after automated source screening and visual QA: candidates were wrong place, landmark/settlement/port/road/people imagery, generic coastal views, or not beach-specific enough for safe use.",2,,
1057,Μόλος,Molos,ionian-islands-othonoi,Othonoi,ionian,rejected,2026-06-28T13:41:44.150Z,"Rejected after automated source screening and visual QA: candidates were wrong place, landmark/settlement/port/road/people imagery, generic coastal views, or not beach-specific enough for safe use.",5,,
1058,Άσπρη Άμμος,Aspri Ammos,ionian-islands-othonoi,Othonoi,ionian,no_candidates,2026-06-28T13:41:44.150Z,Discovery completed for this region; no license-safe Commons/Openverse candidate was returned for this beach.,0,,
1059,Μπραγκίνι,Bragkini,ionian-islands-erikoussa,Erikoussa,ionian,no_candidates,2026-06-28T13:41:44.150Z,Discovery completed for this region; no license-safe Commons/Openverse candidate was returned for this beach.,0,,
1060,Πόρτο,Porto,ionian-islands-erikoussa,Erikoussa,ionian,rejected,2026-06-28T13:41:44.150Z,"Rejected after automated source screening and visual QA: candidates were wrong place, landmark/settlement/port/road/people imagery, generic coastal views, or not beach-specific enough for safe use.",8,,
1061,Πορτέλο,Portelo,ionian-islands-mathraki,Mathraki,ionian,no_candidates,2026-06-28T13:41:44.150Z,Discovery completed for this region; no license-safe Commons/Openverse candidate was returned for this beach.,0,,
1062,Αμίδι,Amidi,ionian-islands-kefalonia,Kefalonia,ionian,no_candidates,2026-06-28T13:41:44.150Z,Discovery completed for this region; no license-safe Commons/Openverse candidate was returned for this beach.,0,,
1065,Cronidis Beach,Cronidis Beach,ionian-islands-kefalonia,Kefalonia,ionian,no_candidates,2026-06-28T13:41:44.150Z,Discovery completed for this region; no license-safe Commons/Openverse candidate was returned for this beach.,0,,
1068,Φτέρη,Fteri,ionian-islands-kefalonia,Kefalonia,ionian,no_candidates,2026-06-28T13:41:44.150Z,Discovery completed for this region; no license-safe Commons/Openverse candidate was returned for this beach.,0,,
1075,Σίσσια,Sissia,ionian-islands-kefalonia,Kefalonia,ionian,no_candidates,2026-06-28T13:41:44.150Z,Discovery completed for this region; no license-safe Commons/Openverse candidate was returned for this beach.,0,,
1080,Άγιος Θωμάς,Agios Thomas,ionian-islands-kefalonia,Kefalonia,ionian,no_candidates,2026-06-28T13:41:44.150Z,Discovery completed for this region; no license-safe Commons/Openverse candidate was returned for this beach.,0,,
1082,Άμμες,Ammes,ionian-islands-kefalonia,Kefalonia,ionian,rejected,2026-06-28T13:41:44.150Z,"Rejected after automated source screening and visual QA: candidates were wrong place, landmark/settlement/port/road/people imagery, generic coastal views, or not beach-specific enough for safe use.",3,,
1084,Αγία Ελένη,Agia Eleni,ionian-islands-kefalonia,Kefalonia,ionian,no_candidates,2026-06-28T13:41:44.150Z,Discovery completed for this region; no license-safe Commons/Openverse candidate was returned for this beach.,0,,
1091,Βραχινάρι,Vrachinari,ionian-islands-kefalonia,Kefalonia,ionian,no_candidates,2026-06-28T13:41:44.150Z,Discovery completed for this region; no license-safe Commons/Openverse candidate was returned for this beach.,0,,
1093,Ελληνικά,Ellinika,ionian-islands-kefalonia,Kefalonia,ionian,rejected,2026-06-28T13:41:44.150Z,"Rejected after automated source screening and visual QA: candidates were wrong place, landmark/settlement/port/road/people imagery, generic coastal views, or not beach-specific enough for safe use.",7,,
1094,Κακό Λαγκάδι,Kako Lagkadi,ionian-islands-kefalonia,Kefalonia,ionian,no_candidates,2026-06-28T13:41:44.150Z,Discovery completed for this region; no license-safe Commons/Openverse candidate was returned for this beach.,0,,
1100,Κορώνι,Koroni,ionian-islands-kefalonia,Kefalonia,ionian,rejected,2026-06-28T13:41:44.150Z,"Rejected after automated source screening and visual QA: candidates were wrong place, landmark/settlement/port/road/people imagery, generic coastal views, or not beach-specific enough for safe use.",8,,
1101,Κουμαριά,Koumaria,ionian-islands-kefalonia,Kefalonia,ionian,no_candidates,2026-06-28T13:41:44.150Z,Discovery completed for this region; no license-safe Commons/Openverse candidate was returned for this beach.,0,,
1104,Λαγκαδάκια,Lagkadakia,ionian-islands-kefalonia,Kefalonia,ionian,no_candidates,2026-06-28T13:41:44.150Z,Discovery completed for this region; no license-safe Commons/Openverse candidate was returned for this beach.,0,,
1105,Λεύκα,Levka,ionian-islands-kefalonia,Kefalonia,ionian,no_candidates,2026-06-28T13:41:44.150Z,Discovery completed for this region; no license-safe Commons/Openverse candidate was returned for this beach.,0,,
1106,Λιμένια,Limenia,ionian-islands-kefalonia,Kefalonia,ionian,no_candidates,2026-06-28T13:41:44.150Z,Discovery completed for this region; no license-safe Commons/Openverse candidate was returned for this beach.,0,,
1107,Λουρδάτα,Lourdata,ionian-islands-kefalonia,Kefalonia,ionian,no_candidates,2026-06-28T13:41:44.150Z,Discovery completed for this region; no license-safe Commons/Openverse candidate was returned for this beach.,0,,
1111,Μέγας Λάκκος,Megas Lakkos,ionian-islands-kefalonia,Kefalonia,ionian,no_candidates,2026-06-28T13:41:44.150Z,Discovery completed for this region; no license-safe Commons/Openverse candidate was returned for this beach.,0,,
1114,Νιψιάς,Nipsias,ionian-islands-kefalonia,Kefalonia,ionian,no_candidates,2026-06-28T13:41:44.150Z,Discovery completed for this region; no license-safe Commons/Openverse candidate was returned for this beach.,0,,
1130,Τραπεζάκι,Trapezaki,ionian-islands-kefalonia,Kefalonia,ionian,no_candidates,2026-06-28T13:41:44.150Z,Discovery completed for this region; no license-safe Commons/Openverse candidate was returned for this beach.,0,,
1132,Ψαμούσα,Psamousa,ionian-islands-kefalonia,Kefalonia,ionian,no_candidates,2026-06-28T13:41:44.150Z,Discovery completed for this region; no license-safe Commons/Openverse candidate was returned for this beach.,0,,
1134,Λιθοβάτης,Lithovatis,ionian-islands-kefalonia,Kefalonia,ionian,no_candidates,2026-06-28T13:41:44.150Z,Discovery completed for this region; no license-safe Commons/Openverse candidate was returned for this beach.,0,,
1135,Γιαγάνα,Giagana,ionian-islands-kefalonia,Kefalonia,ionian,no_candidates,2026-06-28T13:41:44.150Z,Discovery completed for this region; no license-safe Commons/Openverse candidate was returned for this beach.,0,,
1136,Χοργοτά,Chorgota,ionian-islands-kefalonia,Kefalonia,ionian,no_candidates,2026-06-28T13:41:44.150Z,Discovery completed for this region; no license-safe Commons/Openverse candidate was returned for this beach.,0,,
1137,Αγιά Σοφία,Agia Sofia,ionian-islands-kefalonia,Kefalonia,ionian,no_candidates,2026-06-28T13:41:44.150Z,Discovery completed for this region; no license-safe Commons/Openverse candidate was returned for this beach.,0,,
1138,Πλατύ Λιμάνι,Platy Limani,ionian-islands-kefalonia,Kefalonia,ionian,no_candidates,2026-06-28T13:41:44.150Z,Discovery completed for this region; no license-safe Commons/Openverse candidate was returned for this beach.,0,,
1139,Breath of Zorbas beach,Breath of Zorbas beach,ionian-islands-lefkada,Lefkada,ionian,no_candidates,2026-06-28T13:41:44.150Z,Discovery completed for this region; no license-safe Commons/Openverse candidate was returned for this beach.,0,,
1141,Καμάρι,Kamari,ionian-islands-lefkada,Lefkada,ionian,rejected,2026-06-28T13:41:44.150Z,"Rejected after automated source screening and visual QA: candidates were wrong place, landmark/settlement/port/road/people imagery, generic coastal views, or not beach-specific enough for safe use.",8,,
1142,Παραλία Νικιάνας,Paralia Nikianas,ionian-islands-lefkada,Lefkada,ionian,no_candidates,2026-06-28T13:41:44.150Z,Discovery completed for this region; no license-safe Commons/Openverse candidate was returned for this beach.,0,,
1143,Νότια Παραλία Νικιάνας,Notia Paralia Nikianas,ionian-islands-lefkada,Lefkada,ionian,no_candidates,2026-06-28T13:41:44.150Z,Discovery completed for this region; no license-safe Commons/Openverse candidate was returned for this beach.,0,,
1144,Πασάς,Pasas,ionian-islands-lefkada,Lefkada,ionian,rejected,2026-06-28T13:41:44.150Z,"Rejected after automated source screening and visual QA: candidates were wrong place, landmark/settlement/port/road/people imagery, generic coastal views, or not beach-specific enough for safe use.",1,,
1145,Λίμνη / Στροφή,Limni / Strofi,ionian-islands-lefkada,Lefkada,ionian,no_candidates,2026-06-28T13:41:44.150Z,Discovery completed for this region; no license-safe Commons/Openverse candidate was returned for this beach.,0,,
1146,Άγιος Ιωάννης,Agios Ioannis,ionian-islands-lefkada,Lefkada,ionian,rejected,2026-06-28T13:41:44.150Z,"Rejected after automated source screening and visual QA: candidates were wrong place, landmark/settlement/port/road/people imagery, generic coastal views, or not beach-specific enough for safe use.",8,,
1150,Αμμόγλωσσα,Ammoglossa,ionian-islands-lefkada,Lefkada,ionian,rejected,2026-06-28T13:41:44.150Z,"Rejected after automated source screening and visual QA: candidates were wrong place, landmark/settlement/port/road/people imagery, generic coastal views, or not beach-specific enough for safe use.",8,,
1151,Ανατολική παραλία Σκορπιού,Anatoliki paralia Skorpiou,ionian-islands-lefkada,Lefkada,ionian,rejected,2026-06-28T13:41:44.150Z,"Rejected after automated source screening and visual QA: candidates were wrong place, landmark/settlement/port/road/people imagery, generic coastal views, or not beach-specific enough for safe use.",7,,
1152,Ανώνυμη Παραλία Κομηλιό,Anonymi Paralia Komilio,ionian-islands-lefkada,Lefkada,ionian,no_candidates,2026-06-28T13:41:44.150Z,Discovery completed for this region; no license-safe Commons/Openverse candidate was returned for this beach.,0,,
1153,Ασπρογιαλός,Asprogialos,ionian-islands-lefkada,Lefkada,ionian,no_candidates,2026-06-28T13:41:44.150Z,Discovery completed for this region; no license-safe Commons/Openverse candidate was returned for this beach.,0,,
1157,Γιαλός,Gialos,ionian-islands-lefkada,Lefkada,ionian,rejected,2026-06-28T13:41:44.150Z,"Rejected after automated source screening and visual QA: candidates were wrong place, landmark/settlement/port/road/people imagery, generic coastal views, or not beach-specific enough for safe use.",8,,
1165,Λυγιά,Lygia,ionian-islands-lefkada,Lefkada,ionian,no_candidates,2026-06-28T13:41:44.150Z,Discovery completed for this region; no license-safe Commons/Openverse candidate was returned for this beach.,0,,
1170,Πλάκα (Βαγιά),Plaka (Vagia),ionian-islands-lefkada,Lefkada,ionian,no_candidates,2026-06-28T13:41:44.150Z,Discovery completed for this region; no license-safe Commons/Openverse candidate was returned for this beach.,0,,
1172,Σκάλα Γιαλού,Skala Gialou,ionian-islands-lefkada,Lefkada,ionian,no_candidates,2026-06-28T13:41:44.150Z,Discovery completed for this region; no license-safe Commons/Openverse candidate was returned for this beach.,0,,
1173,Φτέρη,Fteri,ionian-islands-lefkada,Lefkada,ionian,no_candidates,2026-06-28T13:41:44.150Z,Discovery completed for this region; no license-safe Commons/Openverse candidate was returned for this beach.,0,,
3098,Άι Γιάννης (Λευκάδα),Ai Giannis (Levkada),ionian-islands-lefkada,Lefkada,ionian,rejected,2026-06-28T13:41:44.150Z,"Rejected after automated source screening and visual QA: candidates were wrong place, landmark/settlement/port/road/people imagery, generic coastal views, or not beach-specific enough for safe use.",8,,
1174,Λιμονάρι,Limonari,ionian-islands-meganisi,Meganisi,ionian,no_candidates,2026-06-28T13:41:44.150Z,Discovery completed for this region; no license-safe Commons/Openverse candidate was returned for this beach.,0,,
1175,Αμπελάκια,Ampelakia,ionian-islands-meganisi,Meganisi,ionian,no_candidates,2026-06-28T13:41:44.150Z,Discovery completed for this region; no license-safe Commons/Openverse candidate was returned for this beach.,0,,
1176,Ελιά,Elia,ionian-islands-meganisi,Meganisi,ionian,rejected,2026-06-28T13:41:44.150Z,"Rejected after automated source screening and visual QA: candidates were wrong place, landmark/settlement/port/road/people imagery, generic coastal views, or not beach-specific enough for safe use.",8,,
1177,Αθερινός,Atherinos,ionian-islands-meganisi,Meganisi,ionian,no_candidates,2026-06-28T13:41:44.150Z,Discovery completed for this region; no license-safe Commons/Openverse candidate was returned for this beach.,0,,
1178,Άγιος Ιωάννης,Agios Ioannis,ionian-islands-meganisi,Meganisi,ionian,rejected,2026-06-28T13:41:44.150Z,"Rejected after automated source screening and visual QA: candidates were wrong place, landmark/settlement/port/road/people imagery, generic coastal views, or not beach-specific enough for safe use.",8,,
1179,Πασουμάκι,Pasoumaki,ionian-islands-meganisi,Meganisi,ionian,no_candidates,2026-06-28T13:41:44.150Z,Discovery completed for this region; no license-safe Commons/Openverse candidate was returned for this beach.,0,,
1181,Φανάρι,Fanari,ionian-islands-meganisi,Meganisi,ionian,rejected,2026-06-28T13:41:44.150Z,"Rejected after automated source screening and visual QA: candidates were wrong place, landmark/settlement/port/road/people imagery, generic coastal views, or not beach-specific enough for safe use.",8,,
1184,Αμπούλα,Ampoula,ionian-islands-zakynthos,Zakynthos,ionian,rejected,2026-06-28T13:41:44.150Z,"Rejected after automated source screening and visual QA: candidates were wrong place, landmark/settlement/port/road/people imagery, generic coastal views, or not beach-specific enough for safe use.",8,,
1201,Ατσίγγανος,Atsinganos,ionian-islands-zakynthos,Zakynthos,ionian,no_candidates,2026-06-28T13:41:44.150Z,Discovery completed for this region; no license-safe Commons/Openverse candidate was returned for this beach.,0,,
1202,Βουρδέρη,Vourderi,ionian-islands-zakynthos,Zakynthos,ionian,rejected,2026-06-28T13:41:44.150Z,"Rejected after automated source screening and visual QA: candidates were wrong place, landmark/settlement/port/road/people imagery, generic coastal views, or not beach-specific enough for safe use.",1,,
1214,Παραλία Σελίνας Φιλίππων,Paralia Selinas Filippon,ionian-islands-zakynthos,Zakynthos,ionian,no_candidates,2026-06-28T13:41:44.150Z,Discovery completed for this region; no license-safe Commons/Openverse candidate was returned for this beach.,0,,
1221,Άντρη,Antri,ionian-islands-ithaca,Ithaca,ionian,rejected,2026-06-28T13:41:44.150Z,"Rejected after automated source screening and visual QA: candidates were wrong place, landmark/settlement/port/road/people imagery, generic coastal views, or not beach-specific enough for safe use.",5,,
1222,Πέρα Πηγάδι,Pera Pigadi,ionian-islands-ithaca,Ithaca,ionian,no_candidates,2026-06-28T13:41:44.150Z,Discovery completed for this region; no license-safe Commons/Openverse candidate was returned for this beach.,0,,
1223,Παραλία Καμίνια,Paralia Kaminia,ionian-islands-ithaca,Ithaca,ionian,no_candidates,2026-06-28T13:41:44.150Z,Discovery completed for this region; no license-safe Commons/Openverse candidate was returned for this beach.,0,,
1224,Παραλία Σαρακήνικο,Paralia Sarakiniko,ionian-islands-ithaca,Ithaca,ionian,no_candidates,2026-06-28T13:41:44.150Z,Discovery completed for this region; no license-safe Commons/Openverse candidate was returned for this beach.,0,,
1226,Παραλία Φιλιατρό,Paralia Filiatro,ionian-islands-ithaca,Ithaca,ionian,no_candidates,2026-06-28T13:41:44.150Z,Discovery completed for this region; no license-safe Commons/Openverse candidate was returned for this beach.,0,,
1230,Παραλία Γιδάκι,Paralia Gidaki,ionian-islands-ithaca,Ithaca,ionian,no_candidates,2026-06-28T13:41:44.150Z,Discovery completed for this region; no license-safe Commons/Openverse candidate was returned for this beach.,0,,
1233,Λιανό Νησάκι,Liano Nisaki,ionian-islands-ithaca,Ithaca,ionian,no_candidates,2026-06-28T13:41:44.150Z,Discovery completed for this region; no license-safe Commons/Openverse candidate was returned for this beach.,0,,
1234,Κριτάμι,Kritami,ionian-islands-ithaca,Ithaca,ionian,no_candidates,2026-06-28T13:41:44.150Z,Discovery completed for this region; no license-safe Commons/Openverse candidate was returned for this beach.,0,,
1235,Μικρή Πόλη,Mikri Poli,ionian-islands-ithaca,Ithaca,ionian,no_candidates,2026-06-28T13:41:44.150Z,Discovery completed for this region; no license-safe Commons/Openverse candidate was returned for this beach.,0,,
1236,Πόλη,Poli,ionian-islands-ithaca,Ithaca,ionian,no_candidates,2026-06-28T13:41:44.150Z,Discovery completed for this region; no license-safe Commons/Openverse candidate was returned for this beach.,0,,
1241,Πρώτα Κουρβούλια,Prota Kourvoulia,ionian-islands-ithaca,Ithaca,ionian,rejected,2026-06-28T13:41:44.150Z,"Rejected after automated source screening and visual QA: candidates were wrong place, landmark/settlement/port/road/people imagery, generic coastal views, or not beach-specific enough for safe use.",8,,
1244,Παραλία Μάρμακα,Paralia Marmaka,ionian-islands-ithaca,Ithaca,ionian,no_candidates,2026-06-28T13:41:44.150Z,Discovery completed for this region; no license-safe Commons/Openverse candidate was returned for this beach.,0,,
3104,Παραλία Φιλιατρό (Κιόνι),Paralia Filiatro (Kioni),ionian-islands-ithaca,Ithaca,ionian,rejected,2026-06-28T13:41:44.150Z,"Rejected after automated source screening and visual QA: candidates were wrong place, landmark/settlement/port/road/people imagery, generic coastal views, or not beach-specific enough for safe use.",3,,
1245,Παραλία Αμάδων,Paralia Amadon,north-aegean-chios,Chios,north_aegean,no_candidates,2026-06-28T13:41:44.150Z,Discovery completed for this region; no license-safe Commons/Openverse candidate was returned for this beach.,0,,
1246,Παραλία Πυργιά (νότιος όρμος),Paralia Pyrgia (notios ormos),north-aegean-chios,Chios,north_aegean,no_candidates,2026-06-28T13:41:44.150Z,Discovery completed for this region; no license-safe Commons/Openverse candidate was returned for this beach.,0,,
1247,Παραλία Πυργιά (βόρειος όρμος),Paralia Pyrgia (vorios ormos),north-aegean-chios,Chios,north_aegean,no_candidates,2026-06-28T13:41:44.150Z,Discovery completed for this region; no license-safe Commons/Openverse candidate was returned for this beach.,0,,
1249,Lilikas,Lilikas,north-aegean-chios,Chios,north_aegean,no_candidates,2026-06-28T13:41:44.150Z,Discovery completed for this region; no license-safe Commons/Openverse candidate was returned for this beach.,0,,
1250,Μάναγρος,Managros,north-aegean-chios,Chios,north_aegean,rejected,2026-06-28T13:41:44.150Z,"Rejected after automated source screening and visual QA: candidates were wrong place, landmark/settlement/port/road/people imagery, generic coastal views, or not beach-specific enough for safe use.",2,,
1252,Παραλία Τραχύλι,Paralia Trachyli,north-aegean-chios,Chios,north_aegean,no_candidates,2026-06-28T13:41:44.150Z,Discovery completed for this region; no license-safe Commons/Openverse candidate was returned for this beach.,0,,
1253,Βίγλα,Vigla,north-aegean-chios,Chios,north_aegean,no_candidates,2026-06-28T13:41:44.150Z,Discovery completed for this region; no license-safe Commons/Openverse candidate was returned for this beach.,0,,
1255,Αγία Ειρήνη,Agia Irini,north-aegean-chios,Chios,north_aegean,no_candidates,2026-06-28T13:41:44.150Z,Discovery completed for this region; no license-safe Commons/Openverse candidate was returned for this beach.,0,,
1256,Αγία Φωτεινή,Agia Fotini,north-aegean-chios,Chios,north_aegean,no_candidates,2026-06-28T13:41:44.150Z,Discovery completed for this region; no license-safe Commons/Openverse candidate was returned for this beach.,0,,
1257,Αποθήκα,Apothika,north-aegean-chios,Chios,north_aegean,no_candidates,2026-06-28T13:41:44.150Z,Discovery completed for this region; no license-safe Commons/Openverse candidate was returned for this beach.,0,,
1258,Γυαλί,Gyali,north-aegean-chios,Chios,north_aegean,no_candidates,2026-06-28T13:41:44.150Z,Discovery completed for this region; no license-safe Commons/Openverse candidate was returned for this beach.,0,,
1261,Κώμη,Komi,north-aegean-chios,Chios,north_aegean,accepted,2026-06-28T14:20:15.847Z,Exact Commons title identifies Komi beach; Commons category places it under beaches of Chios and visual QA shows the beach.,1,https://commons.wikimedia.org/w/index.php?title=Special:Redirect/file/Komi%20beach.jpg&width=800,https://commons.wikimedia.org/wiki/File%3AKomi%20beach.jpg
1262,Μακριά Άμμος,Makria Ammos,north-aegean-chios,Chios,north_aegean,no_candidates,2026-06-28T13:41:44.150Z,Discovery completed for this region; no license-safe Commons/Openverse candidate was returned for this beach.,0,,
1264,Ναγός,Nagos,north-aegean-chios,Chios,north_aegean,no_candidates,2026-06-28T13:41:44.150Z,Discovery completed for this region; no license-safe Commons/Openverse candidate was returned for this beach.,0,,
1266,Παραλία Αυλωνία,Paralia Avlonia,north-aegean-chios,Chios,north_aegean,no_candidates,2026-06-28T13:41:44.150Z,Discovery completed for this region; no license-safe Commons/Openverse candidate was returned for this beach.,0,,
1267,Αυλωνιά Πυργίου,Avlonia Pyrgiou,north-aegean-chios,Chios,north_aegean,no_candidates,2026-06-28T13:41:44.150Z,Discovery completed for this region; no license-safe Commons/Openverse candidate was returned for this beach.,0,,
1268,Παραλία Βρουλίδια,Paralia Vroulidia,north-aegean-chios,Chios,north_aegean,no_candidates,2026-06-28T13:41:44.150Z,Discovery completed for this region; no license-safe Commons/Openverse candidate was returned for this beach.,0,,
1269,Παραλία Κάμπια,Paralia Kampia,north-aegean-chios,Chios,north_aegean,no_candidates,2026-06-28T13:41:44.150Z,Discovery completed for this region; no license-safe Commons/Openverse candidate was returned for this beach.,0,,
1270,Παραλία Κάτω Φανά,Paralia Kato Fana,north-aegean-chios,Chios,north_aegean,rejected,2026-06-28T13:41:44.150Z,"Rejected after automated source screening and visual QA: candidates were wrong place, landmark/settlement/port/road/people imagery, generic coastal views, or not beach-specific enough for safe use.",1,,
1271,Παραλία Καρύντα,Paralia Karynta,north-aegean-chios,Chios,north_aegean,no_candidates,2026-06-28T13:41:44.150Z,Discovery completed for this region; no license-safe Commons/Openverse candidate was returned for this beach.,0,,
1273,Παραλία Μυρσινίδι,Paralia Myrsinidi,north-aegean-chios,Chios,north_aegean,no_candidates,2026-06-28T13:41:44.150Z,Discovery completed for this region; no license-safe Commons/Openverse candidate was returned for this beach.,0,,
1274,Παραλία των Γλάρων,Paralia ton Glaron,north-aegean-chios,Chios,north_aegean,no_candidates,2026-06-28T13:41:44.150Z,Discovery completed for this region; no license-safe Commons/Openverse candidate was returned for this beach.,0,,
1276,Σαλάγωνα,Salagona,north-aegean-chios,Chios,north_aegean,no_candidates,2026-06-28T13:41:44.150Z,Discovery completed for this region; no license-safe Commons/Openverse candidate was returned for this beach.,0,,
1277,Τηγάνι,Tigani,north-aegean-chios,Chios,north_aegean,no_candidates,2026-06-28T13:41:44.150Z,Discovery completed for this region; no license-safe Commons/Openverse candidate was returned for this beach.,0,,
3038,Χίος Δασκαλόπετρα,Chios Daskalopetra,north-aegean-chios,Chios,north_aegean,rejected,2026-06-28T13:41:44.150Z,"Rejected after automated source screening and visual QA: candidates were wrong place, landmark/settlement/port/road/people imagery, generic coastal views, or not beach-specific enough for safe use.",1,,
3082,Αγ.Ελένη,Ag.Eleni,north-aegean-chios,Chios,north_aegean,no_candidates,2026-06-28T13:41:44.150Z,Discovery completed for this region; no license-safe Commons/Openverse candidate was returned for this beach.,0,,
1279,Αρχοντίκι,Archontiki,north-aegean-psara,Psara,north_aegean,rejected,2026-06-28T13:41:44.150Z,"Rejected after automated source screening and visual QA: candidates were wrong place, landmark/settlement/port/road/people imagery, generic coastal views, or not beach-specific enough for safe use.",4,,
1281,Λάκκα,Lakka,north-aegean-psara,Psara,north_aegean,rejected,2026-06-28T13:41:44.150Z,"Rejected after automated source screening and visual QA: candidates were wrong place, landmark/settlement/port/road/people imagery, generic coastal views, or not beach-specific enough for safe use.",1,,
1282,Λήμνος,Limnos,north-aegean-psara,Psara,north_aegean,rejected,2026-06-28T13:41:44.150Z,"Rejected after automated source screening and visual QA: candidates were wrong place, landmark/settlement/port/road/people imagery, generic coastal views, or not beach-specific enough for safe use.",2,,
1283,Λαζαρέτα,Lazareta,north-aegean-psara,Psara,north_aegean,rejected,2026-06-28T13:41:44.150Z,"Rejected after automated source screening and visual QA: candidates were wrong place, landmark/settlement/port/road/people imagery, generic coastal views, or not beach-specific enough for safe use.",1,,
1284,Ψιλή,Psili,north-aegean-psara,Psara,north_aegean,rejected,2026-06-28T13:41:44.150Z,"Rejected after automated source screening and visual QA: candidates were wrong place, landmark/settlement/port/road/people imagery, generic coastal views, or not beach-specific enough for safe use.",7,,
1285,Κακοπετριά,Kakopetria,north-aegean-oinousses,Oinousses,north_aegean,no_candidates,2026-06-28T13:41:44.150Z,Discovery completed for this region; no license-safe Commons/Openverse candidate was returned for this beach.,0,,
1286,Φασόλι,Fasoli,north-aegean-oinousses,Oinousses,north_aegean,no_candidates,2026-06-28T13:41:44.150Z,Discovery completed for this region; no license-safe Commons/Openverse candidate was returned for this beach.,0,,
1287,Μπιλάλι,Bilali,north-aegean-oinousses,Oinousses,north_aegean,no_candidates,2026-06-28T13:41:44.150Z,Discovery completed for this region; no license-safe Commons/Openverse candidate was returned for this beach.,0,,
1288,Απήγανου,Apiganou,north-aegean-oinousses,Oinousses,north_aegean,no_candidates,2026-06-28T13:41:44.150Z,Discovery completed for this region; no license-safe Commons/Openverse candidate was returned for this beach.,0,,
1289,Φώκια,Fokia,north-aegean-oinousses,Oinousses,north_aegean,no_candidates,2026-06-28T13:41:44.150Z,Discovery completed for this region; no license-safe Commons/Openverse candidate was returned for this beach.,0,,
1290,Χόχλακας,Chochlakas,north-aegean-oinousses,Oinousses,north_aegean,rejected,2026-06-28T13:41:44.150Z,"Rejected after automated source screening and visual QA: candidates were wrong place, landmark/settlement/port/road/people imagery, generic coastal views, or not beach-specific enough for safe use.",1,,
1291,Χατζαλή,Chatzali,north-aegean-oinousses,Oinousses,north_aegean,no_candidates,2026-06-28T13:41:44.150Z,Discovery completed for this region; no license-safe Commons/Openverse candidate was returned for this beach.,0,,
1292,Κατσίκα,Katsika,north-aegean-oinousses,Oinousses,north_aegean,no_candidates,2026-06-28T13:41:44.150Z,Discovery completed for this region; no license-safe Commons/Openverse candidate was returned for this beach.,0,,
1294,Αγάλιασμα,Agaliasma,north-aegean-ikaria,Ikaria,north_aegean,no_candidates,2026-06-28T13:41:44.150Z,Discovery completed for this region; no license-safe Commons/Openverse candidate was returned for this beach.,0,,
1299,Κυπαρίσσι,Kyparissi,north-aegean-ikaria,Ikaria,north_aegean,rejected,2026-06-28T13:41:44.150Z,"Rejected after automated source screening and visual QA: candidates were wrong place, landmark/settlement/port/road/people imagery, generic coastal views, or not beach-specific enough for safe use.",1,,
1303,Παραλία Ξυλοσύρτη,Paralia Xylosyrti,north-aegean-ikaria,Ikaria,north_aegean,no_candidates,2026-06-28T13:41:44.150Z,Discovery completed for this region; no license-safe Commons/Openverse candidate was returned for this beach.,0,,
1304,Του Κοντού το Λάκωμα,Tou Kontou to Lakoma,north-aegean-ikaria,Ikaria,north_aegean,no_candidates,2026-06-28T13:41:44.150Z,Discovery completed for this region; no license-safe Commons/Openverse candidate was returned for this beach.,0,,
1305,Παρθένι,Partheni,north-aegean-ikaria,Ikaria,north_aegean,rejected,2026-06-28T13:41:44.150Z,"Rejected after automated source screening and visual QA: candidates were wrong place, landmark/settlement/port/road/people imagery, generic coastal views, or not beach-specific enough for safe use.",4,,
1309,Τράχηλα,Trachila,north-aegean-ikaria,Ikaria,north_aegean,rejected,2026-06-28T13:41:44.150Z,"Rejected after automated source screening and visual QA: candidates were wrong place, landmark/settlement/port/road/people imagery, generic coastal views, or not beach-specific enough for safe use.",1,,
1312,Βλυχάδα,Vlychada,north-aegean-fournoi,Fournoi,north_aegean,no_candidates,2026-06-28T13:41:44.150Z,Discovery completed for this region; no license-safe Commons/Openverse candidate was returned for this beach.,0,,
1314,Βιτσίλα,Vitsila,north-aegean-fournoi,Fournoi,north_aegean,no_candidates,2026-06-28T13:41:44.150Z,Discovery completed for this region; no license-safe Commons/Openverse candidate was returned for this beach.,0,,
1317,Καμπί,Kampi,north-aegean-fournoi,Fournoi,north_aegean,rejected,2026-06-28T13:41:44.150Z,"Rejected after automated source screening and visual QA: candidates were wrong place, landmark/settlement/port/road/people imagery, generic coastal views, or not beach-specific enough for safe use.",3,,
1319,Παραλία Τοκμάκια,Paralia Tokmakia,north-aegean-lesvos,Lesvos,north_aegean,no_candidates,2026-06-28T13:41:44.150Z,Discovery completed for this region; no license-safe Commons/Openverse candidate was returned for this beach.,0,,
1320,Παραλία Γυμνιστών Μολύβου,Paralia Gymniston Molyvou,north-aegean-lesvos,Lesvos,north_aegean,no_candidates,2026-06-28T13:41:44.150Z,Discovery completed for this region; no license-safe Commons/Openverse candidate was returned for this beach.,0,,
1321,Άγιος Ερμογένης,Agios Ermogenis,north-aegean-lesvos,Lesvos,north_aegean,no_candidates,2026-06-28T13:41:44.150Z,Discovery completed for this region; no license-safe Commons/Openverse candidate was returned for this beach.,0,,
1322,Άγιος Ισίδωρος,Agios Isidoros,north-aegean-lesvos,Lesvos,north_aegean,accepted,2026-06-28T14:15:56.526Z,Commons description identifies an aerial photo of Agios Isidoros beach in Lesbos; visual QA shows the beach.,1,https://commons.wikimedia.org/w/index.php?title=Special:Redirect/file/Agios%20Issidoros%20-%202004-07-26%20-%2011.JPG&width=800,https://commons.wikimedia.org/wiki/File%3AAgios%20Issidoros%20-%202004-07-26%20-%2011.JPG
1324,Αμμουδέλι,Ammoudeli,north-aegean-lesvos,Lesvos,north_aegean,no_candidates,2026-06-28T13:41:44.150Z,Discovery completed for this region; no license-safe Commons/Openverse candidate was returned for this beach.,0,,
1325,Αμπέλια,Ampelia,north-aegean-lesvos,Lesvos,north_aegean,no_candidates,2026-06-28T13:41:44.150Z,Discovery completed for this region; no license-safe Commons/Openverse candidate was returned for this beach.,0,,
1326,Ανδρομάχη,Andromachi,north-aegean-lesvos,Lesvos,north_aegean,no_candidates,2026-06-28T13:41:44.150Z,Discovery completed for this region; no license-safe Commons/Openverse candidate was returned for this beach.,0,,
1327,Απεργούσα,Apergousa,north-aegean-lesvos,Lesvos,north_aegean,no_candidates,2026-06-28T13:41:44.150Z,Discovery completed for this region; no license-safe Commons/Openverse candidate was returned for this beach.,0,,
1328,Αυλάκι,Avlaki,north-aegean-lesvos,Lesvos,north_aegean,no_candidates,2026-06-28T13:41:44.150Z,Discovery completed for this region; no license-safe Commons/Openverse candidate was returned for this beach.,0,,
1329,Βαθύ Κριτήρι,Vathy Kritiri,north-aegean-lesvos,Lesvos,north_aegean,no_candidates,2026-06-28T13:41:44.150Z,Discovery completed for this region; no license-safe Commons/Openverse candidate was returned for this beach.,0,,
1332,Ελεύκος,Elevkos,north-aegean-lesvos,Lesvos,north_aegean,no_candidates,2026-06-28T13:41:44.150Z,Discovery completed for this region; no license-safe Commons/Openverse candidate was returned for this beach.,0,,
1333,Κάμπος,Kampos,north-aegean-lesvos,Lesvos,north_aegean,rejected,2026-06-28T13:41:44.150Z,"Rejected after automated source screening and visual QA: candidates were wrong place, landmark/settlement/port/road/people imagery, generic coastal views, or not beach-specific enough for safe use.",6,,
1334,Καλό Λιμάνι,Kalo Limani,north-aegean-lesvos,Lesvos,north_aegean,no_candidates,2026-06-28T13:41:44.150Z,Discovery completed for this region; no license-safe Commons/Openverse candidate was returned for this beach.,0,,
1335,Καταβάθρα,Katavathra,north-aegean-lesvos,Lesvos,north_aegean,no_candidates,2026-06-28T13:41:44.150Z,Discovery completed for this region; no license-safe Commons/Openverse candidate was returned for this beach.,0,,
1336,Κοχύλια,Kochylia,north-aegean-lesvos,Lesvos,north_aegean,no_candidates,2026-06-28T13:41:44.150Z,Discovery completed for this region; no license-safe Commons/Openverse candidate was returned for this beach.,0,,
1337,Λάψαρνα,Lapsarna,north-aegean-lesvos,Lesvos,north_aegean,no_candidates,2026-06-28T13:41:44.150Z,Discovery completed for this region; no license-safe Commons/Openverse candidate was returned for this beach.,0,,
1338,Λίμενας,Limenas,north-aegean-lesvos,Lesvos,north_aegean,no_candidates,2026-06-28T13:41:44.150Z,Discovery completed for this region; no license-safe Commons/Openverse candidate was returned for this beach.,0,,
1339,Λαγκάδα,Lagkada,north-aegean-lesvos,Lesvos,north_aegean,rejected,2026-06-28T13:41:44.150Z,"Rejected after automated source screening and visual QA: candidates were wrong place, landmark/settlement/port/road/people imagery, generic coastal views, or not beach-specific enough for safe use.",6,,
1340,Λαμπρίνη ή Ουζούν Σοκάκ,Lamprini i Ouzoun Sokak,north-aegean-lesvos,Lesvos,north_aegean,no_candidates,2026-06-28T13:41:44.150Z,Discovery completed for this region; no license-safe Commons/Openverse candidate was returned for this beach.,0,,
1341,Λιγονάρι,Ligonari,north-aegean-lesvos,Lesvos,north_aegean,no_candidates,2026-06-28T13:41:44.150Z,Discovery completed for this region; no license-safe Commons/Openverse candidate was returned for this beach.,0,,
1344,Μάλαθρα,Malathra,north-aegean-lesvos,Lesvos,north_aegean,no_candidates,2026-06-28T13:41:44.150Z,Discovery completed for this region; no license-safe Commons/Openverse candidate was returned for this beach.,0,,
1345,Μπάκερος,Bakeros,north-aegean-lesvos,Lesvos,north_aegean,no_candidates,2026-06-28T13:41:44.150Z,Discovery completed for this region; no license-safe Commons/Openverse candidate was returned for this beach.,0,,
1346,Μπαλίνη,Balini,north-aegean-lesvos,Lesvos,north_aegean,no_candidates,2026-06-28T13:41:44.150Z,Discovery completed for this region; no license-safe Commons/Openverse candidate was returned for this beach.,0,,
1348,Νησέλια,Niselia,north-aegean-lesvos,Lesvos,north_aegean,no_candidates,2026-06-28T13:41:44.150Z,Discovery completed for this region; no license-safe Commons/Openverse candidate was returned for this beach.,0,,
1349,Ντάλαντος,Dalantos,north-aegean-lesvos,Lesvos,north_aegean,no_candidates,2026-06-28T13:41:44.150Z,Discovery completed for this region; no license-safe Commons/Openverse candidate was returned for this beach.,0,,
1350,Ξέρες Ευρειακής,Xeres Evriakis,north-aegean-lesvos,Lesvos,north_aegean,no_candidates,2026-06-28T13:41:44.150Z,Discovery completed for this region; no license-safe Commons/Openverse candidate was returned for this beach.,0,,
1351,Πάτος,Patos,north-aegean-lesvos,Lesvos,north_aegean,no_candidates,2026-06-28T13:41:44.150Z,Discovery completed for this region; no license-safe Commons/Openverse candidate was returned for this beach.,0,,
1353,Παραλία Αμμούδι,Paralia Ammoudi,north-aegean-lesvos,Lesvos,north_aegean,no_candidates,2026-06-28T13:41:44.150Z,Discovery completed for this region; no license-safe Commons/Openverse candidate was returned for this beach.,0,,
1355,Παραλία Γυμνιστών Χρούσος,Paralia Gymniston Chrousos,north-aegean-lesvos,Lesvos,north_aegean,no_candidates,2026-06-28T13:41:44.150Z,Discovery completed for this region; no license-safe Commons/Openverse candidate was returned for this beach.,0,,
1356,Παραλία Δρότας,Paralia Drotas,north-aegean-lesvos,Lesvos,north_aegean,no_candidates,2026-06-28T13:41:44.150Z,Discovery completed for this region; no license-safe Commons/Openverse candidate was returned for this beach.,0,,
1360,Παραλία Τσόνια,Paralia Tsonia,north-aegean-lesvos,Lesvos,north_aegean,no_candidates,2026-06-28T13:41:44.150Z,Discovery completed for this region; no license-safe Commons/Openverse candidate was returned for this beach.,0,,
1361,Περιστεριά,Peristeria,north-aegean-lesvos,Lesvos,north_aegean,no_candidates,2026-06-28T13:41:44.150Z,Discovery completed for this region; no license-safe Commons/Openverse candidate was returned for this beach.,0,,
1362,Πεταλίδι,Petalidi,north-aegean-lesvos,Lesvos,north_aegean,no_candidates,2026-06-28T13:41:44.150Z,Discovery completed for this region; no license-safe Commons/Openverse candidate was returned for this beach.,0,,
1363,Πλαζ Κανόνι,Plaz Kanoni,north-aegean-lesvos,Lesvos,north_aegean,no_candidates,2026-06-28T13:41:44.150Z,Discovery completed for this region; no license-safe Commons/Openverse candidate was returned for this beach.,0,,
1365,Πυραμιές,Pyramies,north-aegean-lesvos,Lesvos,north_aegean,no_candidates,2026-06-28T13:41:44.150Z,Discovery completed for this region; no license-safe Commons/Openverse candidate was returned for this beach.,0,,
1366,Τηλέγραφος,Tilegrafos,north-aegean-lesvos,Lesvos,north_aegean,no_candidates,2026-06-28T13:41:44.150Z,Discovery completed for this region; no license-safe Commons/Openverse candidate was returned for this beach.,0,,
1368,Τσίλια,Tsilia,north-aegean-lesvos,Lesvos,north_aegean,no_candidates,2026-06-28T13:41:44.150Z,Discovery completed for this region; no license-safe Commons/Openverse candidate was returned for this beach.,0,,
1370,Τσιχλιώτα,Tsichliota,north-aegean-lesvos,Lesvos,north_aegean,no_candidates,2026-06-28T13:41:44.150Z,Discovery completed for this region; no license-safe Commons/Openverse candidate was returned for this beach.,0,,
1371,Τσιχράντα,Tsichranta,north-aegean-lesvos,Lesvos,north_aegean,no_candidates,2026-06-28T13:41:44.150Z,Discovery completed for this region; no license-safe Commons/Openverse candidate was returned for this beach.,0,,
1372,Φανερωμένη,Faneromeni,north-aegean-lesvos,Lesvos,north_aegean,no_candidates,2026-06-28T13:41:44.150Z,Discovery completed for this region; no license-safe Commons/Openverse candidate was returned for this beach.,0,,
1373,Φαρά,Fara,north-aegean-lesvos,Lesvos,north_aegean,no_candidates,2026-06-28T13:41:44.150Z,Discovery completed for this region; no license-safe Commons/Openverse candidate was returned for this beach.,0,,
1375,Χαλατσές,Chalatses,north-aegean-lesvos,Lesvos,north_aegean,no_candidates,2026-06-28T13:41:44.150Z,Discovery completed for this region; no license-safe Commons/Openverse candidate was returned for this beach.,0,,
1378,Χρούσος,Chrousos,north-aegean-lesvos,Lesvos,north_aegean,no_candidates,2026-06-28T13:41:44.150Z,Discovery completed for this region; no license-safe Commons/Openverse candidate was returned for this beach.,0,,
1383,Χαντάκι,Chantaki,north-aegean-samos,Samos,north_aegean,no_candidates,2026-06-28T13:41:44.150Z,Discovery completed for this region; no license-safe Commons/Openverse candidate was returned for this beach.,0,,
1387,Πλάκα (ανατολικός όρμος),Plaka (anatolikos ormos),north-aegean-samos,Samos,north_aegean,no_candidates,2026-06-28T13:41:44.150Z,Discovery completed for this region; no license-safe Commons/Openverse candidate was returned for this beach.,0,,
1388,Πλάκα (δυτικός όρμος),Plaka (dytikos ormos),north-aegean-samos,Samos,north_aegean,no_candidates,2026-06-28T13:41:44.150Z,Discovery completed for this region; no license-safe Commons/Openverse candidate was returned for this beach.,0,,
1389,Πλατάνα,Platana,north-aegean-samos,Samos,north_aegean,no_candidates,2026-06-28T13:41:44.150Z,Discovery completed for this region; no license-safe Commons/Openverse candidate was returned for this beach.,0,,
1393,Άσπρος Κάβος,Aspros Kavos,north-aegean-samos,Samos,north_aegean,no_candidates,2026-06-28T13:41:44.150Z,Discovery completed for this region; no license-safe Commons/Openverse candidate was returned for this beach.,0,,
1394,Κλήμα,Klima,north-aegean-samos,Samos,north_aegean,no_candidates,2026-06-28T13:41:44.150Z,Discovery completed for this region; no license-safe Commons/Openverse candidate was returned for this beach.,0,,
1395,Αράπης,Arapis,north-aegean-samos,Samos,north_aegean,no_candidates,2026-06-28T13:41:44.150Z,Discovery completed for this region; no license-safe Commons/Openverse candidate was returned for this beach.,0,,
1399,Καλαδάκια,Kaladakia,north-aegean-samos,Samos,north_aegean,no_candidates,2026-06-28T13:41:44.150Z,Discovery completed for this region; no license-safe Commons/Openverse candidate was returned for this beach.,0,,
1400,Κουκουναρά,Koukounara,north-aegean-samos,Samos,north_aegean,no_candidates,2026-06-28T13:41:44.150Z,Discovery completed for this region; no license-safe Commons/Openverse candidate was returned for this beach.,0,,
1401,Κυριακού,Kyriakou,north-aegean-samos,Samos,north_aegean,no_candidates,2026-06-28T13:41:44.150Z,Discovery completed for this region; no license-safe Commons/Openverse candidate was returned for this beach.,0,,
1405,Μεγάλη Λάκκα,Megali Lakka,north-aegean-samos,Samos,north_aegean,no_candidates,2026-06-28T13:41:44.150Z,Discovery completed for this region; no license-safe Commons/Openverse candidate was returned for this beach.,0,,
1409,Άσπρες (ανατολική ακτή),Aspres (anatoliki akti),north-aegean-samos,Samos,north_aegean,no_candidates,2026-06-28T13:41:44.150Z,Discovery completed for this region; no license-safe Commons/Openverse candidate was returned for this beach.,0,,
1410,Παραλία Βεργής,Paralia Vergis,north-aegean-samos,Samos,north_aegean,no_candidates,2026-06-28T13:41:44.150Z,Discovery completed for this region; no license-safe Commons/Openverse candidate was returned for this beach.,0,,
1414,Ροδίτσες,Roditses,north-aegean-samos,Samos,north_aegean,no_candidates,2026-06-28T13:41:44.150Z,Discovery completed for this region; no license-safe Commons/Openverse candidate was returned for this beach.,0,,
1418,Ψιλή Άμμος Μαραθοκάμπου,Psili Ammos Marathokampou,north-aegean-samos,Samos,north_aegean,no_candidates,2026-06-28T13:41:44.150Z,Discovery completed for this region; no license-safe Commons/Openverse candidate was returned for this beach.,0,,
3037,Σάμος Βαθύ Μαούνες,Samos Vathy Maounes,north-aegean-samos,Samos,north_aegean,no_candidates,2026-06-28T13:41:44.150Z,Discovery completed for this region; no license-safe Commons/Openverse candidate was returned for this beach.,0,,
3106,Λιμνιώνας (Σάμος),Limnionas (Samos),north-aegean-samos,Samos,north_aegean,no_candidates,2026-06-28T13:41:44.150Z,Discovery completed for this region; no license-safe Commons/Openverse candidate was returned for this beach.,0,,
3107,Πλάκα (Σάμος),Plaka (Samos),north-aegean-samos,Samos,north_aegean,no_candidates,2026-06-28T13:41:44.150Z,Discovery completed for this region; no license-safe Commons/Openverse candidate was returned for this beach.,0,,
1419,Άγιος Δημήτριος,Agios Dimitrios,north-aegean-agios-efstratios,Agios Efstratios,north_aegean,no_candidates,2026-06-28T13:41:44.150Z,Discovery completed for this region; no license-safe Commons/Openverse candidate was returned for this beach.,0,,
1420,Άγιος Αντώνιος,Agios Antonios,north-aegean-agios-efstratios,Agios Efstratios,north_aegean,no_candidates,2026-06-28T13:41:44.150Z,Discovery completed for this region; no license-safe Commons/Openverse candidate was returned for this beach.,0,,
1421,Άγιος Νικόλαος,Agios Nikolaos,north-aegean-agios-efstratios,Agios Efstratios,north_aegean,rejected,2026-06-28T13:41:44.150Z,"Rejected after automated source screening and visual QA: candidates were wrong place, landmark/settlement/port/road/people imagery, generic coastal views, or not beach-specific enough for safe use.",8,,
1422,Αλονίτσι,Alonitsi,north-aegean-agios-efstratios,Agios Efstratios,north_aegean,no_candidates,2026-06-28T13:41:44.150Z,Discovery completed for this region; no license-safe Commons/Openverse candidate was returned for this beach.,0,,
1423,Γουρνιά,Gournia,north-aegean-agios-efstratios,Agios Efstratios,north_aegean,no_candidates,2026-06-28T13:41:44.150Z,Discovery completed for this region; no license-safe Commons/Openverse candidate was returned for this beach.,0,,
1424,Λιδαριό,Lidario,north-aegean-agios-efstratios,Agios Efstratios,north_aegean,no_candidates,2026-06-28T13:41:44.150Z,Discovery completed for this region; no license-safe Commons/Openverse candidate was returned for this beach.,0,,
1426,Τρηγάρη,Trigari,north-aegean-agios-efstratios,Agios Efstratios,north_aegean,no_candidates,2026-06-28T13:41:44.150Z,Discovery completed for this region; no license-safe Commons/Openverse candidate was returned for this beach.,0,,
1427,Τρυπητή,Trypiti,north-aegean-agios-efstratios,Agios Efstratios,north_aegean,rejected,2026-06-28T13:41:44.150Z,"Rejected after automated source screening and visual QA: candidates were wrong place, landmark/settlement/port/road/people imagery, generic coastal views, or not beach-specific enough for safe use.",3,,
1428,Φράγκου,Fragkou,north-aegean-agios-efstratios,Agios Efstratios,north_aegean,no_candidates,2026-06-28T13:41:44.150Z,Discovery completed for this region; no license-safe Commons/Openverse candidate was returned for this beach.,0,,
1429,Φτελιό,Ftelio,north-aegean-agios-efstratios,Agios Efstratios,north_aegean,no_candidates,2026-06-28T13:41:44.150Z,Discovery completed for this region; no license-safe Commons/Openverse candidate was returned for this beach.,0,,
1430,Ροδοκάλι,Rodokali,north-aegean-agios-efstratios,Agios Efstratios,north_aegean,no_candidates,2026-06-28T13:41:44.150Z,Discovery completed for this region; no license-safe Commons/Openverse candidate was returned for this beach.,0,,
1432,Διαπόρι (δυτική ακτή),Diapori (dytiki akti),north-aegean-lemnos,Lemnos,north_aegean,no_candidates,2026-06-28T13:41:44.150Z,Discovery completed for this region; no license-safe Commons/Openverse candidate was returned for this beach.,0,,
1433,Γομάτι,Gomati,north-aegean-lemnos,Lemnos,north_aegean,no_candidates,2026-06-28T13:41:44.150Z,Discovery completed for this region; no license-safe Commons/Openverse candidate was returned for this beach.,0,,
1434,Καρβουνόλακκα,Karvounolakka,north-aegean-lemnos,Lemnos,north_aegean,no_candidates,2026-06-28T13:41:44.150Z,Discovery completed for this region; no license-safe Commons/Openverse candidate was returned for this beach.,0,,
1435,Κάσπακας,Kaspakas,north-aegean-lemnos,Lemnos,north_aegean,no_candidates,2026-06-28T13:41:44.150Z,Discovery completed for this region; no license-safe Commons/Openverse candidate was returned for this beach.,0,,
1436,Καταπόδι,Katapodi,north-aegean-lemnos,Lemnos,north_aegean,no_candidates,2026-06-28T13:41:44.150Z,Discovery completed for this region; no license-safe Commons/Openverse candidate was returned for this beach.,0,,
1437,Κόκκινα (βόρειος όρμος),Kokkina (vorios ormos),north-aegean-lemnos,Lemnos,north_aegean,no_candidates,2026-06-28T13:41:44.150Z,Discovery completed for this region; no license-safe Commons/Openverse candidate was returned for this beach.,0,,
1438,Λιμάνι Αγιάς,Limani Agias,north-aegean-lemnos,Lemnos,north_aegean,no_candidates,2026-06-28T13:41:44.150Z,Discovery completed for this region; no license-safe Commons/Openverse candidate was returned for this beach.,0,,
1439,Λουρί,Louri,north-aegean-lemnos,Lemnos,north_aegean,no_candidates,2026-06-28T13:41:44.150Z,Discovery completed for this region; no license-safe Commons/Openverse candidate was returned for this beach.,0,,
1440,Παναγιάς Πηγάδελι,Panagias Pigadeli,north-aegean-lemnos,Lemnos,north_aegean,no_candidates,2026-06-28T13:41:44.150Z,Discovery completed for this region; no license-safe Commons/Openverse candidate was returned for this beach.,0,,
1441,Παρθενόμυθος,Parthenomythos,north-aegean-lemnos,Lemnos,north_aegean,accepted,2026-06-28T14:18:22.955Z,"Commons Greek description identifies Parthenomitos beach at Agia Sofia, Lemnos; matched to Parthenomythos and visual QA shows the beach.",1,https://commons.wikimedia.org/w/index.php?title=Special:Redirect/file/Parthenomitos%20beach.jpg&width=800,https://commons.wikimedia.org/wiki/File%3AParthenomitos%20beach.jpg
1442,Σκανδάλη,Skandali,north-aegean-lemnos,Lemnos,north_aegean,no_candidates,2026-06-28T13:41:44.150Z,Discovery completed for this region; no license-safe Commons/Openverse candidate was returned for this beach.,0,,
1443,Σκίδι,Skidi,north-aegean-lemnos,Lemnos,north_aegean,no_candidates,2026-06-28T13:41:44.150Z,Discovery completed for this region; no license-safe Commons/Openverse candidate was returned for this beach.,0,,
1444,Τρυγή,Trygi,north-aegean-lemnos,Lemnos,north_aegean,no_candidates,2026-06-28T13:41:44.150Z,Discovery completed for this region; no license-safe Commons/Openverse candidate was returned for this beach.,0,,
1446,Άγιος Ιωάννης,Agios Ioannis,north-aegean-lemnos,Lemnos,north_aegean,no_candidates,2026-06-28T13:41:44.150Z,Discovery completed for this region; no license-safe Commons/Openverse candidate was returned for this beach.,0,,
1447,Βάθρακας,Vathrakas,north-aegean-lemnos,Lemnos,north_aegean,no_candidates,2026-06-28T13:41:44.150Z,Discovery completed for this region; no license-safe Commons/Openverse candidate was returned for this beach.,0,,
1450,Καλλιθέα,Kallithea,north-aegean-lemnos,Lemnos,north_aegean,no_candidates,2026-06-28T13:41:44.150Z,Discovery completed for this region; no license-safe Commons/Openverse candidate was returned for this beach.,0,,
1451,Κατάλακκο,Katalakko,north-aegean-lemnos,Lemnos,north_aegean,no_candidates,2026-06-28T13:41:44.150Z,Discovery completed for this region; no license-safe Commons/Openverse candidate was returned for this beach.,0,,
1452,Κόκκινα (νότιος όρμος),Kokkina (notios ormos),north-aegean-lemnos,Lemnos,north_aegean,no_candidates,2026-06-28T13:41:44.150Z,Discovery completed for this region; no license-safe Commons/Openverse candidate was returned for this beach.,0,,
1453,Μαντρί,Mantri,north-aegean-lemnos,Lemnos,north_aegean,no_candidates,2026-06-28T13:41:44.150Z,Discovery completed for this region; no license-safe Commons/Openverse candidate was returned for this beach.,0,,
1454,Μεγάλο Φαναράκι,Megalo Fanaraki,north-aegean-lemnos,Lemnos,north_aegean,no_candidates,2026-06-28T13:41:44.150Z,Discovery completed for this region; no license-safe Commons/Openverse candidate was returned for this beach.,0,,
1455,Μικρό Φαναράκι,Mikro Fanaraki,north-aegean-lemnos,Lemnos,north_aegean,rejected,2026-06-28T13:41:44.150Z,"Rejected after source/visual QA: candidates are Fanaraki sea-bay/geology views, not a clear Mikro Fanaraki beach photo.",6,,
1458,Θάνος,Thanos,north-aegean-lemnos,Lemnos,north_aegean,no_candidates,2026-06-28T13:41:44.150Z,Discovery completed for this region; no license-safe Commons/Openverse candidate was returned for this beach.,0,,
1460,Παραλία Μακρύς Γυαλός,Paralia Makrys Gyalos,north-aegean-lemnos,Lemnos,north_aegean,no_candidates,2026-06-28T13:41:44.150Z,Discovery completed for this region; no license-safe Commons/Openverse candidate was returned for this beach.,0,,
1461,Πλατύ,Platy,north-aegean-lemnos,Lemnos,north_aegean,rejected,2026-06-28T13:41:44.150Z,"Rejected after automated source screening and visual QA: candidates were wrong place, landmark/settlement/port/road/people imagery, generic coastal views, or not beach-specific enough for safe use.",7,,
1462,Στίβι ή Πλαγίσος Μώλος,Stivi i Plagisos Molos,north-aegean-lemnos,Lemnos,north_aegean,no_candidates,2026-06-28T13:41:44.150Z,Discovery completed for this region; no license-safe Commons/Openverse candidate was returned for this beach.,0,,
1463,Πλάκα,Plaka,north-aegean-lemnos,Lemnos,north_aegean,rejected,2026-06-28T13:41:44.150Z,"Rejected after automated source screening and visual QA: candidates were wrong place, landmark/settlement/port/road/people imagery, generic coastal views, or not beach-specific enough for safe use.",6,,
1466,Σαράβαρη,Saravari,north-aegean-lemnos,Lemnos,north_aegean,no_candidates,2026-06-28T13:41:44.150Z,Discovery completed for this region; no license-safe Commons/Openverse candidate was returned for this beach.,0,,
1468,Τούρκικος Γιαλός,Tourkikos Gialos,north-aegean-lemnos,Lemnos,north_aegean,rejected,2026-06-28T13:41:44.150Z,"Rejected after automated source screening and visual QA: candidates were wrong place, landmark/settlement/port/road/people imagery, generic coastal views, or not beach-specific enough for safe use.",3,,
1469,Φαρακλού,Faraklou,north-aegean-lemnos,Lemnos,north_aegean,no_candidates,2026-06-28T13:41:44.150Z,Discovery completed for this region; no license-safe Commons/Openverse candidate was returned for this beach.,0,,
1470,Χαβούλι,Chavouli,north-aegean-lemnos,Lemnos,north_aegean,accepted,2026-06-28T14:18:22.955Z,Commons title and description identify Havouli/Chavouli beach in Lemnos; visual QA shows the beach.,1,https://commons.wikimedia.org/w/index.php?title=Special:Redirect/file/Havouli%20beach%20in%20Lemnos%20island%2C%20Greece.jpg&width=800,https://commons.wikimedia.org/wiki/File%3AHavouli%20beach%20in%20Lemnos%20island%2C%20Greece.jpg
1471,Ανάβαλος,Anavalos,peloponnese-argolida-mainland,Argolida,mainland_peloponnese,no_candidates,2026-06-28T13:41:44.150Z,Discovery completed for this region; no license-safe Commons/Openverse candidate was returned for this beach.,0,,
1473,Βερβερόντα,Ververonta,peloponnese-argolida-mainland,Argolida,mainland_peloponnese,no_candidates,2026-06-28T13:41:44.150Z,Discovery completed for this region; no license-safe Commons/Openverse candidate was returned for this beach.,0,,
1477,Καστράκι,Kastraki,peloponnese-argolida-mainland,Argolida,mainland_peloponnese,no_candidates,2026-06-28T13:41:44.150Z,Discovery completed for this region; no license-safe Commons/Openverse candidate was returned for this beach.,0,,
1478,Λεπίτσα,Lepitsa,peloponnese-argolida-mainland,Argolida,mainland_peloponnese,no_candidates,2026-06-28T13:41:44.150Z,Discovery completed for this region; no license-safe Commons/Openverse candidate was returned for this beach.,0,,
1479,Μικρή Βουρλιά,Mikri Vourlia,peloponnese-argolida-mainland,Argolida,mainland_peloponnese,no_candidates,2026-06-28T13:41:44.150Z,Discovery completed for this region; no license-safe Commons/Openverse candidate was returned for this beach.,0,,
1480,Μπούκα,Bouka,peloponnese-argolida-mainland,Argolida,mainland_peloponnese,no_candidates,2026-06-28T13:41:44.150Z,Discovery completed for this region; no license-safe Commons/Openverse candidate was returned for this beach.,0,,
1481,Νεράκι,Neraki,peloponnese-argolida-mainland,Argolida,mainland_peloponnese,no_candidates,2026-06-28T13:41:44.150Z,Discovery completed for this region; no license-safe Commons/Openverse candidate was returned for this beach.,0,,
1488,Παραλία Κιβερίου,Paralia Kiveriou,peloponnese-argolida-mainland,Argolida,mainland_peloponnese,no_candidates,2026-06-28T13:41:44.150Z,Discovery completed for this region; no license-safe Commons/Openverse candidate was returned for this beach.,0,,
1489,Παραλία Μύλων,Paralia Mylon,peloponnese-argolida-mainland,Argolida,mainland_peloponnese,rejected,2026-06-28T13:41:44.150Z,"Rejected after automated source screening and visual QA: candidates were wrong place, landmark/settlement/port/road/people imagery, generic coastal views, or not beach-specific enough for safe use.",6,,
1490,Παραλία Σαλάντι,Paralia Salanti,peloponnese-argolida-mainland,Argolida,mainland_peloponnese,no_candidates,2026-06-28T13:41:44.150Z,Discovery completed for this region; no license-safe Commons/Openverse candidate was returned for this beach.,0,,
1491,Παραλία Τιμενίου,Paralia Timeniou,peloponnese-argolida-mainland,Argolida,mainland_peloponnese,no_candidates,2026-06-28T13:41:44.150Z,Discovery completed for this region; no license-safe Commons/Openverse candidate was returned for this beach.,0,,
1492,Παραλία Φούρνων,Paralia Fournon,peloponnese-argolida-mainland,Argolida,mainland_peloponnese,rejected,2026-06-28T13:41:44.150Z,"Rejected after automated source screening and visual QA: candidates were wrong place, landmark/settlement/port/road/people imagery, generic coastal views, or not beach-specific enough for safe use.",8,,
1493,Πετροθάλασσα,Petrothalassa,peloponnese-argolida-mainland,Argolida,mainland_peloponnese,no_candidates,2026-06-28T13:41:44.150Z,Discovery completed for this region; no license-safe Commons/Openverse candidate was returned for this beach.,0,,
1494,Πλάκα Δρεπάνου,Plaka Drepanou,peloponnese-argolida-mainland,Argolida,mainland_peloponnese,rejected,2026-06-28T13:41:44.150Z,"Rejected after automated source screening and visual QA: candidates were wrong place, landmark/settlement/port/road/people imagery, generic coastal views, or not beach-specific enough for safe use.",3,,
1497,Ίρια,Iria,peloponnese-argolida-mainland,Argolida,mainland_peloponnese,no_candidates,2026-06-28T13:41:44.150Z,Discovery completed for this region; no license-safe Commons/Openverse candidate was returned for this beach.,0,,
1500,Κουβέρτα,Kouverta,peloponnese-argolida-mainland,Argolida,mainland_peloponnese,no_candidates,2026-06-28T13:41:44.150Z,Discovery completed for this region; no license-safe Commons/Openverse candidate was returned for this beach.,0,,
1501,Κουνουπί,Kounoupi,peloponnese-argolida-mainland,Argolida,mainland_peloponnese,no_candidates,2026-06-28T13:41:44.150Z,Discovery completed for this region; no license-safe Commons/Openverse candidate was returned for this beach.,0,,
1502,Χινίτσα,Chinitsa,peloponnese-argolida-mainland,Argolida,mainland_peloponnese,accepted,2026-06-28T13:40:45.286Z,Commons title identifies the private beach at AKS Hinitsa/Chinitsa Bay in Porto Heli; geotag is close to the beach record and visual QA shows the beach.,1,https://commons.wikimedia.org/w/index.php?title=Special:Redirect/file/Private%20beach%20of%20AKS%20Hinitsa%20Bay%20Resort%20in%20Porto%20Heli%2C%20Greece%20(48760337702).jpg&width=800,https://commons.wikimedia.org/wiki/File%3APrivate%20beach%20of%20AKS%20Hinitsa%20Bay%20Resort%20in%20Porto%20Heli%2C%20Greece%20(48760337702).jpg
1503,Παραλία Δάρδεζα,Paralia Dardeza,peloponnese-argolida-mainland,Argolida,mainland_peloponnese,no_candidates,2026-06-28T13:41:44.150Z,Discovery completed for this region; no license-safe Commons/Openverse candidate was returned for this beach.,0,,
1504,Κόστα,Kosta,peloponnese-argolida-mainland,Argolida,mainland_peloponnese,rejected,2026-06-28T13:41:44.150Z,"Rejected after automated source screening and visual QA: candidates were wrong place, landmark/settlement/port/road/people imagery, generic coastal views, or not beach-specific enough for safe use.",2,,
1505,Άγιος Χριστόφορος - Ζαρίτισι Τυρού,Agios Christoforos - Zaritisi Tyrou,peloponnese-arkadia-mainland,Arkadia,mainland_peloponnese,no_candidates,2026-06-28T13:41:44.150Z,Discovery completed for this region; no license-safe Commons/Openverse candidate was returned for this beach.,0,,
1506,Άμμος του Μουλά,Ammos tou Moula,peloponnese-arkadia-mainland,Arkadia,mainland_peloponnese,no_candidates,2026-06-28T13:41:44.150Z,Discovery completed for this region; no license-safe Commons/Openverse candidate was returned for this beach.,0,,
1509,Ζαρίτσι,Zaritsi,peloponnese-arkadia-mainland,Arkadia,mainland_peloponnese,no_candidates,2026-06-28T13:41:44.150Z,Discovery completed for this region; no license-safe Commons/Openverse candidate was returned for this beach.,0,,
1513,Νεκροταφείο,Nekrotafio,peloponnese-arkadia-mainland,Arkadia,mainland_peloponnese,rejected,2026-06-28T13:41:44.150Z,"Rejected after automated source screening and visual QA: candidates were wrong place, landmark/settlement/port/road/people imagery, generic coastal views, or not beach-specific enough for safe use.",1,,
1517,Παραλία Ξηροπήγαδου,Paralia Xiropigadou,peloponnese-arkadia-mainland,Arkadia,mainland_peloponnese,rejected,2026-06-28T13:41:44.150Z,"Rejected after automated source screening and visual QA: candidates were wrong place, landmark/settlement/port/road/people imagery, generic coastal views, or not beach-specific enough for safe use.",2,,
1519,Πούλιθρα,Poulithra,peloponnese-arkadia-mainland,Arkadia,mainland_peloponnese,no_candidates,2026-06-28T13:41:44.150Z,Discovery completed for this region; no license-safe Commons/Openverse candidate was returned for this beach.,0,,
1523,Καλογερολίμανο,Kalogerolimano,peloponnese-korinthia-mainland,Korinthia,mainland_peloponnese,no_candidates,2026-06-28T13:41:44.150Z,Discovery completed for this region; no license-safe Commons/Openverse candidate was returned for this beach.,0,,
1525,Κοκκώσι,Kokkosi,peloponnese-korinthia-mainland,Korinthia,mainland_peloponnese,no_candidates,2026-06-28T13:41:44.150Z,Discovery completed for this region; no license-safe Commons/Openverse candidate was returned for this beach.,0,,
1527,Λευκή,Levki,peloponnese-korinthia-mainland,Korinthia,mainland_peloponnese,no_candidates,2026-06-28T13:41:44.150Z,Discovery completed for this region; no license-safe Commons/Openverse candidate was returned for this beach.,0,,
1529,Μεγάλο Αμόνι,Megalo Amoni,peloponnese-korinthia-mainland,Korinthia,mainland_peloponnese,no_candidates,2026-06-28T13:41:44.150Z,Discovery completed for this region; no license-safe Commons/Openverse candidate was returned for this beach.,0,,
1530,Μικρό Αμόνι,Mikro Amoni,peloponnese-korinthia-mainland,Korinthia,mainland_peloponnese,no_candidates,2026-06-28T13:41:44.150Z,Discovery completed for this region; no license-safe Commons/Openverse candidate was returned for this beach.,0,,
1531,Παραλία Αγία Σωτήρα,Paralia Agia Sotira,peloponnese-korinthia-mainland,Korinthia,mainland_peloponnese,no_candidates,2026-06-28T13:41:44.150Z,Discovery completed for this region; no license-safe Commons/Openverse candidate was returned for this beach.,0,,
1534,Παραλία Λυκοποριάς,Paralia Lykoporias,peloponnese-korinthia-mainland,Korinthia,mainland_peloponnese,no_candidates,2026-06-28T13:41:44.150Z,Discovery completed for this region; no license-safe Commons/Openverse candidate was returned for this beach.,0,,
1535,Παραλία Μυλοκοπή,Paralia Mylokopi,peloponnese-korinthia-mainland,Korinthia,mainland_peloponnese,no_candidates,2026-06-28T13:41:44.150Z,Discovery completed for this region; no license-safe Commons/Openverse candidate was returned for this beach.,0,,
1536,Παραλία Σκαλωσιά,Paralia Skalosia,peloponnese-korinthia-mainland,Korinthia,mainland_peloponnese,no_candidates,2026-06-28T13:41:44.150Z,Discovery completed for this region; no license-safe Commons/Openverse candidate was returned for this beach.,0,,
1537,Πλαζ Αλκυονίδας,Plaz Alkyonidas,peloponnese-korinthia-mainland,Korinthia,mainland_peloponnese,no_candidates,2026-06-28T13:41:44.150Z,Discovery completed for this region; no license-safe Commons/Openverse candidate was returned for this beach.,0,,
1539,Σιδερώνα,Siderona,peloponnese-korinthia-mainland,Korinthia,mainland_peloponnese,no_candidates,2026-06-28T13:41:44.150Z,Discovery completed for this region; no license-safe Commons/Openverse candidate was returned for this beach.,0,,
1540,Στέρνα,Sterna,peloponnese-korinthia-mainland,Korinthia,mainland_peloponnese,rejected,2026-06-28T13:41:44.150Z,"Rejected after automated source screening and visual QA: candidates were wrong place, landmark/settlement/port/road/people imagery, generic coastal views, or not beach-specific enough for safe use.",6,,
1541,Συκιά,Sykia,peloponnese-korinthia-mainland,Korinthia,mainland_peloponnese,rejected,2026-06-28T13:41:44.150Z,"Rejected after automated source screening and visual QA: candidates were wrong place, landmark/settlement/port/road/people imagery, generic coastal views, or not beach-specific enough for safe use.",8,,
3041,Λουτράκι Νεράιδα,Loutraki Neraida,peloponnese-korinthia-mainland,Korinthia,mainland_peloponnese,no_candidates,2026-06-28T13:41:44.150Z,Discovery completed for this region; no license-safe Commons/Openverse candidate was returned for this beach.,0,,
3042,Λουτράκι Σχίνος,Loutraki Schinos,peloponnese-korinthia-mainland,Korinthia,mainland_peloponnese,no_candidates,2026-06-28T13:41:44.150Z,Discovery completed for this region; no license-safe Commons/Openverse candidate was returned for this beach.,0,,
1543,Αγία Κυριακή,Agia Kyriaki,peloponnese-lakonia-mainland,Lakonia,mainland_peloponnese,no_candidates,2026-06-28T13:41:44.150Z,Discovery completed for this region; no license-safe Commons/Openverse candidate was returned for this beach.,0,,
1544,Άγιος Κυπριανός,Agios Kyprianos,peloponnese-lakonia-mainland,Lakonia,mainland_peloponnese,no_candidates,2026-06-28T13:41:44.150Z,Discovery completed for this region; no license-safe Commons/Openverse candidate was returned for this beach.,0,,
1548,Ανδρόγυαλος,Androgyalos,peloponnese-lakonia-mainland,Lakonia,mainland_peloponnese,no_candidates,2026-06-28T13:41:44.150Z,Discovery completed for this region; no license-safe Commons/Openverse candidate was returned for this beach.,0,,
1549,Ανεπίσημη Γυμνιστική Παραλία,Anepisimi Gymnistiki Paralia,peloponnese-lakonia-mainland,Lakonia,mainland_peloponnese,no_candidates,2026-06-28T13:41:44.150Z,Discovery completed for this region; no license-safe Commons/Openverse candidate was returned for this beach.,0,,
1552,Βιανδίνη (Βούρκος),Viandini (Vourkos),peloponnese-lakonia-mainland,Lakonia,mainland_peloponnese,no_candidates,2026-06-28T13:41:44.150Z,Discovery completed for this region; no license-safe Commons/Openverse candidate was returned for this beach.,0,,
1555,Γιαλός,Gialos,peloponnese-lakonia-mainland,Lakonia,mainland_peloponnese,rejected,2026-06-28T13:41:44.150Z,"Rejected after automated source screening and visual QA: candidates were wrong place, landmark/settlement/port/road/people imagery, generic coastal views, or not beach-specific enough for safe use.",6,,
1556,Δρίμισκος,Drimiskos,peloponnese-lakonia-mainland,Lakonia,mainland_peloponnese,no_candidates,2026-06-28T13:41:44.150Z,Discovery completed for this region; no license-safe Commons/Openverse candidate was returned for this beach.,0,,
1557,Θυνί,Thyni,peloponnese-lakonia-mainland,Lakonia,mainland_peloponnese,no_candidates,2026-06-28T13:41:44.150Z,Discovery completed for this region; no license-safe Commons/Openverse candidate was returned for this beach.,0,,
1561,Καστέλλα,Kastella,peloponnese-lakonia-mainland,Lakonia,mainland_peloponnese,no_candidates,2026-06-28T13:41:44.150Z,Discovery completed for this region; no license-safe Commons/Openverse candidate was returned for this beach.,0,,
1564,Κυανή Ακτή,Kyani Akti,peloponnese-lakonia-mainland,Lakonia,mainland_peloponnese,no_candidates,2026-06-28T13:41:44.150Z,Discovery completed for this region; no license-safe Commons/Openverse candidate was returned for this beach.,0,,
1565,Λιμάνι,Limani,peloponnese-lakonia-mainland,Lakonia,mainland_peloponnese,rejected,2026-06-28T13:41:44.150Z,"Rejected after automated source screening and visual QA: candidates were wrong place, landmark/settlement/port/road/people imagery, generic coastal views, or not beach-specific enough for safe use.",7,,
1567,Μεγάλη Άμμος,Megali Ammos,peloponnese-lakonia-mainland,Lakonia,mainland_peloponnese,rejected,2026-06-28T13:41:44.150Z,"Rejected after automated source screening and visual QA: candidates were wrong place, landmark/settlement/port/road/people imagery, generic coastal views, or not beach-specific enough for safe use.",6,,
1569,Μποζάς,Bozas,peloponnese-lakonia-mainland,Lakonia,mainland_peloponnese,no_candidates,2026-06-28T13:41:44.150Z,Discovery completed for this region; no license-safe Commons/Openverse candidate was returned for this beach.,0,,
1571,Ξιφιάς,Xifias,peloponnese-lakonia-mainland,Lakonia,mainland_peloponnese,no_candidates,2026-06-28T13:41:44.150Z,Discovery completed for this region; no license-safe Commons/Openverse candidate was returned for this beach.,0,,
1574,Παραλία Αγλύφτης,Paralia Aglyftis,peloponnese-lakonia-mainland,Lakonia,mainland_peloponnese,no_candidates,2026-06-28T13:41:44.150Z,Discovery completed for this region; no license-safe Commons/Openverse candidate was returned for this beach.,0,,
1576,Παραλία Ελιάς,Paralia Elias,peloponnese-lakonia-mainland,Lakonia,mainland_peloponnese,no_candidates,2026-06-28T13:41:44.150Z,Discovery completed for this region; no license-safe Commons/Openverse candidate was returned for this beach.,0,,
1577,Παραλία Καλεβόλου,Paralia Kalevolou,peloponnese-lakonia-mainland,Lakonia,mainland_peloponnese,no_candidates,2026-06-28T13:41:44.150Z,Discovery completed for this region; no license-safe Commons/Openverse candidate was returned for this beach.,0,,
1579,Παραλία Κοκκινιά,Paralia Kokkinia,peloponnese-lakonia-mainland,Lakonia,mainland_peloponnese,no_candidates,2026-06-28T13:41:44.150Z,Discovery completed for this region; no license-safe Commons/Openverse candidate was returned for this beach.,0,,
1585,Παραλία Σελινίτσας,Paralia Selinitsas,peloponnese-lakonia-mainland,Lakonia,mainland_peloponnese,no_candidates,2026-06-28T13:41:44.150Z,Discovery completed for this region; no license-safe Commons/Openverse candidate was returned for this beach.,0,,
1587,Παραλία της Πικριάς,Paralia tis Pikrias,peloponnese-lakonia-mainland,Lakonia,mainland_peloponnese,no_candidates,2026-06-28T13:41:44.150Z,Discovery completed for this region; no license-safe Commons/Openverse candidate was returned for this beach.,0,,
1588,Παραλία Τρίνησα,Paralia Trinisa,peloponnese-lakonia-mainland,Lakonia,mainland_peloponnese,no_candidates,2026-06-28T13:41:44.150Z,Discovery completed for this region; no license-safe Commons/Openverse candidate was returned for this beach.,0,,
1592,Πούλια,Poulia,peloponnese-lakonia-mainland,Lakonia,mainland_peloponnese,rejected,2026-06-28T13:41:44.150Z,"Rejected after automated source screening and visual QA: candidates were wrong place, landmark/settlement/port/road/people imagery, generic coastal views, or not beach-specific enough for safe use.",6,,
1594,Πρώτο Αυλάκι,Proto Avlaki,peloponnese-lakonia-mainland,Lakonia,mainland_peloponnese,no_candidates,2026-06-28T13:41:44.150Z,Discovery completed for this region; no license-safe Commons/Openverse candidate was returned for this beach.,0,,
1596,Πύλιζα,Pyliza,peloponnese-lakonia-mainland,Lakonia,mainland_peloponnese,no_candidates,2026-06-28T13:41:44.150Z,Discovery completed for this region; no license-safe Commons/Openverse candidate was returned for this beach.,0,,
1597,Ρωμαϊκή Παραλία,Romaiki Paralia,peloponnese-lakonia-mainland,Lakonia,mainland_peloponnese,no_candidates,2026-06-28T13:41:44.150Z,Discovery completed for this region; no license-safe Commons/Openverse candidate was returned for this beach.,0,,
1599,Τηγάνια,Tigania,peloponnese-lakonia-mainland,Lakonia,mainland_peloponnese,no_candidates,2026-06-28T13:41:44.150Z,Discovery completed for this region; no license-safe Commons/Openverse candidate was returned for this beach.,0,,
3070,Παραλία Αλμυρού,Paralia Almyrou,peloponnese-lakonia-mainland,Lakonia,mainland_peloponnese,no_candidates,2026-06-28T13:41:44.150Z,Discovery completed for this region; no license-safe Commons/Openverse candidate was returned for this beach.,0,,
3071,Παραλία Διρού,Paralia Dirou,peloponnese-lakonia-mainland,Lakonia,mainland_peloponnese,no_candidates,2026-06-28T13:41:44.150Z,Discovery completed for this region; no license-safe Commons/Openverse candidate was returned for this beach.,0,,
3091,Παραλία Κάτω Μέζαπος,Paralia Kato Mezapos,peloponnese-lakonia-mainland,Lakonia,mainland_peloponnese,no_candidates,2026-06-28T13:41:44.150Z,Discovery completed for this region; no license-safe Commons/Openverse candidate was returned for this beach.,0,,
3108,Καλόγερος (Ελαφόνησος),Kalogeros (Elafonisos),peloponnese-lakonia-mainland,Lakonia,mainland_peloponnese,no_candidates,2026-06-28T13:41:44.150Z,Discovery completed for this region; no license-safe Commons/Openverse candidate was returned for this beach.,0,,
3109,Καραβοστάσι (Πλύτρα),Karavostasi (Plytra),peloponnese-lakonia-mainland,Lakonia,mainland_peloponnese,no_candidates,2026-06-28T13:41:44.150Z,Discovery completed for this region; no license-safe Commons/Openverse candidate was returned for this beach.,0,,
1606,Αμμούδι,Ammoudi,peloponnese-messinia-mainland,Messinia,mainland_peloponnese,no_candidates,2026-06-28T13:41:44.150Z,Discovery completed for this region; no license-safe Commons/Openverse candidate was returned for this beach.,0,,
1609,Βουρλιά,Vourlia,peloponnese-messinia-mainland,Messinia,mainland_peloponnese,rejected,2026-06-28T13:41:44.150Z,"Rejected after automated source screening and visual QA: candidates were wrong place, landmark/settlement/port/road/people imagery, generic coastal views, or not beach-specific enough for safe use.",2,,
1610,Βρωμονέρι,Vromoneri,peloponnese-messinia-mainland,Messinia,mainland_peloponnese,no_candidates,2026-06-28T13:41:44.150Z,Discovery completed for this region; no license-safe Commons/Openverse candidate was returned for this beach.,0,,
1612,Γλυφάδα,Glyfada,peloponnese-messinia-mainland,Messinia,mainland_peloponnese,no_candidates,2026-06-28T13:41:44.150Z,Discovery completed for this region; no license-safe Commons/Openverse candidate was returned for this beach.,0,,
1616,Καλαμάκι,Kalamaki,peloponnese-messinia-mainland,Messinia,mainland_peloponnese,no_candidates,2026-06-28T13:41:44.150Z,Discovery completed for this region; no license-safe Commons/Openverse candidate was returned for this beach.,0,,
1618,Καντούνι,Kantouni,peloponnese-messinia-mainland,Messinia,mainland_peloponnese,no_candidates,2026-06-28T13:41:44.150Z,Discovery completed for this region; no license-safe Commons/Openverse candidate was returned for this beach.,0,,
1619,Κουμπάρες,Koumpares,peloponnese-messinia-mainland,Messinia,mainland_peloponnese,no_candidates,2026-06-28T13:41:44.150Z,Discovery completed for this region; no license-safe Commons/Openverse candidate was returned for this beach.,0,,
1620,Κρυονέρι,Kryoneri,peloponnese-messinia-mainland,Messinia,mainland_peloponnese,no_candidates,2026-06-28T13:41:44.150Z,Discovery completed for this region; no license-safe Commons/Openverse candidate was returned for this beach.,0,,
1622,Λάμπες,Lampes,peloponnese-messinia-mainland,Messinia,mainland_peloponnese,no_candidates,2026-06-28T13:41:44.150Z,Discovery completed for this region; no license-safe Commons/Openverse candidate was returned for this beach.,0,,
1627,Μαυροβούνι,Mavrovouni,peloponnese-messinia-mainland,Messinia,mainland_peloponnese,no_candidates,2026-06-28T13:41:44.150Z,Discovery completed for this region; no license-safe Commons/Openverse candidate was returned for this beach.,0,,
1628,Μεγάλο Μαράθι,Megalo Marathi,peloponnese-messinia-mainland,Messinia,mainland_peloponnese,no_candidates,2026-06-28T13:41:44.150Z,Discovery completed for this region; no license-safe Commons/Openverse candidate was returned for this beach.,0,,
1629,Μεμί,Memi,peloponnese-messinia-mainland,Messinia,mainland_peloponnese,no_candidates,2026-06-28T13:41:44.150Z,Discovery completed for this region; no license-safe Commons/Openverse candidate was returned for this beach.,0,,
1630,Μικρό Μαράθι,Mikro Marathi,peloponnese-messinia-mainland,Messinia,mainland_peloponnese,no_candidates,2026-06-28T13:41:44.150Z,Discovery completed for this region; no license-safe Commons/Openverse candidate was returned for this beach.,0,,
1631,Παραλία Βουνάκι,Paralia Vounaki,peloponnese-messinia-mainland,Messinia,mainland_peloponnese,no_candidates,2026-06-28T13:41:44.150Z,Discovery completed for this region; no license-safe Commons/Openverse candidate was returned for this beach.,0,,
1632,Παραλία Γιάλοβα,Paralia Gialova,peloponnese-messinia-mainland,Messinia,mainland_peloponnese,no_candidates,2026-06-28T13:41:44.150Z,Discovery completed for this region; no license-safe Commons/Openverse candidate was returned for this beach.,0,,
1633,Παραλία Δελφίνια,Paralia Delfinia,peloponnese-messinia-mainland,Messinia,mainland_peloponnese,no_candidates,2026-06-28T13:41:44.150Z,Discovery completed for this region; no license-safe Commons/Openverse candidate was returned for this beach.,0,,
1638,Παραλία Πανταζή,Paralia Pantazi,peloponnese-messinia-mainland,Messinia,mainland_peloponnese,no_candidates,2026-06-28T13:41:44.150Z,Discovery completed for this region; no license-safe Commons/Openverse candidate was returned for this beach.,0,,
1641,Παραλία Σάντοβας,Paralia Santovas,peloponnese-messinia-mainland,Messinia,mainland_peloponnese,no_candidates,2026-06-28T13:41:44.150Z,Discovery completed for this region; no license-safe Commons/Openverse candidate was returned for this beach.,0,,
1642,Παραλία Στόμιο,Paralia Stomio,peloponnese-messinia-mainland,Messinia,mainland_peloponnese,no_candidates,2026-06-28T13:41:44.150Z,Discovery completed for this region; no license-safe Commons/Openverse candidate was returned for this beach.,0,,
1645,Παραλία Χωμάτι,Paralia Chomati,peloponnese-messinia-mainland,Messinia,mainland_peloponnese,no_candidates,2026-06-28T13:41:44.150Z,Discovery completed for this region; no license-safe Commons/Openverse candidate was returned for this beach.,0,,
1649,Σέλιτσα,Selitsa,peloponnese-messinia-mainland,Messinia,mainland_peloponnese,no_candidates,2026-06-28T13:41:44.150Z,Discovery completed for this region; no license-safe Commons/Openverse candidate was returned for this beach.,0,,
1652,Χαλικούρα,Chalikoura,peloponnese-messinia-mainland,Messinia,mainland_peloponnese,rejected,2026-06-28T13:41:44.150Z,"Rejected after automated source screening and visual QA: candidates were wrong place, landmark/settlement/port/road/people imagery, generic coastal views, or not beach-specific enough for safe use.",1,,
1654,Kartela,Kartela,peloponnese-messinia-mainland,Messinia,mainland_peloponnese,no_candidates,2026-06-28T13:41:44.150Z,Discovery completed for this region; no license-safe Commons/Openverse candidate was returned for this beach.,0,,
1656,Velonas,Velonas,peloponnese-messinia-mainland,Messinia,mainland_peloponnese,no_candidates,2026-06-28T13:41:44.150Z,Discovery completed for this region; no license-safe Commons/Openverse candidate was returned for this beach.,0,,
3020,Άγιος Ανδρέας,Agios Andreas,peloponnese-messinia-mainland,Messinia,mainland_peloponnese,no_candidates,2026-06-28T13:41:44.150Z,Discovery completed for this region; no license-safe Commons/Openverse candidate was returned for this beach.,0,,
1661,Κάτω Κάμπος,Kato Kampos,south-aegean-amorgos,Amorgos,cyclades,no_candidates,2026-06-28T13:41:44.150Z,Discovery completed for this region; no license-safe Commons/Openverse candidate was returned for this beach.,0,,
1664,Μούρος,Mouros,south-aegean-amorgos,Amorgos,cyclades,rejected,2026-06-28T13:41:44.150Z,"Rejected after automated source screening and visual QA: candidates were wrong place, landmark/settlement/port/road/people imagery, generic coastal views, or not beach-specific enough for safe use.",6,,
1666,Παραδείσια,Paradisia,south-aegean-amorgos,Amorgos,cyclades,rejected,2026-06-28T13:41:44.150Z,"Rejected after automated source screening and visual QA: candidates were wrong place, landmark/settlement/port/road/people imagery, generic coastal views, or not beach-specific enough for safe use.",6,,
3083,Μεγάλη Βλυχάδα,Megali Vlychada,south-aegean-amorgos,Amorgos,cyclades,no_candidates,2026-06-28T13:41:44.150Z,Discovery completed for this region; no license-safe Commons/Openverse candidate was returned for this beach.,0,,
1672,Βαγιά,Vagia,south-aegean-anafi,Anafi,cyclades,no_candidates,2026-06-28T13:41:44.150Z,Discovery completed for this region; no license-safe Commons/Openverse candidate was returned for this beach.,0,,
1674,Καλαγκάθι,Kalagkathi,south-aegean-anafi,Anafi,cyclades,no_candidates,2026-06-28T13:41:44.150Z,Discovery completed for this region; no license-safe Commons/Openverse candidate was returned for this beach.,0,,
1676,Κατσούνι,Katsouni,south-aegean-anafi,Anafi,cyclades,no_candidates,2026-06-28T13:41:44.150Z,Discovery completed for this region; no license-safe Commons/Openverse candidate was returned for this beach.,0,,
1678,Λιβοσκόπος,Livoskopos,south-aegean-anafi,Anafi,cyclades,no_candidates,2026-06-28T13:41:44.150Z,Discovery completed for this region; no license-safe Commons/Openverse candidate was returned for this beach.,0,,
1679,Μέγας Ποταμός,Megas Potamos,south-aegean-anafi,Anafi,cyclades,no_candidates,2026-06-28T13:41:44.150Z,Discovery completed for this region; no license-safe Commons/Openverse candidate was returned for this beach.,0,,
1681,Ξετρυπητή,Xetrypiti,south-aegean-anafi,Anafi,cyclades,rejected,2026-06-28T13:41:44.150Z,"Rejected after automated source screening and visual QA: candidates were wrong place, landmark/settlement/port/road/people imagery, generic coastal views, or not beach-specific enough for safe use.",1,,
1683,Πράσσα,Prassa,south-aegean-anafi,Anafi,cyclades,no_candidates,2026-06-28T13:41:44.150Z,Discovery completed for this region; no license-safe Commons/Openverse candidate was returned for this beach.,0,,
1685,Φλαμουρού,Flamourou,south-aegean-anafi,Anafi,cyclades,no_candidates,2026-06-28T13:41:44.150Z,Discovery completed for this region; no license-safe Commons/Openverse candidate was returned for this beach.,0,,
1686,Αγ.Κυπριανός,Ag.Kyprianos,south-aegean-andros,Andros,cyclades,no_candidates,2026-06-28T13:41:44.150Z,Discovery completed for this region; no license-safe Commons/Openverse candidate was returned for this beach.,0,,
1687,Άγιος Ιωάννης,Agios Ioannis,south-aegean-andros,Andros,cyclades,rejected,2026-06-28T13:41:44.150Z,"Rejected after automated source screening and visual QA: candidates were wrong place, landmark/settlement/port/road/people imagery, generic coastal views, or not beach-specific enough for safe use.",8,,
1689,Αποθηκες,Apothikes,south-aegean-andros,Andros,cyclades,no_candidates,2026-06-28T13:41:44.150Z,Discovery completed for this region; no license-safe Commons/Openverse candidate was returned for this beach.,0,,
1690,Αρτεμίδι,Artemidi,south-aegean-andros,Andros,cyclades,no_candidates,2026-06-28T13:41:44.150Z,Discovery completed for this region; no license-safe Commons/Openverse candidate was returned for this beach.,0,,
1691,Ατένι,Ateni,south-aegean-andros,Andros,cyclades,no_candidates,2026-06-28T13:41:44.150Z,Discovery completed for this region; no license-safe Commons/Openverse candidate was returned for this beach.,0,,
1694,Βλυχάδα,Vlychada,south-aegean-andros,Andros,cyclades,no_candidates,2026-06-28T13:41:44.150Z,Discovery completed for this region; no license-safe Commons/Openverse candidate was returned for this beach.,0,,
1695,Βόρη,Vori,south-aegean-andros,Andros,cyclades,no_candidates,2026-06-28T13:41:44.150Z,Discovery completed for this region; no license-safe Commons/Openverse candidate was returned for this beach.,0,,
1699,Ζορκος,Zorkos,south-aegean-andros,Andros,cyclades,no_candidates,2026-06-28T13:41:44.150Z,Discovery completed for this region; no license-safe Commons/Openverse candidate was returned for this beach.,0,,
1700,Καλαμίτσι,Kalamitsi,south-aegean-andros,Andros,cyclades,rejected,2026-06-28T13:41:44.150Z,"Rejected after automated source screening and visual QA: candidates were wrong place, landmark/settlement/port/road/people imagery, generic coastal views, or not beach-specific enough for safe use.",8,,
1701,Καμινάκι,Kaminaki,south-aegean-andros,Andros,cyclades,no_candidates,2026-06-28T13:41:44.150Z,Discovery completed for this region; no license-safe Commons/Openverse candidate was returned for this beach.,0,,
1704,Κουρταλή,Kourtali,south-aegean-andros,Andros,cyclades,no_candidates,2026-06-28T13:41:44.150Z,Discovery completed for this region; no license-safe Commons/Openverse candidate was returned for this beach.,0,,
1707,Λεφκιβάρι,Lefkivari,south-aegean-andros,Andros,cyclades,no_candidates,2026-06-28T13:41:44.150Z,Discovery completed for this region; no license-safe Commons/Openverse candidate was returned for this beach.,0,,
1708,Λιμανάκι,Limanaki,south-aegean-andros,Andros,cyclades,no_candidates,2026-06-28T13:41:44.150Z,Discovery completed for this region; no license-safe Commons/Openverse candidate was returned for this beach.,0,,
1710,Μεγάλα Πέζα,Megala Peza,south-aegean-andros,Andros,cyclades,no_candidates,2026-06-28T13:41:44.150Z,Discovery completed for this region; no license-safe Commons/Openverse candidate was returned for this beach.,0,,
1711,Μικρά Πέζα,Mikra Peza,south-aegean-andros,Andros,cyclades,no_candidates,2026-06-28T13:41:44.150Z,Discovery completed for this region; no license-safe Commons/Openverse candidate was returned for this beach.,0,,
1712,Μικρογιάλι,Mikrogiali,south-aegean-andros,Andros,cyclades,no_candidates,2026-06-28T13:41:44.150Z,Discovery completed for this region; no license-safe Commons/Openverse candidate was returned for this beach.,0,,
1715,Παλαιοπολη,Palaiopoli,south-aegean-andros,Andros,cyclades,no_candidates,2026-06-28T13:41:44.150Z,Discovery completed for this region; no license-safe Commons/Openverse candidate was returned for this beach.,0,,
1718,Πίσω Γυάλια,Piso Gyalia,south-aegean-andros,Andros,cyclades,no_candidates,2026-06-28T13:41:44.150Z,Discovery completed for this region; no license-safe Commons/Openverse candidate was returned for this beach.,0,,
1719,Πίσω Λιμνιώνας,Piso Limnionas,south-aegean-andros,Andros,cyclades,no_candidates,2026-06-28T13:41:44.150Z,Discovery completed for this region; no license-safe Commons/Openverse candidate was returned for this beach.,0,,
1721,Πύργος,Pyrgos,south-aegean-andros,Andros,cyclades,rejected,2026-06-28T13:41:44.150Z,"Rejected after automated source screening and visual QA: candidates were wrong place, landmark/settlement/port/road/people imagery, generic coastal views, or not beach-specific enough for safe use.",8,,
1722,Ρόζος,Rozos,south-aegean-andros,Andros,cyclades,no_candidates,2026-06-28T13:41:44.150Z,Discovery completed for this region; no license-safe Commons/Openverse candidate was returned for this beach.,0,,
1723,Στενό (Σταυρός),Steno (Stavros),south-aegean-andros,Andros,cyclades,no_candidates,2026-06-28T13:41:44.150Z,Discovery completed for this region; no license-safe Commons/Openverse candidate was returned for this beach.,0,,
1724,Συνετί,Syneti,south-aegean-andros,Andros,cyclades,no_candidates,2026-06-28T13:41:44.150Z,Discovery completed for this region; no license-safe Commons/Openverse candidate was returned for this beach.,0,,
1726,Χρυσή Αμμος,Chrysi Ammos,south-aegean-andros,Andros,cyclades,no_candidates,2026-06-28T13:41:44.150Z,Discovery completed for this region; no license-safe Commons/Openverse candidate was returned for this beach.,0,,
1727,Άγιος Σώστης,Agios Sostis,south-aegean-antiparos,Antiparos,cyclades,rejected,2026-06-28T13:41:44.150Z,"Rejected after automated source screening and visual QA: candidates were wrong place, landmark/settlement/port/road/people imagery, generic coastal views, or not beach-specific enough for safe use.",3,,
1728,Ακτή Παναγίας Φανερωμένης,Akti Panagias Faneromenis,south-aegean-antiparos,Antiparos,cyclades,no_candidates,2026-06-28T13:41:44.150Z,Discovery completed for this region; no license-safe Commons/Openverse candidate was returned for this beach.,0,,
1732,Λιβάδι,Livadi,south-aegean-antiparos,Antiparos,cyclades,rejected,2026-06-28T13:41:44.150Z,"Rejected after automated source screening and visual QA: candidates were wrong place, landmark/settlement/port/road/people imagery, generic coastal views, or not beach-specific enough for safe use.",6,,
1733,Λιβάδια,Livadia,south-aegean-antiparos,Antiparos,cyclades,rejected,2026-06-28T13:41:44.150Z,"Rejected after automated source screening and visual QA: candidates were wrong place, landmark/settlement/port/road/people imagery, generic coastal views, or not beach-specific enough for safe use.",2,,
1734,Παραλία Παναγίας Δεσποτικού,Paralia Panagias Despotikou,south-aegean-antiparos,Antiparos,cyclades,no_candidates,2026-06-28T13:41:44.150Z,Discovery completed for this region; no license-safe Commons/Openverse candidate was returned for this beach.,0,,
1736,Σιφνέικο,Sifniko,south-aegean-antiparos,Antiparos,cyclades,rejected,2026-06-28T13:41:44.150Z,"Rejected after automated source screening and visual QA: candidates were wrong place, landmark/settlement/port/road/people imagery, generic coastal views, or not beach-specific enough for safe use.",3,,
3072,Παραλία Μονατήρι,Paralia Monatiri,south-aegean-antiparos,Antiparos,cyclades,no_candidates,2026-06-28T13:41:44.150Z,Discovery completed for this region; no license-safe Commons/Openverse candidate was returned for this beach.,0,,
1752,Παραλία Βορεινά,Paralia Vorina,south-aegean-folegandros,Folegandros,cyclades,rejected,2026-06-28T13:41:44.150Z,"Rejected after automated source screening and visual QA: candidates were wrong place, landmark/settlement/port/road/people imagery, generic coastal views, or not beach-specific enough for safe use.",1,,
1755,Foniadiko,Foniadiko,south-aegean-ios,Ios,cyclades,no_candidates,2026-06-28T13:41:44.150Z,Discovery completed for this region; no license-safe Commons/Openverse candidate was returned for this beach.,0,,
1756,Gero Aggeli,Gero Aggeli,south-aegean-ios,Ios,cyclades,no_candidates,2026-06-28T13:41:44.150Z,Discovery completed for this region; no license-safe Commons/Openverse candidate was returned for this beach.,0,,
1757,Kalo Avlaki,Kalo Avlaki,south-aegean-ios,Ios,cyclades,no_candidates,2026-06-28T13:41:44.150Z,Discovery completed for this region; no license-safe Commons/Openverse candidate was returned for this beach.,0,,
1758,Plakotos,Plakotos,south-aegean-ios,Ios,cyclades,no_candidates,2026-06-28T13:41:44.150Z,Discovery completed for this region; no license-safe Commons/Openverse candidate was returned for this beach.,0,,
1760,Αγία Κυριακή,Agia Kyriaki,south-aegean-ios,Ios,cyclades,no_candidates,2026-06-28T13:41:44.150Z,Discovery completed for this region; no license-safe Commons/Openverse candidate was returned for this beach.,0,,
1762,Αλμυρός,Almyros,south-aegean-ios,Ios,cyclades,no_candidates,2026-06-28T13:41:44.150Z,Discovery completed for this region; no license-safe Commons/Openverse candidate was returned for this beach.,0,,
1763,Αντώναρου,Antonarou,south-aegean-ios,Ios,cyclades,no_candidates,2026-06-28T13:41:44.150Z,Discovery completed for this region; no license-safe Commons/Openverse candidate was returned for this beach.,0,,
1764,Βαθύ Ρέμα,Vathy Rema,south-aegean-ios,Ios,cyclades,no_candidates,2026-06-28T13:41:44.150Z,Discovery completed for this region; no license-safe Commons/Openverse candidate was returned for this beach.,0,,
1765,Βαλμάς,Valmas,south-aegean-ios,Ios,cyclades,no_candidates,2026-06-28T13:41:44.150Z,Discovery completed for this region; no license-safe Commons/Openverse candidate was returned for this beach.,0,,
1766,Διαμμούδια,Diammoudia,south-aegean-ios,Ios,cyclades,no_candidates,2026-06-28T13:41:44.150Z,Discovery completed for this region; no license-safe Commons/Openverse candidate was returned for this beach.,0,,
1767,Κάλαμος,Kalamos,south-aegean-ios,Ios,cyclades,no_candidates,2026-06-28T13:41:44.150Z,Discovery completed for this region; no license-safe Commons/Openverse candidate was returned for this beach.,0,,
1768,Καμπάκι,Kampaki,south-aegean-ios,Ios,cyclades,no_candidates,2026-06-28T13:41:44.150Z,Discovery completed for this region; no license-safe Commons/Openverse candidate was returned for this beach.,0,,
1769,Καρατζάς,Karatzas,south-aegean-ios,Ios,cyclades,no_candidates,2026-06-28T13:41:44.150Z,Discovery completed for this region; no license-safe Commons/Openverse candidate was returned for this beach.,0,,
1772,Κλήμα,Klima,south-aegean-ios,Ios,cyclades,accepted,2026-06-28T14:18:22.955Z,Commons description identifies Clima/Klima beach in Ios; visual QA shows the beach.,1,https://commons.wikimedia.org/w/index.php?title=Special:Redirect/file/Clima%2C%20Ios.JPG&width=800,https://commons.wikimedia.org/wiki/File%3AClima%2C%20Ios.JPG
1773,Κολιτσάνι,Kolitsani,south-aegean-ios,Ios,cyclades,accepted,2026-06-28T14:18:22.955Z,"Commons description identifies Kolitsani, Ios; visual QA shows the beach.",1,https://commons.wikimedia.org/w/index.php?title=Special:Redirect/file/Kolitsani%2C%20Ios.JPG&width=800,https://commons.wikimedia.org/wiki/File%3AKolitsani%2C%20Ios.JPG
1776,Λορέντζαινα,Lorentzaina,south-aegean-ios,Ios,cyclades,no_candidates,2026-06-28T13:41:44.150Z,Discovery completed for this region; no license-safe Commons/Openverse candidate was returned for this beach.,0,,
1777,Λουκά Αυλάκι,Louka Avlaki,south-aegean-ios,Ios,cyclades,no_candidates,2026-06-28T13:41:44.150Z,Discovery completed for this region; no license-safe Commons/Openverse candidate was returned for this beach.,0,,
1779,Μανούσου,Manousou,south-aegean-ios,Ios,cyclades,no_candidates,2026-06-28T13:41:44.150Z,Discovery completed for this region; no license-safe Commons/Openverse candidate was returned for this beach.,0,,
1781,Νεράκι,Neraki,south-aegean-ios,Ios,cyclades,no_candidates,2026-06-28T13:41:44.150Z,Discovery completed for this region; no license-safe Commons/Openverse candidate was returned for this beach.,0,,
1782,Ντόμινο,Domino,south-aegean-ios,Ios,cyclades,no_candidates,2026-06-28T13:41:44.150Z,Discovery completed for this region; no license-safe Commons/Openverse candidate was returned for this beach.,0,,
1783,Πέπα,Pepa,south-aegean-ios,Ios,cyclades,no_candidates,2026-06-28T13:41:44.150Z,Discovery completed for this region; no license-safe Commons/Openverse candidate was returned for this beach.,0,,
1785,Παπάς,Papas,south-aegean-ios,Ios,cyclades,no_candidates,2026-06-28T13:41:44.150Z,Discovery completed for this region; no license-safe Commons/Openverse candidate was returned for this beach.,0,,
1789,Πικρί Νερό,Pikri Nero,south-aegean-ios,Ios,cyclades,no_candidates,2026-06-28T13:41:44.150Z,Discovery completed for this region; no license-safe Commons/Openverse candidate was returned for this beach.,0,,
1790,Πλάκες,Plakes,south-aegean-ios,Ios,cyclades,no_candidates,2026-06-28T13:41:44.150Z,Discovery completed for this region; no license-safe Commons/Openverse candidate was returned for this beach.,0,,
1792,Σαντορινέικο,Santoriniko,south-aegean-ios,Ios,cyclades,no_candidates,2026-06-28T13:41:44.150Z,Discovery completed for this region; no license-safe Commons/Openverse candidate was returned for this beach.,0,,
1793,Σαπουνόχωμα,Sapounochoma,south-aegean-ios,Ios,cyclades,no_candidates,2026-06-28T13:41:44.150Z,Discovery completed for this region; no license-safe Commons/Openverse candidate was returned for this beach.,0,,
1794,Σοφιάς Αυλάκι,Sofias Avlaki,south-aegean-ios,Ios,cyclades,no_candidates,2026-06-28T13:41:44.150Z,Discovery completed for this region; no license-safe Commons/Openverse candidate was returned for this beach.,0,,
1795,Τζαμαρία,Tzamaria,south-aegean-ios,Ios,cyclades,no_candidates,2026-06-28T13:41:44.150Z,Discovery completed for this region; no license-safe Commons/Openverse candidate was returned for this beach.,0,,
1798,Τρεις Κλεισιές βόρειος,Tris Klisies vorios,south-aegean-ios,Ios,cyclades,no_candidates,2026-06-28T13:41:44.150Z,Discovery completed for this region; no license-safe Commons/Openverse candidate was returned for this beach.,0,,
1799,Τρεις Κλεισιές μεγάλη,Tris Klisies megali,south-aegean-ios,Ios,cyclades,no_candidates,2026-06-28T13:41:44.150Z,Discovery completed for this region; no license-safe Commons/Openverse candidate was returned for this beach.,0,,
1800,Τρεις Κλεισιές μικρή,Tris Klisies mikri,south-aegean-ios,Ios,cyclades,rejected,2026-06-28T13:41:44.150Z,"Rejected after automated source screening and visual QA: candidates were wrong place, landmark/settlement/port/road/people imagery, generic coastal views, or not beach-specific enough for safe use.",4,,
1801,Τρυπητή,Trypiti,south-aegean-ios,Ios,cyclades,no_candidates,2026-06-28T13:41:44.150Z,Discovery completed for this region; no license-safe Commons/Openverse candidate was returned for this beach.,0,,
1803,Ψάθη,Psathi,south-aegean-ios,Ios,cyclades,no_candidates,2026-06-28T13:41:44.150Z,Discovery completed for this region; no license-safe Commons/Openverse candidate was returned for this beach.,0,,
1804,Άγιος Φίλιππος,Agios Filippos,south-aegean-kea,Kea,cyclades,no_candidates,2026-06-28T13:41:44.150Z,Discovery completed for this region; no license-safe Commons/Openverse candidate was returned for this beach.,0,,
1805,Αβύθου,Avythou,south-aegean-kea,Kea,cyclades,no_candidates,2026-06-28T13:41:44.150Z,Discovery completed for this region; no license-safe Commons/Openverse candidate was returned for this beach.,0,,
1806,Βλαντή,Vlanti,south-aegean-kea,Kea,cyclades,no_candidates,2026-06-28T13:41:44.150Z,Discovery completed for this region; no license-safe Commons/Openverse candidate was returned for this beach.,0,,
1807,Βρόσκοπος,Vroskopos,south-aegean-kea,Kea,cyclades,no_candidates,2026-06-28T13:41:44.150Z,Discovery completed for this region; no license-safe Commons/Openverse candidate was returned for this beach.,0,,
1808,Γιαλισκάρι,Gialiskari,south-aegean-kea,Kea,cyclades,rejected,2026-06-28T13:41:44.150Z,"Rejected after automated source screening and visual QA: candidates were wrong place, landmark/settlement/port/road/people imagery, generic coastal views, or not beach-specific enough for safe use.",8,,
1809,Καλαμίτσι,Kalamitsi,south-aegean-kea,Kea,cyclades,no_candidates,2026-06-28T13:41:44.150Z,Discovery completed for this region; no license-safe Commons/Openverse candidate was returned for this beach.,0,,
1810,Καληδονύχι,Kalidonychi,south-aegean-kea,Kea,cyclades,no_candidates,2026-06-28T13:41:44.150Z,Discovery completed for this region; no license-safe Commons/Openverse candidate was returned for this beach.,0,,
1812,Καλόγηρος,Kalogiros,south-aegean-kea,Kea,cyclades,no_candidates,2026-06-28T13:41:44.150Z,Discovery completed for this region; no license-safe Commons/Openverse candidate was returned for this beach.,0,,
1813,Καμπί,Kampi,south-aegean-kea,Kea,cyclades,no_candidates,2026-06-28T13:41:44.150Z,Discovery completed for this region; no license-safe Commons/Openverse candidate was returned for this beach.,0,,
1816,Λαδού,Ladou,south-aegean-kea,Kea,cyclades,no_candidates,2026-06-28T13:41:44.150Z,Discovery completed for this region; no license-safe Commons/Openverse candidate was returned for this beach.,0,,
1817,Λιπαρό,Liparo,south-aegean-kea,Kea,cyclades,no_candidates,2026-06-28T13:41:44.150Z,Discovery completed for this region; no license-safe Commons/Openverse candidate was returned for this beach.,0,,
1818,Λυγιά,Lygia,south-aegean-kea,Kea,cyclades,no_candidates,2026-06-28T13:41:44.150Z,Discovery completed for this region; no license-safe Commons/Openverse candidate was returned for this beach.,0,,
1819,Μαβιά,Mavia,south-aegean-kea,Kea,cyclades,no_candidates,2026-06-28T13:41:44.150Z,Discovery completed for this region; no license-safe Commons/Openverse candidate was returned for this beach.,0,,
1820,Μαυραμπέλι,Mavrampeli,south-aegean-kea,Kea,cyclades,no_candidates,2026-06-28T13:41:44.150Z,Discovery completed for this region; no license-safe Commons/Openverse candidate was returned for this beach.,0,,
1823,Ξύλα,Xyla,south-aegean-kea,Kea,cyclades,no_candidates,2026-06-28T13:41:44.150Z,Discovery completed for this region; no license-safe Commons/Openverse candidate was returned for this beach.,0,,
1824,Ορκός,Orkos,south-aegean-kea,Kea,cyclades,no_candidates,2026-06-28T13:41:44.150Z,Discovery completed for this region; no license-safe Commons/Openverse candidate was returned for this beach.,0,,
1826,Πετρούσα,Petrousa,south-aegean-kea,Kea,cyclades,no_candidates,2026-06-28T13:41:44.150Z,Discovery completed for this region; no license-safe Commons/Openverse candidate was returned for this beach.,0,,
1828,Σιδερού,Siderou,south-aegean-kea,Kea,cyclades,no_candidates,2026-06-28T13:41:44.150Z,Discovery completed for this region; no license-safe Commons/Openverse candidate was returned for this beach.,0,,
1830,Στέφα,Stefa,south-aegean-kea,Kea,cyclades,no_candidates,2026-06-28T13:41:44.150Z,Discovery completed for this region; no license-safe Commons/Openverse candidate was returned for this beach.,0,,
1831,Συκαμιά,Sykamia,south-aegean-kea,Kea,cyclades,no_candidates,2026-06-28T13:41:44.150Z,Discovery completed for this region; no license-safe Commons/Openverse candidate was returned for this beach.,0,,
1832,Σχίνος,Schinos,south-aegean-kea,Kea,cyclades,no_candidates,2026-06-28T13:41:44.150Z,Discovery completed for this region; no license-safe Commons/Openverse candidate was returned for this beach.,0,,
1833,Τηλέγραφος,Tilegrafos,south-aegean-kea,Kea,cyclades,no_candidates,2026-06-28T13:41:44.150Z,Discovery completed for this region; no license-safe Commons/Openverse candidate was returned for this beach.,0,,
1834,Φρέας,Freas,south-aegean-kea,Kea,cyclades,no_candidates,2026-06-28T13:41:44.150Z,Discovery completed for this region; no license-safe Commons/Openverse candidate was returned for this beach.,0,,
1835,Χυλιαμόδου,Chyliamodou,south-aegean-kea,Kea,cyclades,no_candidates,2026-06-28T13:41:44.150Z,Discovery completed for this region; no license-safe Commons/Openverse candidate was returned for this beach.,0,,
1836,Ψαθί,Psathi,south-aegean-kea,Kea,cyclades,no_candidates,2026-06-28T13:41:44.150Z,Discovery completed for this region; no license-safe Commons/Openverse candidate was returned for this beach.,0,,
1837,Ψιλή Άμμος,Psili Ammos,south-aegean-kea,Kea,cyclades,rejected,2026-06-28T13:41:44.150Z,"Rejected after automated source screening and visual QA: candidates were wrong place, landmark/settlement/port/road/people imagery, generic coastal views, or not beach-specific enough for safe use.",7,,
1838,Αγιόκλημα,Agioklima,south-aegean-kimolos,Kimolos,cyclades,no_candidates,2026-06-28T13:41:44.150Z,Discovery completed for this region; no license-safe Commons/Openverse candidate was returned for this beach.,0,,
1839,Άγιος Μηνάς,Agios Minas,south-aegean-kimolos,Kimolos,cyclades,no_candidates,2026-06-28T13:41:44.150Z,Discovery completed for this region; no license-safe Commons/Openverse candidate was returned for this beach.,0,,
1840,Αθηνιά,Athinia,south-aegean-kimolos,Kimolos,cyclades,no_candidates,2026-06-28T13:41:44.150Z,Discovery completed for this region; no license-safe Commons/Openverse candidate was returned for this beach.,0,,
1842,Βρωμολίμνη,Vromolimni,south-aegean-kimolos,Kimolos,cyclades,no_candidates,2026-06-28T13:41:44.150Z,Discovery completed for this region; no license-safe Commons/Openverse candidate was returned for this beach.,0,,
1843,Γκιώνη,Gioni,south-aegean-kimolos,Kimolos,cyclades,no_candidates,2026-06-28T13:41:44.150Z,Discovery completed for this region; no license-safe Commons/Openverse candidate was returned for this beach.,0,,
1846,Καλαμίτσι,Kalamitsi,south-aegean-kimolos,Kimolos,cyclades,rejected,2026-06-28T13:41:44.150Z,"Rejected after automated source screening and visual QA: candidates were wrong place, landmark/settlement/port/road/people imagery, generic coastal views, or not beach-specific enough for safe use.",8,,
1849,Μακροπούντα,Makropounta,south-aegean-kimolos,Kimolos,cyclades,no_candidates,2026-06-28T13:41:44.150Z,Discovery completed for this region; no license-safe Commons/Openverse candidate was returned for this beach.,0,,
1850,Μαυροσπηλιά,Mavrospilia,south-aegean-kimolos,Kimolos,cyclades,rejected,2026-06-28T13:41:44.150Z,"Rejected after automated source screening and visual QA: candidates were wrong place, landmark/settlement/port/road/people imagery, generic coastal views, or not beach-specific enough for safe use.",1,,
1852,Μοναστήρια,Monastiria,south-aegean-kimolos,Kimolos,cyclades,no_candidates,2026-06-28T13:41:44.150Z,Discovery completed for this region; no license-safe Commons/Openverse candidate was returned for this beach.,0,,
1853,Μπονάτσα,Bonatsa,south-aegean-kimolos,Kimolos,cyclades,no_candidates,2026-06-28T13:41:44.150Z,Discovery completed for this region; no license-safe Commons/Openverse candidate was returned for this beach.,0,,
1854,Παραλία Πήγαδος,Paralia Pigados,south-aegean-kimolos,Kimolos,cyclades,no_candidates,2026-06-28T13:41:44.150Z,Discovery completed for this region; no license-safe Commons/Openverse candidate was returned for this beach.,0,,
1856,Σούφι,Soufi,south-aegean-kimolos,Kimolos,cyclades,no_candidates,2026-06-28T13:41:44.150Z,Discovery completed for this region; no license-safe Commons/Openverse candidate was returned for this beach.,0,,
1863,Αγία Ειρήνη,Agia Irini,south-aegean-kythnos,Kythnos,cyclades,no_candidates,2026-06-28T13:41:44.150Z,Discovery completed for this region; no license-safe Commons/Openverse candidate was returned for this beach.,0,,
1869,Βασιλικό,Vasiliko,south-aegean-kythnos,Kythnos,cyclades,no_candidates,2026-06-28T13:41:44.150Z,Discovery completed for this region; no license-safe Commons/Openverse candidate was returned for this beach.,0,,
1870,Γαλάζια Ακτή,Galazia Akti,south-aegean-kythnos,Kythnos,cyclades,no_candidates,2026-06-28T13:41:44.150Z,Discovery completed for this region; no license-safe Commons/Openverse candidate was returned for this beach.,0,,
1873,Ζογκάκι,Zogkaki,south-aegean-kythnos,Kythnos,cyclades,no_candidates,2026-06-28T13:41:44.150Z,Discovery completed for this region; no license-safe Commons/Openverse candidate was returned for this beach.,0,,
1874,Καβουροχέρι,Kavourocheri,south-aegean-kythnos,Kythnos,cyclades,no_candidates,2026-06-28T13:41:44.150Z,Discovery completed for this region; no license-safe Commons/Openverse candidate was returned for this beach.,0,,
1875,Κακή Μαρία,Kaki Maria,south-aegean-kythnos,Kythnos,cyclades,no_candidates,2026-06-28T13:41:44.150Z,Discovery completed for this region; no license-safe Commons/Openverse candidate was returned for this beach.,0,,
1877,Καστέλλα,Kastella,south-aegean-kythnos,Kythnos,cyclades,no_candidates,2026-06-28T13:41:44.150Z,Discovery completed for this region; no license-safe Commons/Openverse candidate was returned for this beach.,0,,
1878,Κολοβελόνη,Koloveloni,south-aegean-kythnos,Kythnos,cyclades,no_candidates,2026-06-28T13:41:44.150Z,Discovery completed for this region; no license-safe Commons/Openverse candidate was returned for this beach.,0,,
1881,Λεύκες,Levkes,south-aegean-kythnos,Kythnos,cyclades,no_candidates,2026-06-28T13:41:44.150Z,Discovery completed for this region; no license-safe Commons/Openverse candidate was returned for this beach.,0,,
1882,Λιβαδάκι,Livadaki,south-aegean-kythnos,Kythnos,cyclades,no_candidates,2026-06-28T13:41:44.150Z,Discovery completed for this region; no license-safe Commons/Openverse candidate was returned for this beach.,0,,
1883,Μαρκουλη,Markouli,south-aegean-kythnos,Kythnos,cyclades,no_candidates,2026-06-28T13:41:44.150Z,Discovery completed for this region; no license-safe Commons/Openverse candidate was returned for this beach.,0,,
1886,Μικρό Λιβαδάκι,Mikro Livadaki,south-aegean-kythnos,Kythnos,cyclades,no_candidates,2026-06-28T13:41:44.150Z,Discovery completed for this region; no license-safe Commons/Openverse candidate was returned for this beach.,0,,
1890,Ποντίκια,Pontikia,south-aegean-kythnos,Kythnos,cyclades,no_candidates,2026-06-28T13:41:44.150Z,Discovery completed for this region; no license-safe Commons/Openverse candidate was returned for this beach.,0,,
1891,Ποταμιά,Potamia,south-aegean-kythnos,Kythnos,cyclades,no_candidates,2026-06-28T13:41:44.150Z,Discovery completed for this region; no license-safe Commons/Openverse candidate was returned for this beach.,0,,
1892,Σι Μου Σι,Si Mou Si,south-aegean-kythnos,Kythnos,cyclades,no_candidates,2026-06-28T13:41:44.150Z,Discovery completed for this region; no license-safe Commons/Openverse candidate was returned for this beach.,0,,
1894,Σκλαβός,Sklavos,south-aegean-kythnos,Kythnos,cyclades,no_candidates,2026-06-28T13:41:44.150Z,Discovery completed for this region; no license-safe Commons/Openverse candidate was returned for this beach.,0,,
1896,Στύφος,Styfos,south-aegean-kythnos,Kythnos,cyclades,no_candidates,2026-06-28T13:41:44.150Z,Discovery completed for this region; no license-safe Commons/Openverse candidate was returned for this beach.,0,,
1898,Άγιος Δημήτριος,Agios Dimitrios,south-aegean-milos,Milos,cyclades,rejected,2026-06-28T13:41:44.150Z,"Rejected after automated source screening and visual QA: candidates were wrong place, landmark/settlement/port/road/people imagery, generic coastal views, or not beach-specific enough for safe use.",4,,
1902,Αμμουδαράκι,Ammoudaraki,south-aegean-milos,Milos,cyclades,no_candidates,2026-06-28T13:41:44.150Z,Discovery completed for this region; no license-safe Commons/Openverse candidate was returned for this beach.,0,,
1907,Κάλαμος,Kalamos,south-aegean-milos,Milos,cyclades,rejected,2026-06-28T13:41:44.150Z,"Rejected after automated source screening and visual QA: candidates were wrong place, landmark/settlement/port/road/people imagery, generic coastal views, or not beach-specific enough for safe use.",5,,
1909,Κάτεργο,Katergo,south-aegean-milos,Milos,cyclades,no_candidates,2026-06-28T13:41:44.150Z,Discovery completed for this region; no license-safe Commons/Openverse candidate was returned for this beach.,0,,
1910,Κήποι,Kipi,south-aegean-milos,Milos,cyclades,rejected,2026-06-28T13:41:44.150Z,"Rejected after automated source screening and visual QA: candidates were wrong place, landmark/settlement/port/road/people imagery, generic coastal views, or not beach-specific enough for safe use.",1,,
1911,Καμπάνες,Kampanes,south-aegean-milos,Milos,cyclades,no_candidates,2026-06-28T13:41:44.150Z,Discovery completed for this region; no license-safe Commons/Openverse candidate was returned for this beach.,0,,
1913,Ναυτικός Όμιλος Μήλου,Navtikos Omilos Milou,south-aegean-milos,Milos,cyclades,rejected,2026-06-28T13:41:44.150Z,"Rejected after automated source screening and visual QA: candidates were wrong place, landmark/settlement/port/road/people imagery, generic coastal views, or not beach-specific enough for safe use.",1,,
1914,Νεροδάφνη,Nerodafni,south-aegean-milos,Milos,cyclades,no_candidates,2026-06-28T13:41:44.150Z,Discovery completed for this region; no license-safe Commons/Openverse candidate was returned for this beach.,0,,
1918,Παραλία Αγγαθια,Paralia Angathia,south-aegean-milos,Milos,cyclades,no_candidates,2026-06-28T13:41:44.150Z,Discovery completed for this region; no license-safe Commons/Openverse candidate was returned for this beach.,0,,
1921,Ριβάρι,Rivari,south-aegean-milos,Milos,cyclades,no_candidates,2026-06-28T13:41:44.150Z,Discovery completed for this region; no license-safe Commons/Openverse candidate was returned for this beach.,0,,
1924,Τριάδες,Triades,south-aegean-milos,Milos,cyclades,no_candidates,2026-06-28T13:41:44.150Z,Discovery completed for this region; no license-safe Commons/Openverse candidate was returned for this beach.,0,,
1926,Φατούρενα,Fatourena,south-aegean-milos,Milos,cyclades,no_candidates,2026-06-28T13:41:44.150Z,Discovery completed for this region; no license-safe Commons/Openverse candidate was returned for this beach.,0,,
1930,Ψαθί,Psathi,south-aegean-milos,Milos,cyclades,rejected,2026-06-28T13:41:44.150Z,"Rejected after automated source screening and visual QA: candidates were wrong place, landmark/settlement/port/road/people imagery, generic coastal views, or not beach-specific enough for safe use.",4,,
1931,Ψαροβολάδα,Psarovolada,south-aegean-milos,Milos,cyclades,no_candidates,2026-06-28T13:41:44.150Z,Discovery completed for this region; no license-safe Commons/Openverse candidate was returned for this beach.,0,,
1934,Βούδια,Voudia,south-aegean-milos,Milos,cyclades,rejected,2026-06-28T13:41:44.150Z,"Rejected after automated source screening and visual QA: candidates were wrong place, landmark/settlement/port/road/people imagery, generic coastal views, or not beach-specific enough for safe use.",4,,
1935,Καστανάς,Kastanas,south-aegean-milos,Milos,cyclades,no_candidates,2026-06-28T13:41:44.150Z,Discovery completed for this region; no license-safe Commons/Openverse candidate was returned for this beach.,0,,
1936,Κολυμπισιώνας,Kolympisionas,south-aegean-milos,Milos,cyclades,no_candidates,2026-06-28T13:41:44.150Z,Discovery completed for this region; no license-safe Commons/Openverse candidate was returned for this beach.,0,,
1938,Τρία Πηγάδια,Tria Pigadia,south-aegean-milos,Milos,cyclades,no_candidates,2026-06-28T13:41:44.150Z,Discovery completed for this region; no license-safe Commons/Openverse candidate was returned for this beach.,0,,
3054,Πάχαινα,Pachaina,south-aegean-milos,Milos,cyclades,no_candidates,2026-06-28T13:41:44.150Z,Discovery completed for this region; no license-safe Commons/Openverse candidate was returned for this beach.,0,,
1939,Αγία Άννα,Agia Anna,south-aegean-mykonos,Mykonos,cyclades,rejected,2026-06-28T13:41:44.150Z,"Rejected after automated source screening and visual QA: candidates were wrong place, landmark/settlement/port/road/people imagery, generic coastal views, or not beach-specific enough for safe use.",8,,
1948,Βαθιά Λαγκάδα,Vathia Lagkada,south-aegean-mykonos,Mykonos,cyclades,no_candidates,2026-06-28T13:41:44.150Z,Discovery completed for this region; no license-safe Commons/Openverse candidate was returned for this beach.,0,,
1956,Κάτω Τηγάνι,Kato Tigani,south-aegean-mykonos,Mykonos,cyclades,no_candidates,2026-06-28T13:41:44.150Z,Discovery completed for this region; no license-safe Commons/Openverse candidate was returned for this beach.,0,,
1962,Μερσίνη,Mersini,south-aegean-mykonos,Mykonos,cyclades,no_candidates,2026-06-28T13:41:44.150Z,Discovery completed for this region; no license-safe Commons/Openverse candidate was returned for this beach.,0,,
1963,Μερχιά,Merchia,south-aegean-mykonos,Mykonos,cyclades,no_candidates,2026-06-28T13:41:44.150Z,Discovery completed for this region; no license-safe Commons/Openverse candidate was returned for this beach.,0,,
1967,παραλία Σωκράτης,paralia Sokratis,south-aegean-mykonos,Mykonos,cyclades,no_candidates,2026-06-28T13:41:44.150Z,Discovery completed for this region; no license-safe Commons/Openverse candidate was returned for this beach.,0,,
1968,Πατέρα Πλάκα,Patera Plaka,south-aegean-mykonos,Mykonos,cyclades,no_candidates,2026-06-28T13:41:44.150Z,Discovery completed for this region; no license-safe Commons/Openverse candidate was returned for this beach.,0,,
1973,Τούρλος,Tourlos,south-aegean-mykonos,Mykonos,cyclades,rejected,2026-06-28T13:41:44.150Z,"Rejected after automated source screening and visual QA: candidates were wrong place, landmark/settlement/port/road/people imagery, generic coastal views, or not beach-specific enough for safe use.",8,,
1977,Φωκός,Fokos,south-aegean-mykonos,Mykonos,cyclades,no_candidates,2026-06-28T13:41:44.150Z,Discovery completed for this region; no license-safe Commons/Openverse candidate was returned for this beach.,0,,
1988,Αμμίτης,Ammitis,south-aegean-naxos,Naxos,cyclades,no_candidates,2026-06-28T13:41:44.150Z,Discovery completed for this region; no license-safe Commons/Openverse candidate was returned for this beach.,0,,
1989,Άμπραμ,Ampram,south-aegean-naxos,Naxos,cyclades,no_candidates,2026-06-28T13:41:44.150Z,Discovery completed for this region; no license-safe Commons/Openverse candidate was returned for this beach.,0,,
1992,Γλατζά,Glatza,south-aegean-naxos,Naxos,cyclades,no_candidates,2026-06-28T13:41:44.150Z,Discovery completed for this region; no license-safe Commons/Openverse candidate was returned for this beach.,0,,
1994,Γρόττα,Grotta,south-aegean-naxos,Naxos,cyclades,no_candidates,2026-06-28T13:41:44.150Z,Discovery completed for this region; no license-safe Commons/Openverse candidate was returned for this beach.,0,,
1999,Κλειδός,Klidos,south-aegean-naxos,Naxos,cyclades,no_candidates,2026-06-28T13:41:44.150Z,Discovery completed for this region; no license-safe Commons/Openverse candidate was returned for this beach.,0,,
2000,Παραλία Κλειδώ,Paralia Klido,south-aegean-naxos,Naxos,cyclades,no_candidates,2026-06-28T13:41:44.150Z,Discovery completed for this region; no license-safe Commons/Openverse candidate was returned for this beach.,0,,
2002,Παραλία Λιμνάρι,Paralia Limnari,south-aegean-naxos,Naxos,cyclades,no_candidates,2026-06-28T13:41:44.150Z,Discovery completed for this region; no license-safe Commons/Openverse candidate was returned for this beach.,0,,
2004,Μελινό,Melino,south-aegean-naxos,Naxos,cyclades,no_candidates,2026-06-28T13:41:44.150Z,Discovery completed for this region; no license-safe Commons/Openverse candidate was returned for this beach.,0,,
2005,Μικρά,Mikra,south-aegean-naxos,Naxos,cyclades,no_candidates,2026-06-28T13:41:44.150Z,Discovery completed for this region; no license-safe Commons/Openverse candidate was returned for this beach.,0,,
2014,Ρίνα,Rina,south-aegean-naxos,Naxos,cyclades,no_candidates,2026-06-28T13:41:44.150Z,Discovery completed for this region; no license-safe Commons/Openverse candidate was returned for this beach.,0,,
2016,Χίλια Βρύση,Chilia Vrysi,south-aegean-naxos,Naxos,cyclades,no_candidates,2026-06-28T13:41:44.150Z,Discovery completed for this region; no license-safe Commons/Openverse candidate was returned for this beach.,0,,
2018,Παραλία Ψωφαγριλιά,Paralia Psofagrilia,south-aegean-naxos,Naxos,cyclades,no_candidates,2026-06-28T13:41:44.150Z,Discovery completed for this region; no license-safe Commons/Openverse candidate was returned for this beach.,0,,
2021,Άγιος Δημήτριος,Agios Dimitrios,south-aegean-paros,Paros,cyclades,rejected,2026-06-28T13:41:44.150Z,"Rejected after automated source screening and visual QA: candidates were wrong place, landmark/settlement/port/road/people imagery, generic coastal views, or not beach-specific enough for safe use.",8,,
2024,Άσπρος Γκρεμός,Aspros Gremos,south-aegean-paros,Paros,cyclades,no_candidates,2026-06-28T13:41:44.150Z,Discovery completed for this region; no license-safe Commons/Openverse candidate was returned for this beach.,0,,
2037,Μαρτσέλο,Martselo,south-aegean-paros,Paros,cyclades,rejected,2026-06-28T13:41:44.150Z,"Rejected after source/visual QA: candidates identify Krios Paros, not Martselo.",3,,
2047,Παρασπόρος,Parasporos,south-aegean-paros,Paros,cyclades,no_candidates,2026-06-28T13:41:44.150Z,Discovery completed for this region; no license-safe Commons/Openverse candidate was returned for this beach.,0,,
2066,Παραλία Κερκέζου,Paralia Kerkezou,south-aegean-santorini,Santorini,cyclades,rejected,2026-06-28T13:41:44.150Z,"Rejected after automated source screening and visual QA: candidates were wrong place, landmark/settlement/port/road/people imagery, generic coastal views, or not beach-specific enough for safe use.",1,,
2069,Κάθαρος,Katharos,south-aegean-santorini,Santorini,cyclades,rejected,2026-06-28T13:41:44.150Z,"Rejected after automated source screening and visual QA: candidates were wrong place, landmark/settlement/port/road/people imagery, generic coastal views, or not beach-specific enough for safe use.",6,,
2070,Αβεσσαλός,Avessalos,south-aegean-serifos,Serifos,cyclades,no_candidates,2026-06-28T13:41:44.150Z,Discovery completed for this region; no license-safe Commons/Openverse candidate was returned for this beach.,0,,
2077,Βορεινό,Vorino,south-aegean-serifos,Serifos,cyclades,rejected,2026-06-28T13:41:44.150Z,"Rejected after automated source screening and visual QA: candidates were wrong place, landmark/settlement/port/road/people imagery, generic coastal views, or not beach-specific enough for safe use.",2,,
2079,Γιαλούδι,Gialoudi,south-aegean-serifos,Serifos,cyclades,no_candidates,2026-06-28T13:41:44.150Z,Discovery completed for this region; no license-safe Commons/Openverse candidate was returned for this beach.,0,,
2082,Καραβάς,Karavas,south-aegean-serifos,Serifos,cyclades,no_candidates,2026-06-28T13:41:44.150Z,Discovery completed for this region; no license-safe Commons/Openverse candidate was returned for this beach.,0,,
2086,Λιά,Lia,south-aegean-serifos,Serifos,cyclades,rejected,2026-06-28T13:41:44.150Z,"Rejected after automated source screening and visual QA: candidates were wrong place, landmark/settlement/port/road/people imagery, generic coastal views, or not beach-specific enough for safe use.",1,,
2090,Μεσιανό,Mesiano,south-aegean-serifos,Serifos,cyclades,rejected,2026-06-28T13:41:44.150Z,"Rejected after automated source screening and visual QA: candidates were wrong place, landmark/settlement/port/road/people imagery, generic coastal views, or not beach-specific enough for safe use.",2,,
2091,Πλατύς Γιαλός,Platys Gialos,south-aegean-serifos,Serifos,cyclades,rejected,2026-06-28T13:41:44.150Z,"Rejected after automated source screening and visual QA: candidates were wrong place, landmark/settlement/port/road/people imagery, generic coastal views, or not beach-specific enough for safe use.",6,,
2092,Σκάλα,Skala,south-aegean-serifos,Serifos,cyclades,no_candidates,2026-06-28T13:41:44.150Z,Discovery completed for this region; no license-safe Commons/Openverse candidate was returned for this beach.,0,,
2093,Συκαμιά,Sykamia,south-aegean-serifos,Serifos,cyclades,rejected,2026-06-28T13:41:44.150Z,"Rejected after automated source screening and visual QA: candidates were wrong place, landmark/settlement/port/road/people imagery, generic coastal views, or not beach-specific enough for safe use.",3,,
2096,Αρτιμόνι,Artimoni,south-aegean-sifnos,Sifnos,cyclades,no_candidates,2026-06-28T13:41:44.150Z,Discovery completed for this region; no license-safe Commons/Openverse candidate was returned for this beach.,0,,
2098,Βλυχάδα,Vlychada,south-aegean-sifnos,Sifnos,cyclades,rejected,2026-06-28T13:41:44.150Z,"Rejected after automated source screening and visual QA: candidates were wrong place, landmark/settlement/port/road/people imagery, generic coastal views, or not beach-specific enough for safe use.",8,,
2100,Βρουλίδια,Vroulidia,south-aegean-sifnos,Sifnos,cyclades,no_candidates,2026-06-28T13:41:44.150Z,Discovery completed for this region; no license-safe Commons/Openverse candidate was returned for this beach.,0,,
2105,Πουλάτη,Poulati,south-aegean-sifnos,Sifnos,cyclades,rejected,2026-06-28T13:41:44.150Z,"Rejected after automated source screening and visual QA: candidates were wrong place, landmark/settlement/port/road/people imagery, generic coastal views, or not beach-specific enough for safe use.",4,,
2106,Σάουρες,Saoures,south-aegean-sifnos,Sifnos,cyclades,rejected,2026-06-28T13:41:44.150Z,"Rejected after automated source screening and visual QA: candidates were wrong place, landmark/settlement/port/road/people imagery, generic coastal views, or not beach-specific enough for safe use.",8,,
2107,Σεράλια,Seralia,south-aegean-sifnos,Sifnos,cyclades,accepted,2026-06-28T13:40:45.286Z,"Commons title/category identifies Kastro Seralia, Sifnos with an 89m geotag; visual QA shows the Seralia shoreline.",1,https://commons.wikimedia.org/w/index.php?title=Special:Redirect/file/Cyclades%20Sifnos%20Kastro%20Seralia%20-%20panoramio.jpg&width=800,https://commons.wikimedia.org/wiki/File%3ACyclades%20Sifnos%20Kastro%20Seralia%20-%20panoramio.jpg
2109,Τόσο Νερό,Toso Nero,south-aegean-sifnos,Sifnos,cyclades,no_candidates,2026-06-28T13:41:44.150Z,Discovery completed for this region; no license-safe Commons/Openverse candidate was returned for this beach.,0,,
2111,Τσόχα,Tsocha,south-aegean-sifnos,Sifnos,cyclades,no_candidates,2026-06-28T13:41:44.150Z,Discovery completed for this region; no license-safe Commons/Openverse candidate was returned for this beach.,0,,
2118,Μάλτα,Malta,south-aegean-sikinos,Sikinos,cyclades,no_candidates,2026-06-28T13:41:44.150Z,Discovery completed for this region; no license-safe Commons/Openverse candidate was returned for this beach.,0,,
2126,Αζόλιμνος,Azolimnos,south-aegean-syros,Syros,cyclades,accepted,2026-06-28T13:37:35.313Z,"Exact Commons title and description identify Azolimnos beach, Syros; visual QA shows the coastal beach/shoreline.",1,https://commons.wikimedia.org/w/index.php?title=Special:Redirect/file/Trata%2C%20Azolimnos%20beach.jpg&width=800,https://commons.wikimedia.org/wiki/File%3ATrata%2C%20Azolimnos%20beach.jpg
2127,Αη Λουκάς,Ai Loukas,south-aegean-syros,Syros,cyclades,no_candidates,2026-06-28T13:41:44.150Z,Discovery completed for this region; no license-safe Commons/Openverse candidate was returned for this beach.,0,,
2132,Βαθύ Γιαλούδι,Vathy Gialoudi,south-aegean-syros,Syros,cyclades,rejected,2026-06-28T13:41:44.150Z,"Rejected after automated source screening and visual QA: candidates were wrong place, landmark/settlement/port/road/people imagery, generic coastal views, or not beach-specific enough for safe use.",8,,
2147,Σαντορινιοί,Santorinii,south-aegean-syros,Syros,cyclades,no_candidates,2026-06-28T13:41:44.150Z,Discovery completed for this region; no license-safe Commons/Openverse candidate was returned for this beach.,0,,
2149,Αγία Κυριακή,Agia Kyriaki,south-aegean-tinos,Tinos,cyclades,rejected,2026-06-28T13:41:44.150Z,"Rejected after automated source screening and visual QA: candidates were wrong place, landmark/settlement/port/road/people imagery, generic coastal views, or not beach-specific enough for safe use.",8,,
2150,Αγιος Δημήτριος,Agios Dimitrios,south-aegean-tinos,Tinos,cyclades,no_candidates,2026-06-28T13:41:44.150Z,Discovery completed for this region; no license-safe Commons/Openverse candidate was returned for this beach.,0,,
2152,Άγιος Πέτρος,Agios Petros,south-aegean-tinos,Tinos,cyclades,no_candidates,2026-06-28T13:41:44.150Z,Discovery completed for this region; no license-safe Commons/Openverse candidate was returned for this beach.,0,,
2158,Αποθήκες,Apothikes,south-aegean-tinos,Tinos,cyclades,no_candidates,2026-06-28T13:41:44.150Z,Discovery completed for this region; no license-safe Commons/Openverse candidate was returned for this beach.,0,,
2159,Άσπρος Γυαλός,Aspros Gyalos,south-aegean-tinos,Tinos,cyclades,no_candidates,2026-06-28T13:41:44.150Z,Discovery completed for this region; no license-safe Commons/Openverse candidate was returned for this beach.,0,,
2160,Βαθύ Υστερνίων,Vathy Ysternion,south-aegean-tinos,Tinos,cyclades,no_candidates,2026-06-28T13:41:44.150Z,Discovery completed for this region; no license-safe Commons/Openverse candidate was returned for this beach.,0,,
2162,Εμπρος Διαλισκάρ,Empros Dialiskar,south-aegean-tinos,Tinos,cyclades,no_candidates,2026-06-28T13:41:44.150Z,Discovery completed for this region; no license-safe Commons/Openverse candidate was returned for this beach.,0,,
2163,Καλύβια,Kalyvia,south-aegean-tinos,Tinos,cyclades,no_candidates,2026-06-28T13:41:44.150Z,Discovery completed for this region; no license-safe Commons/Openverse candidate was returned for this beach.,0,,
2164,Καντάνη,Kantani,south-aegean-tinos,Tinos,cyclades,no_candidates,2026-06-28T13:41:44.150Z,Discovery completed for this region; no license-safe Commons/Openverse candidate was returned for this beach.,0,,
2167,Κουμέλας,Koumelas,south-aegean-tinos,Tinos,cyclades,no_candidates,2026-06-28T13:41:44.150Z,Discovery completed for this region; no license-safe Commons/Openverse candidate was returned for this beach.,0,,
2168,Κουσίνια,Kousinia,south-aegean-tinos,Tinos,cyclades,no_candidates,2026-06-28T13:41:44.150Z,Discovery completed for this region; no license-safe Commons/Openverse candidate was returned for this beach.,0,,
2171,Μαλλί,Malli,south-aegean-tinos,Tinos,cyclades,no_candidates,2026-06-28T13:41:44.150Z,Discovery completed for this region; no license-safe Commons/Openverse candidate was returned for this beach.,0,,
2172,Μαντροκλήσι,Mantroklisi,south-aegean-tinos,Tinos,cyclades,no_candidates,2026-06-28T13:41:44.150Z,Discovery completed for this region; no license-safe Commons/Openverse candidate was returned for this beach.,0,,
2175,Πανούσα,Panousa,south-aegean-tinos,Tinos,cyclades,no_candidates,2026-06-28T13:41:44.150Z,Discovery completed for this region; no license-safe Commons/Openverse candidate was returned for this beach.,0,,
2177,Παραλία Καβαλουρκό,Paralia Kavalourko,south-aegean-tinos,Tinos,cyclades,no_candidates,2026-06-28T13:41:44.150Z,Discovery completed for this region; no license-safe Commons/Openverse candidate was returned for this beach.,0,,
2180,Πίσω Διαλισκαρ,Piso Dialiskar,south-aegean-tinos,Tinos,cyclades,no_candidates,2026-06-28T13:41:44.150Z,Discovery completed for this region; no license-safe Commons/Openverse candidate was returned for this beach.,0,,
2182,Πλατύς Γιαλός,Platys Gialos,south-aegean-tinos,Tinos,cyclades,rejected,2026-06-28T13:41:44.150Z,"Rejected after automated source screening and visual QA: candidates were wrong place, landmark/settlement/port/road/people imagery, generic coastal views, or not beach-specific enough for safe use.",4,,
2184,Σάντα Μαργαρίτα,Santa Margarita,south-aegean-tinos,Tinos,cyclades,no_candidates,2026-06-28T13:41:44.150Z,Discovery completed for this region; no license-safe Commons/Openverse candidate was returned for this beach.,0,,
2185,Σκληρός,Skliros,south-aegean-tinos,Tinos,cyclades,no_candidates,2026-06-28T13:41:44.150Z,Discovery completed for this region; no license-safe Commons/Openverse candidate was returned for this beach.,0,,
2190,Λιβάδι,Livadi,south-aegean-donousa,Donousa,cyclades,accepted,2026-06-28T13:30:15.103Z,"Exact Openverse/Flickr title identifies Livadi beach, Donoussa, Greece; visual QA shows the sandy beach and shallow water.",1,https://live.staticflickr.com/4262/35572463825_a379d1b798_b.jpg,https://www.flickr.com/photos/58661913@N00/35572463825
2191,Λιμενάρι,Limenari,south-aegean-donousa,Donousa,cyclades,no_candidates,2026-06-28T13:41:44.150Z,Discovery completed for this region; no license-safe Commons/Openverse candidate was returned for this beach.,0,,
2194,Αφρυανιά,Afryania,south-aegean-koufonisia,Koufonisia,cyclades,rejected,2026-06-28T13:41:44.150Z,"Rejected after automated source screening and visual QA: candidates were wrong place, landmark/settlement/port/road/people imagery, generic coastal views, or not beach-specific enough for safe use.",2,,
2195,Γενούπας,Genoupas,south-aegean-koufonisia,Koufonisia,cyclades,no_candidates,2026-06-28T13:41:44.150Z,Discovery completed for this region; no license-safe Commons/Openverse candidate was returned for this beach.,0,,
2196,Δέτη,Deti,south-aegean-koufonisia,Koufonisia,cyclades,rejected,2026-06-28T13:41:44.150Z,"Rejected after automated source screening and visual QA: candidates were wrong place, landmark/settlement/port/road/people imagery, generic coastal views, or not beach-specific enough for safe use.",2,,
2198,Λάκοι,Laki,south-aegean-koufonisia,Koufonisia,cyclades,rejected,2026-06-28T13:41:44.150Z,"Rejected after automated source screening and visual QA: candidates were wrong place, landmark/settlement/port/road/people imagery, generic coastal views, or not beach-specific enough for safe use.",4,,
2199,Παραλία Λεωνίδα,Paralia Leonida,south-aegean-koufonisia,Koufonisia,cyclades,no_candidates,2026-06-28T13:41:44.150Z,Discovery completed for this region; no license-safe Commons/Openverse candidate was returned for this beach.,0,,
2210,Φύκιο,Fykio,south-aegean-koufonisia,Koufonisia,cyclades,no_candidates,2026-06-28T13:41:44.150Z,Discovery completed for this region; no license-safe Commons/Openverse candidate was returned for this beach.,0,,
2211,Γερολιμνιώνας,Gerolimnionas,south-aegean-schinoussa,Schinoussa,cyclades,no_candidates,2026-06-28T13:41:44.150Z,Discovery completed for this region; no license-safe Commons/Openverse candidate was returned for this beach.,0,,
2212,Λιβάδι,Livadi,south-aegean-schinoussa,Schinoussa,cyclades,rejected,2026-06-28T13:41:44.150Z,"Rejected after automated source screening and visual QA: candidates were wrong place, landmark/settlement/port/road/people imagery, generic coastal views, or not beach-specific enough for safe use.",8,,
2214,Πορτοκάλι,Portokali,south-aegean-schinoussa,Schinoussa,cyclades,no_candidates,2026-06-28T13:41:44.150Z,Discovery completed for this region; no license-safe Commons/Openverse candidate was returned for this beach.,0,,
2216,Φουντάνα,Fountana,south-aegean-schinoussa,Schinoussa,cyclades,no_candidates,2026-06-28T13:41:44.150Z,Discovery completed for this region; no license-safe Commons/Openverse candidate was returned for this beach.,0,,
2217,Φυκιό,Fykio,south-aegean-schinoussa,Schinoussa,cyclades,no_candidates,2026-06-28T13:41:44.150Z,Discovery completed for this region; no license-safe Commons/Openverse candidate was returned for this beach.,0,,
2218,Ψιλή Άμμος,Psili Ammos,south-aegean-schinoussa,Schinoussa,cyclades,rejected,2026-06-28T13:41:44.150Z,"Rejected after automated source screening and visual QA: candidates were wrong place, landmark/settlement/port/road/people imagery, generic coastal views, or not beach-specific enough for safe use.",8,,
2221,Αμούρα,Amoura,south-aegean-polyaigos,Polyaigos,cyclades,no_candidates,2026-06-28T13:41:44.150Z,Discovery completed for this region; no license-safe Commons/Openverse candidate was returned for this beach.,0,,
2223,Πάνω Μερσίνι,Pano Mersini,south-aegean-polyaigos,Polyaigos,cyclades,no_candidates,2026-06-28T13:41:44.150Z,Discovery completed for this region; no license-safe Commons/Openverse candidate was returned for this beach.,0,,
2225,Βαθύ Πηγάδι,Vathy Pigadi,south-aegean-agathonisi,Agathonisi,dodecanese,no_candidates,2026-06-28T13:41:44.150Z,Discovery completed for this region; no license-safe Commons/Openverse candidate was returned for this beach.,0,,
2226,Γαδουρόλακκος,Gadourolakkos,south-aegean-agathonisi,Agathonisi,dodecanese,rejected,2026-06-28T13:41:44.150Z,"Rejected after automated source screening and visual QA: candidates were wrong place, landmark/settlement/port/road/people imagery, generic coastal views, or not beach-specific enough for safe use.",2,,
2227,Πάλος,Palos,south-aegean-agathonisi,Agathonisi,dodecanese,no_candidates,2026-06-28T13:41:44.150Z,Discovery completed for this region; no license-safe Commons/Openverse candidate was returned for this beach.,0,,
2230,Άγιος Βασίλειος,Agios Vasilios,south-aegean-astypalaia,Astypalaia,dodecanese,rejected,2026-06-28T13:41:44.150Z,"Rejected after automated source screening and visual QA: candidates were wrong place, landmark/settlement/port/road/people imagery, generic coastal views, or not beach-specific enough for safe use.",8,,
2231,Άγιος Ιωάννης Ρίχτης,Agios Ioannis Richtis,south-aegean-astypalaia,Astypalaia,dodecanese,no_candidates,2026-06-28T13:41:44.150Z,Discovery completed for this region; no license-safe Commons/Openverse candidate was returned for this beach.,0,,
2232,Άγιος Ιωάννης,Agios Ioannis,south-aegean-astypalaia,Astypalaia,dodecanese,no_candidates,2026-06-28T13:41:44.150Z,Discovery completed for this region; no license-safe Commons/Openverse candidate was returned for this beach.,0,,
2233,Άγιος Κωνσταντίνος,Agios Konstantinos,south-aegean-astypalaia,Astypalaia,dodecanese,no_candidates,2026-06-28T13:41:44.150Z,Discovery completed for this region; no license-safe Commons/Openverse candidate was returned for this beach.,0,,
2235,Βάτσες,Vatses,south-aegean-astypalaia,Astypalaia,dodecanese,no_candidates,2026-06-28T13:41:44.150Z,Discovery completed for this region; no license-safe Commons/Openverse candidate was returned for this beach.,0,,
2236,Καμινάκια,Kaminakia,south-aegean-astypalaia,Astypalaia,dodecanese,no_candidates,2026-06-28T13:41:44.150Z,Discovery completed for this region; no license-safe Commons/Openverse candidate was returned for this beach.,0,,
2238,Λαντές,Lantes,south-aegean-astypalaia,Astypalaia,dodecanese,no_candidates,2026-06-28T13:41:44.150Z,Discovery completed for this region; no license-safe Commons/Openverse candidate was returned for this beach.,0,,
2242,Μικρές Βάτσες,Mikres Vatses,south-aegean-astypalaia,Astypalaia,dodecanese,no_candidates,2026-06-28T13:41:44.150Z,Discovery completed for this region; no license-safe Commons/Openverse candidate was returned for this beach.,0,,
2249,Ψιλή Άμμος,Psili Ammos,south-aegean-astypalaia,Astypalaia,dodecanese,no_candidates,2026-06-28T13:41:44.150Z,Discovery completed for this region; no license-safe Commons/Openverse candidate was returned for this beach.,0,,
3073,Koutsomiti,Koutsomiti,south-aegean-astypalaia,Astypalaia,dodecanese,no_candidates,2026-06-28T13:41:44.150Z,Discovery completed for this region; no license-safe Commons/Openverse candidate was returned for this beach.,0,,
3092,Στενό,Steno,south-aegean-astypalaia,Astypalaia,dodecanese,no_candidates,2026-06-28T13:41:44.150Z,Discovery completed for this region; no license-safe Commons/Openverse candidate was returned for this beach.,0,,
2250,Φτενάγια,Ftenagia,south-aegean-halki,Halki,dodecanese,rejected,2026-06-28T13:41:44.150Z,"Rejected after automated source screening and visual QA: candidates were wrong place, landmark/settlement/port/road/people imagery, generic coastal views, or not beach-specific enough for safe use.",7,,
2252,Έξω Αλμύρες,Exo Almyres,south-aegean-kalymnos,Kalymnos,dodecanese,no_candidates,2026-06-28T13:41:44.150Z,Discovery completed for this region; no license-safe Commons/Openverse candidate was returned for this beach.,0,,
2254,Καλιμιές,Kalimies,south-aegean-kalymnos,Kalymnos,dodecanese,rejected,2026-06-28T13:41:44.150Z,"Rejected after automated source screening and visual QA: candidates were wrong place, landmark/settlement/port/road/people imagery, generic coastal views, or not beach-specific enough for safe use.",1,,
2255,Πεζόντα,Pezonta,south-aegean-kalymnos,Kalymnos,dodecanese,no_candidates,2026-06-28T13:41:44.150Z,Discovery completed for this region; no license-safe Commons/Openverse candidate was returned for this beach.,0,,
2258,Βιζωτός,Vizotos,south-aegean-kalymnos,Kalymnos,dodecanese,no_candidates,2026-06-28T13:41:44.150Z,Discovery completed for this region; no license-safe Commons/Openverse candidate was returned for this beach.,0,,
2259,Κασόνια,Kasonia,south-aegean-kalymnos,Kalymnos,dodecanese,no_candidates,2026-06-28T13:41:44.150Z,Discovery completed for this region; no license-safe Commons/Openverse candidate was returned for this beach.,0,,
2260,Παραλία Αλέξις,Paralia Alexis,south-aegean-kalymnos,Kalymnos,dodecanese,no_candidates,2026-06-28T13:41:44.150Z,Discovery completed for this region; no license-safe Commons/Openverse candidate was returned for this beach.,0,,
2262,Παραλία Γέφυρα,Paralia Gefyra,south-aegean-kalymnos,Kalymnos,dodecanese,rejected,2026-06-28T13:41:44.150Z,"Rejected after automated source screening and visual QA: candidates were wrong place, landmark/settlement/port/road/people imagery, generic coastal views, or not beach-specific enough for safe use.",3,,
2263,Παραλία Ελιά,Paralia Elia,south-aegean-kalymnos,Kalymnos,dodecanese,rejected,2026-06-28T13:41:44.150Z,"Rejected after automated source screening and visual QA: candidates were wrong place, landmark/settlement/port/road/people imagery, generic coastal views, or not beach-specific enough for safe use.",3,,
2264,Παραλία Θέρμα,Paralia Therma,south-aegean-kalymnos,Kalymnos,dodecanese,no_candidates,2026-06-28T13:41:44.150Z,Discovery completed for this region; no license-safe Commons/Openverse candidate was returned for this beach.,0,,
2266,Παραλία Λινάρια,Paralia Linaria,south-aegean-kalymnos,Kalymnos,dodecanese,no_candidates,2026-06-28T13:41:44.150Z,Discovery completed for this region; no license-safe Commons/Openverse candidate was returned for this beach.,0,,
2268,Παραλία Μικρές Αλμύρες,Paralia Mikres Almyres,south-aegean-kalymnos,Kalymnos,dodecanese,no_candidates,2026-06-28T13:41:44.150Z,Discovery completed for this region; no license-safe Commons/Openverse candidate was returned for this beach.,0,,
2269,Παραλία Παλιόνησος,Paralia Palionisos,south-aegean-kalymnos,Kalymnos,dodecanese,no_candidates,2026-06-28T13:41:44.150Z,Discovery completed for this region; no license-safe Commons/Openverse candidate was returned for this beach.,0,,
2270,Παραλία Σική,Paralia Siki,south-aegean-kalymnos,Kalymnos,dodecanese,no_candidates,2026-06-28T13:41:44.150Z,Discovery completed for this region; no license-safe Commons/Openverse candidate was returned for this beach.,0,,
2271,Παραλία Συκάτης,Paralia Sykatis,south-aegean-kalymnos,Kalymnos,dodecanese,no_candidates,2026-06-28T13:41:44.150Z,Discovery completed for this region; no license-safe Commons/Openverse candidate was returned for this beach.,0,,
2274,Αμμοοπή,Ammoopi,south-aegean-karpathos,Karpathos,dodecanese,no_candidates,2026-06-28T13:41:44.150Z,Discovery completed for this region; no license-safe Commons/Openverse candidate was returned for this beach.,0,,
2276,Ευγώνυμος,Evgonymos,south-aegean-karpathos,Karpathos,dodecanese,no_candidates,2026-06-28T13:41:44.150Z,Discovery completed for this region; no license-safe Commons/Openverse candidate was returned for this beach.,0,,
2278,Φωκιά,Fokia,south-aegean-karpathos,Karpathos,dodecanese,no_candidates,2026-06-28T13:41:44.150Z,Discovery completed for this region; no license-safe Commons/Openverse candidate was returned for this beach.,0,,
2279,Φορόκλι,Forokli,south-aegean-karpathos,Karpathos,dodecanese,no_candidates,2026-06-28T13:41:44.150Z,Discovery completed for this region; no license-safe Commons/Openverse candidate was returned for this beach.,0,,
2280,Φίσσες,Fisses,south-aegean-karpathos,Karpathos,dodecanese,no_candidates,2026-06-28T13:41:44.150Z,Discovery completed for this region; no license-safe Commons/Openverse candidate was returned for this beach.,0,,
2282,Καστέλια,Kastelia,south-aegean-karpathos,Karpathos,dodecanese,no_candidates,2026-06-28T13:41:44.150Z,Discovery completed for this region; no license-safe Commons/Openverse candidate was returned for this beach.,0,,
2283,Καμινάκι,Kaminaki,south-aegean-karpathos,Karpathos,dodecanese,no_candidates,2026-06-28T13:41:44.150Z,Discovery completed for this region; no license-safe Commons/Openverse candidate was returned for this beach.,0,,
2284,Κάντρι,Kantri,south-aegean-karpathos,Karpathos,dodecanese,no_candidates,2026-06-28T13:41:44.150Z,Discovery completed for this region; no license-safe Commons/Openverse candidate was returned for this beach.,0,,
2285,Κάπι,Kapi,south-aegean-karpathos,Karpathos,dodecanese,no_candidates,2026-06-28T13:41:44.150Z,Discovery completed for this region; no license-safe Commons/Openverse candidate was returned for this beach.,0,,
2287,Λάρες,Lares,south-aegean-karpathos,Karpathos,dodecanese,no_candidates,2026-06-28T13:41:44.150Z,Discovery completed for this region; no license-safe Commons/Openverse candidate was returned for this beach.,0,,
2289,Λάλα,Lala,south-aegean-karpathos,Karpathos,dodecanese,no_candidates,2026-06-28T13:41:44.150Z,Discovery completed for this region; no license-safe Commons/Openverse candidate was returned for this beach.,0,,
2290,Μακριά,Makria,south-aegean-karpathos,Karpathos,dodecanese,rejected,2026-06-28T13:41:44.150Z,"Rejected after automated source screening and visual QA: candidates were wrong place, landmark/settlement/port/road/people imagery, generic coastal views, or not beach-specific enough for safe use.",2,,
2291,Νάτι,Nati,south-aegean-karpathos,Karpathos,dodecanese,no_candidates,2026-06-28T13:41:44.150Z,Discovery completed for this region; no license-safe Commons/Openverse candidate was returned for this beach.,0,,
2294,Παπάς Μηνάς,Papas Minas,south-aegean-karpathos,Karpathos,dodecanese,no_candidates,2026-06-28T13:41:44.150Z,Discovery completed for this region; no license-safe Commons/Openverse candidate was returned for this beach.,0,,
2295,Ποντικάλια,Pontikalia,south-aegean-karpathos,Karpathos,dodecanese,no_candidates,2026-06-28T13:41:44.150Z,Discovery completed for this region; no license-safe Commons/Openverse candidate was returned for this beach.,0,,
2298,Βανάντα,Vananta,south-aegean-karpathos,Karpathos,dodecanese,no_candidates,2026-06-28T13:41:44.150Z,Discovery completed for this region; no license-safe Commons/Openverse candidate was returned for this beach.,0,,
2299,Βοτσαλάκια,Votsalakia,south-aegean-karpathos,Karpathos,dodecanese,rejected,2026-06-28T13:41:44.150Z,"Rejected after automated source screening and visual QA: candidates were wrong place, landmark/settlement/port/road/people imagery, generic coastal views, or not beach-specific enough for safe use.",8,,
2300,Όψη,Opsi,south-aegean-karpathos,Karpathos,dodecanese,no_candidates,2026-06-28T13:41:44.150Z,Discovery completed for this region; no license-safe Commons/Openverse candidate was returned for this beach.,0,,
2301,Άγιος Μηνάς,Agios Minas,south-aegean-karpathos,Karpathos,dodecanese,no_candidates,2026-06-28T13:41:44.150Z,Discovery completed for this region; no license-safe Commons/Openverse candidate was returned for this beach.,0,,
2302,Αγιά Ειρήνη,Agia Irini,south-aegean-karpathos,Karpathos,dodecanese,no_candidates,2026-06-28T13:41:44.150Z,Discovery completed for this region; no license-safe Commons/Openverse candidate was returned for this beach.,0,,
2303,Αργιλαοπόταμος,Argilaopotamos,south-aegean-karpathos,Karpathos,dodecanese,no_candidates,2026-06-28T13:41:44.150Z,Discovery completed for this region; no license-safe Commons/Openverse candidate was returned for this beach.,0,,
2307,Κήπος Μιχαλιού,Kipos Michaliou,south-aegean-karpathos,Karpathos,dodecanese,no_candidates,2026-06-28T13:41:44.150Z,Discovery completed for this region; no license-safe Commons/Openverse candidate was returned for this beach.,0,,
2309,Μακρύγιαλος,Makrygialos,south-aegean-karpathos,Karpathos,dodecanese,rejected,2026-06-28T13:41:44.150Z,"Rejected after automated source screening and visual QA: candidates were wrong place, landmark/settlement/port/road/people imagery, generic coastal views, or not beach-specific enough for safe use.",1,,
2310,Παραλία Άγιος Θεόδωρος,Paralia Agios Theodoros,south-aegean-karpathos,Karpathos,dodecanese,no_candidates,2026-06-28T13:41:44.150Z,Discovery completed for this region; no license-safe Commons/Openverse candidate was returned for this beach.,0,,
2312,Παραλία Αγνόντια,Paralia Agnontia,south-aegean-karpathos,Karpathos,dodecanese,no_candidates,2026-06-28T13:41:44.150Z,Discovery completed for this region; no license-safe Commons/Openverse candidate was returned for this beach.,0,,
2315,Χριστού Πηγάδι,Christou Pigadi,south-aegean-karpathos,Karpathos,dodecanese,no_candidates,2026-06-28T13:41:44.150Z,Discovery completed for this region; no license-safe Commons/Openverse candidate was returned for this beach.,0,,
2316,Ψωράρης,Psoraris,south-aegean-karpathos,Karpathos,dodecanese,no_candidates,2026-06-28T13:41:44.150Z,Discovery completed for this region; no license-safe Commons/Openverse candidate was returned for this beach.,0,,
2317,Μανδράκι,Mandraki,south-aegean-kastellorizo,Kastellorizo,dodecanese,rejected,2026-06-28T13:41:44.150Z,"Rejected after automated source screening and visual QA: candidates were wrong place, landmark/settlement/port/road/people imagery, generic coastal views, or not beach-specific enough for safe use.",6,,
2325,Λακιτήρα,Lakitira,south-aegean-kos,Kos,dodecanese,rejected,2026-06-28T13:41:44.150Z,"Rejected after automated source screening and visual QA: candidates were wrong place, landmark/settlement/port/road/people imagery, generic coastal views, or not beach-specific enough for safe use.",1,,
2333,Παραλία Δαίδαλος,Paralia Daidalos,south-aegean-kos,Kos,dodecanese,no_candidates,2026-06-28T13:41:44.150Z,Discovery completed for this region; no license-safe Commons/Openverse candidate was returned for this beach.,0,,
2334,Ταμ Ταμ,Tam Tam,south-aegean-kos,Kos,dodecanese,no_candidates,2026-06-28T13:41:44.150Z,Discovery completed for this region; no license-safe Commons/Openverse candidate was returned for this beach.,0,,
2342,Παραλία Άγιος Φωκάς,Paralia Agios Fokas,south-aegean-kos,Kos,dodecanese,rejected,2026-06-28T13:41:44.150Z,"Rejected after automated source screening and visual QA: candidates were wrong place, landmark/settlement/port/road/people imagery, generic coastal views, or not beach-specific enough for safe use.",8,,
2343,Παραλία Ατσά,Paralia Atsa,south-aegean-kos,Kos,dodecanese,no_candidates,2026-06-28T13:41:44.150Z,Discovery completed for this region; no license-safe Commons/Openverse candidate was returned for this beach.,0,,
2344,Παραλία Αχινός,Paralia Achinos,south-aegean-kos,Kos,dodecanese,rejected,2026-06-28T13:41:44.150Z,"Rejected after automated source screening and visual QA: candidates were wrong place, landmark/settlement/port/road/people imagery, generic coastal views, or not beach-specific enough for safe use.",6,,
2351,Παραλία Πασχάλη,Paralia Paschali,south-aegean-kos,Kos,dodecanese,rejected,2026-06-28T13:41:44.150Z,"Rejected after automated source screening and visual QA: candidates were wrong place, landmark/settlement/port/road/people imagery, generic coastal views, or not beach-specific enough for safe use.",1,,
2354,Προτοκάραβος,Protokaravos,south-aegean-kos,Kos,dodecanese,no_candidates,2026-06-28T13:41:44.150Z,Discovery completed for this region; no license-safe Commons/Openverse candidate was returned for this beach.,0,,
2359,Γούρνα,Gourna,south-aegean-leros,Leros,dodecanese,rejected,2026-06-28T13:41:44.150Z,"Rejected after automated source screening and visual QA: candidates were wrong place, landmark/settlement/port/road/people imagery, generic coastal views, or not beach-specific enough for safe use.",1,,
2360,Κιούρα,Kioura,south-aegean-leros,Leros,dodecanese,rejected,2026-06-28T13:41:44.150Z,"Rejected after automated source screening and visual QA: candidates were wrong place, landmark/settlement/port/road/people imagery, generic coastal views, or not beach-specific enough for safe use.",1,,
2361,Παραλία Λακκίου,Paralia Lakkiou,south-aegean-leros,Leros,dodecanese,no_candidates,2026-06-28T13:41:44.150Z,Discovery completed for this region; no license-safe Commons/Openverse candidate was returned for this beach.,0,,
2365,Παραλία Βρωμόλιθος,Paralia Vromolithos,south-aegean-leros,Leros,dodecanese,rejected,2026-06-28T13:41:44.150Z,"Rejected after automated source screening and visual QA: candidates were wrong place, landmark/settlement/port/road/people imagery, generic coastal views, or not beach-specific enough for safe use.",8,,
2367,Παραλία Μπλεφούτης,Paralia Blefoutis,south-aegean-leros,Leros,dodecanese,no_candidates,2026-06-28T13:41:44.150Z,Discovery completed for this region; no license-safe Commons/Openverse candidate was returned for this beach.,0,,
2368,Όρμος Μπελφούτη,Ormos Belfouti,south-aegean-leros,Leros,dodecanese,no_candidates,2026-06-28T13:41:44.150Z,Discovery completed for this region; no license-safe Commons/Openverse candidate was returned for this beach.,0,,
2374,Κισσίρια,Kissiria,south-aegean-lipsi,Lipsi,dodecanese,no_candidates,2026-06-28T13:41:44.150Z,Discovery completed for this region; no license-safe Commons/Openverse candidate was returned for this beach.,0,,
2376,Κορακιά,Korakia,south-aegean-lipsi,Lipsi,dodecanese,no_candidates,2026-06-28T13:41:44.150Z,Discovery completed for this region; no license-safe Commons/Openverse candidate was returned for this beach.,0,,
2378,Λύρα,Lyra,south-aegean-lipsi,Lipsi,dodecanese,no_candidates,2026-06-28T13:41:44.150Z,Discovery completed for this region; no license-safe Commons/Openverse candidate was returned for this beach.,0,,
2380,Ξηρόκαμπος,Xirokampos,south-aegean-lipsi,Lipsi,dodecanese,no_candidates,2026-06-28T13:41:44.150Z,Discovery completed for this region; no license-safe Commons/Openverse candidate was returned for this beach.,0,,
2383,Πνιγμένος,Pnigmenos,south-aegean-lipsi,Lipsi,dodecanese,no_candidates,2026-06-28T13:41:44.150Z,Discovery completed for this region; no license-safe Commons/Openverse candidate was returned for this beach.,0,,
2385,Τουρκόμνημα,Tourkomnima,south-aegean-lipsi,Lipsi,dodecanese,no_candidates,2026-06-28T13:41:44.150Z,Discovery completed for this region; no license-safe Commons/Openverse candidate was returned for this beach.,0,,
2386,Χοχλάκουρα,Chochlakoura,south-aegean-lipsi,Lipsi,dodecanese,rejected,2026-06-28T13:41:44.150Z,"Rejected after automated source screening and visual QA: candidates were wrong place, landmark/settlement/port/road/people imagery, generic coastal views, or not beach-specific enough for safe use.",2,,
2390,Άσπρη,Aspri,south-aegean-patmos,Patmos,dodecanese,rejected,2026-06-28T13:41:44.150Z,"Rejected after automated source screening and visual QA: candidates were wrong place, landmark/settlement/port/road/people imagery, generic coastal views, or not beach-specific enough for safe use.",5,,
2394,Λιβάδι Γερανού,Livadi Geranou,south-aegean-patmos,Patmos,dodecanese,no_candidates,2026-06-28T13:41:44.150Z,Discovery completed for this region; no license-safe Commons/Openverse candidate was returned for this beach.,0,,
2395,Λιβάδι Καλογήρων,Livadi Kalogiron,south-aegean-patmos,Patmos,dodecanese,no_candidates,2026-06-28T13:41:44.150Z,Discovery completed for this region; no license-safe Commons/Openverse candidate was returned for this beach.,0,,
2396,Παραλία Βάγια,Paralia Vagia,south-aegean-patmos,Patmos,dodecanese,no_candidates,2026-06-28T13:41:44.150Z,Discovery completed for this region; no license-safe Commons/Openverse candidate was returned for this beach.,0,,
2398,Παραλία Δίδυμες,Paralia Didymes,south-aegean-patmos,Patmos,dodecanese,no_candidates,2026-06-28T13:41:44.150Z,Discovery completed for this region; no license-safe Commons/Openverse candidate was returned for this beach.,0,,
2399,Παραλία Κάμπου,Paralia Kampou,south-aegean-patmos,Patmos,dodecanese,no_candidates,2026-06-28T13:41:44.150Z,Discovery completed for this region; no license-safe Commons/Openverse candidate was returned for this beach.,0,,
2401,Παραλία Λεύκες,Paralia Levkes,south-aegean-patmos,Patmos,dodecanese,no_candidates,2026-06-28T13:41:44.150Z,Discovery completed for this region; no license-safe Commons/Openverse candidate was returned for this beach.,0,,
3015,Πάτμος Κάμπος,Patmos Kampos,south-aegean-patmos,Patmos,dodecanese,rejected,2026-06-28T13:41:44.150Z,"Rejected after automated source screening and visual QA: candidates were wrong place, landmark/settlement/port/road/people imagery, generic coastal views, or not beach-specific enough for safe use.",8,,
2409,Αγία Τριάδα,Agia Triada,south-aegean-rhodes,Rhodes,dodecanese,rejected,2026-06-28T13:41:44.150Z,"Rejected after automated source screening and visual QA: candidates were wrong place, landmark/settlement/port/road/people imagery, generic coastal views, or not beach-specific enough for safe use.",3,,
2410,Γλυφάδα,Glyfada,south-aegean-rhodes,Rhodes,dodecanese,rejected,2026-06-28T13:41:44.150Z,"Rejected after automated source screening and visual QA: candidates were wrong place, landmark/settlement/port/road/people imagery, generic coastal views, or not beach-specific enough for safe use.",8,,
2411,Κεραμενή,Kerameni,south-aegean-rhodes,Rhodes,dodecanese,no_candidates,2026-06-28T13:41:44.150Z,Discovery completed for this region; no license-safe Commons/Openverse candidate was returned for this beach.,0,,
2415,Παραλία Έλλη,Paralia Elli,south-aegean-rhodes,Rhodes,dodecanese,rejected,2026-06-28T13:41:44.150Z,"Rejected after automated source screening and visual QA: candidates were wrong place, landmark/settlement/port/road/people imagery, generic coastal views, or not beach-specific enough for safe use.",8,,
2423,Παραλία Καθαρά,Paralia Kathara,south-aegean-rhodes,Rhodes,dodecanese,rejected,2026-06-28T13:41:44.150Z,"Rejected after automated source screening and visual QA: candidates were wrong place, landmark/settlement/port/road/people imagery, generic coastal views, or not beach-specific enough for safe use.",8,,
2424,Παραλία Καλαβάρδα,Paralia Kalavarda,south-aegean-rhodes,Rhodes,dodecanese,no_candidates,2026-06-28T13:41:44.150Z,Discovery completed for this region; no license-safe Commons/Openverse candidate was returned for this beach.,0,,
2432,Παραλία Λιμνί,Paralia Limni,south-aegean-rhodes,Rhodes,dodecanese,no_candidates,2026-06-28T13:41:44.150Z,Discovery completed for this region; no license-safe Commons/Openverse candidate was returned for this beach.,0,,
2446,Παραλία Πεύκοι,Paralia Pevki,south-aegean-rhodes,Rhodes,dodecanese,rejected,2026-06-28T13:41:44.150Z,"Rejected after automated source screening and visual QA: candidates were wrong place, landmark/settlement/port/road/people imagery, generic coastal views, or not beach-specific enough for safe use.",1,,
2447,Kavos Beach,Kavos Beach,south-aegean-rhodes,Rhodes,dodecanese,rejected,2026-06-28T13:41:44.150Z,"Rejected after automated source screening and visual QA: candidates were wrong place, landmark/settlement/port/road/people imagery, generic coastal views, or not beach-specific enough for safe use.",1,,
2449,Παραλία Κιοτάρι,Paralia Kiotari,south-aegean-rhodes,Rhodes,dodecanese,rejected,2026-06-28T13:41:44.150Z,"Rejected after automated source screening and visual QA: candidates were wrong place, landmark/settlement/port/road/people imagery, generic coastal views, or not beach-specific enough for safe use.",4,,
2450,Παραλία Καλάθου,Paralia Kalathou,south-aegean-rhodes,Rhodes,dodecanese,rejected,2026-06-28T13:41:44.150Z,"Rejected after automated source screening and visual QA: candidates were wrong place, landmark/settlement/port/road/people imagery, generic coastal views, or not beach-specific enough for safe use.",7,,
2451,Παραλία Λαχανιάς,Paralia Lachanias,south-aegean-rhodes,Rhodes,dodecanese,no_candidates,2026-06-28T13:41:44.150Z,Discovery completed for this region; no license-safe Commons/Openverse candidate was returned for this beach.,0,,
2456,Παραλία Καλοβρυάκι,Paralia Kalovryaki,south-aegean-rhodes,Rhodes,dodecanese,no_candidates,2026-06-28T13:41:44.150Z,Discovery completed for this region; no license-safe Commons/Openverse candidate was returned for this beach.,0,,
2460,Παραλία Αγ. Θωμά,Paralia Ag. Thoma,south-aegean-rhodes,Rhodes,dodecanese,no_candidates,2026-06-28T13:41:44.150Z,Discovery completed for this region; no license-safe Commons/Openverse candidate was returned for this beach.,0,,
2467,Πέδι,Pedi,south-aegean-symi,Symi,dodecanese,rejected,2026-06-28T13:41:44.150Z,"Rejected after automated source screening and visual QA: candidates were wrong place, landmark/settlement/port/road/people imagery, generic coastal views, or not beach-specific enough for safe use.",8,,
2468,Άγιος Βασίλειος,Agios Vasilios,south-aegean-symi,Symi,dodecanese,rejected,2026-06-28T13:41:44.150Z,"Rejected after automated source screening and visual QA: candidates were wrong place, landmark/settlement/port/road/people imagery, generic coastal views, or not beach-specific enough for safe use.",3,,
2473,Σταυρός,Stavros,south-aegean-tilos,Tilos,dodecanese,rejected,2026-06-28T13:41:44.150Z,"Rejected after automated source screening and visual QA: candidates were wrong place, landmark/settlement/port/road/people imagery, generic coastal views, or not beach-specific enough for safe use.",8,,
2474,Άγιος Σέργιος,Agios Sergios,south-aegean-tilos,Tilos,dodecanese,accepted,2026-06-28T13:25:28.670Z,Exact Commons filename identifies Agios Sergios; Commons search/category context ties the file to Tilos and visual QA shows the pebble beach.,1,https://commons.wikimedia.org/w/index.php?title=Special:Redirect/file/%CE%86%CE%B3%CE%B9%CE%BF%CF%82%20%CE%A3%CE%AD%CF%81%CE%B3%CE%B9%CE%BF%CF%82.jpg&width=800,https://commons.wikimedia.org/wiki/File%3A%CE%86%CE%B3%CE%B9%CE%BF%CF%82%20%CE%A3%CE%AD%CF%81%CE%B3%CE%B9%CE%BF%CF%82.jpg
2476,Αγία Πέτρος,Agia Petros,south-aegean-tilos,Tilos,dodecanese,no_candidates,2026-06-28T13:41:44.150Z,Discovery completed for this region; no license-safe Commons/Openverse candidate was returned for this beach.,0,,
2479,Λιμενάρι,Limenari,south-aegean-tilos,Tilos,dodecanese,no_candidates,2026-06-28T13:41:44.150Z,Discovery completed for this region; no license-safe Commons/Openverse candidate was returned for this beach.,0,,
2480,Παραλία Κοκκίνι,Paralia Kokkini,south-aegean-tilos,Tilos,dodecanese,no_candidates,2026-06-28T13:41:44.150Z,Discovery completed for this region; no license-safe Commons/Openverse candidate was returned for this beach.,0,,
2481,Παραλία Λουμπούδι,Paralia Loumpoudi,south-aegean-tilos,Tilos,dodecanese,no_candidates,2026-06-28T13:41:44.150Z,Discovery completed for this region; no license-safe Commons/Openverse candidate was returned for this beach.,0,,
2483,Σκάφη,Skafi,south-aegean-tilos,Tilos,dodecanese,rejected,2026-06-28T13:41:44.150Z,"Rejected after automated source screening and visual QA: candidates were wrong place, landmark/settlement/port/road/people imagery, generic coastal views, or not beach-specific enough for safe use.",2,,
2484,Τολός,Tolos,south-aegean-tilos,Tilos,dodecanese,no_candidates,2026-06-28T13:41:44.150Z,Discovery completed for this region; no license-safe Commons/Openverse candidate was returned for this beach.,0,,
2485,Χέλατρος,Chelatros,south-aegean-kasos,Kasos,dodecanese,no_candidates,2026-06-28T13:41:44.150Z,Discovery completed for this region; no license-safe Commons/Openverse candidate was returned for this beach.,0,,
2486,Χοχλάκια,Chochlakia,south-aegean-kasos,Kasos,dodecanese,no_candidates,2026-06-28T13:41:44.150Z,Discovery completed for this region; no license-safe Commons/Openverse candidate was returned for this beach.,0,,
2487,Μικρό Αυλάκι,Mikro Avlaki,south-aegean-kasos,Kasos,dodecanese,no_candidates,2026-06-28T13:41:44.150Z,Discovery completed for this region; no license-safe Commons/Openverse candidate was returned for this beach.,0,,
2488,Παραλία Τρίτα,Paralia Trita,south-aegean-kasos,Kasos,dodecanese,no_candidates,2026-06-28T13:41:44.150Z,Discovery completed for this region; no license-safe Commons/Openverse candidate was returned for this beach.,0,,
2490,Παραλία Αυλάκια,Paralia Avlakia,south-aegean-pserimos,Pserimos,dodecanese,rejected,2026-06-28T13:41:44.150Z,"Rejected after automated source screening and visual QA: candidates were wrong place, landmark/settlement/port/road/people imagery, generic coastal views, or not beach-specific enough for safe use.",4,,
2492,Παραλία Μαραθούντα,Paralia Marathounta,south-aegean-pserimos,Pserimos,dodecanese,no_candidates,2026-06-28T13:41:44.150Z,Discovery completed for this region; no license-safe Commons/Openverse candidate was returned for this beach.,0,,
2494,Παραλία Παπά,Paralia Papa,south-aegean-telendos,Telendos,dodecanese,rejected,2026-06-28T13:41:44.150Z,"Rejected after automated source screening and visual QA: candidates were wrong place, landmark/settlement/port/road/people imagery, generic coastal views, or not beach-specific enough for safe use.",7,,
2496,Παραλία Πόθα,Paralia Potha,south-aegean-telendos,Telendos,dodecanese,no_candidates,2026-06-28T13:41:44.150Z,Discovery completed for this region; no license-safe Commons/Openverse candidate was returned for this beach.,0,,
2497,Παραλία Πάρανταϊς,Paralia Parantais,south-aegean-telendos,Telendos,dodecanese,no_candidates,2026-06-28T13:41:44.150Z,Discovery completed for this region; no license-safe Commons/Openverse candidate was returned for this beach.,0,,
2498,Πατελιά,Patelia,south-aegean-arki,Arki,dodecanese,rejected,2026-06-28T13:41:44.150Z,"Rejected after automated source screening and visual QA: candidates were wrong place, landmark/settlement/port/road/people imagery, generic coastal views, or not beach-specific enough for safe use.",1,,
2499,Λιμνάρι,Limnari,south-aegean-arki,Arki,dodecanese,no_candidates,2026-06-28T13:41:44.150Z,Discovery completed for this region; no license-safe Commons/Openverse candidate was returned for this beach.,0,,
2500,Μαράθι,Marathi,south-aegean-marathi,Marathi,dodecanese,rejected,2026-06-28T13:41:44.150Z,"Rejected after automated source screening and visual QA: candidates were wrong place, landmark/settlement/port/road/people imagery, generic coastal views, or not beach-specific enough for safe use.",8,,
2501,Τηγανάκια,Tiganakia,south-aegean-marathi,Marathi,dodecanese,no_candidates,2026-06-28T13:41:44.150Z,Discovery completed for this region; no license-safe Commons/Openverse candidate was returned for this beach.,0,,
2502,Άκολη,Akoli,west-greece-achaia-mainland,Achaia,mainland_peloponnese,rejected,2026-06-28T13:41:44.150Z,"Rejected after automated source screening and visual QA: candidates were wrong place, landmark/settlement/port/road/people imagery, generic coastal views, or not beach-specific enough for safe use.",4,,
2504,Βάθη,Vathi,west-greece-achaia-mainland,Achaia,mainland_peloponnese,rejected,2026-06-28T13:41:44.150Z,"Rejected after automated source screening and visual QA: candidates were wrong place, landmark/settlement/port/road/people imagery, generic coastal views, or not beach-specific enough for safe use.",4,,
2505,Διγελιώτικα,Digeliotika,west-greece-achaia-mainland,Achaia,mainland_peloponnese,no_candidates,2026-06-28T13:41:44.150Z,Discovery completed for this region; no license-safe Commons/Openverse candidate was returned for this beach.,0,,
2507,Νικολαίικα,Nikolaiika,west-greece-achaia-mainland,Achaia,mainland_peloponnese,no_candidates,2026-06-28T13:41:44.150Z,Discovery completed for this region; no license-safe Commons/Openverse candidate was returned for this beach.,0,,
2508,Παραλία Ακράτας,Paralia Akratas,west-greece-achaia-mainland,Achaia,mainland_peloponnese,rejected,2026-06-28T13:41:44.150Z,"Rejected after source/visual QA: Paralia Akratas candidate identifies the area but visual is village/building/sea view, not a clear beach photo.",3,,
2512,Παραλία Καλόγριας,Paralia Kalogrias,west-greece-achaia-mainland,Achaia,mainland_peloponnese,rejected,2026-06-28T13:41:44.150Z,"Rejected after automated source screening and visual QA: candidates were wrong place, landmark/settlement/port/road/people imagery, generic coastal views, or not beach-specific enough for safe use.",6,,
2514,Πλαζ Πατρών,Plaz Patron,west-greece-achaia-mainland,Achaia,mainland_peloponnese,no_candidates,2026-06-28T13:41:44.150Z,Discovery completed for this region; no license-safe Commons/Openverse candidate was returned for this beach.,0,,
2515,Τέμενη,Temeni,west-greece-achaia-mainland,Achaia,mainland_peloponnese,no_candidates,2026-06-28T13:41:44.150Z,Discovery completed for this region; no license-safe Commons/Openverse candidate was returned for this beach.,0,,
3047,ΠΔΕ Καστελόκαμπος,PDE Kastelokampos,west-greece-achaia-mainland,Achaia,mainland_peloponnese,rejected,2026-06-28T13:41:44.150Z,"Rejected after automated source screening and visual QA: candidates were wrong place, landmark/settlement/port/road/people imagery, generic coastal views, or not beach-specific enough for safe use.",3,,
3049,ΠΔΕ Λακκόπετρα,PDE Lakkopetra,west-greece-achaia-mainland,Achaia,mainland_peloponnese,rejected,2026-06-28T13:41:44.150Z,"Rejected after automated source screening and visual QA: candidates were wrong place, landmark/settlement/port/road/people imagery, generic coastal views, or not beach-specific enough for safe use.",1,,
2517,Abelakia,Abelakia,west-greece-aetolia-acarnania-mainland,Aetolia-Acarnania,mainland_central,rejected,2026-06-28T13:41:44.150Z,"Rejected after automated source screening and visual QA: candidates were wrong place, landmark/settlement/port/road/people imagery, generic coastal views, or not beach-specific enough for safe use.",5,,
2518,Agrapidia,Agrapidia,west-greece-aetolia-acarnania-mainland,Aetolia-Acarnania,mainland_central,no_candidates,2026-06-28T13:41:44.150Z,Discovery completed for this region; no license-safe Commons/Openverse candidate was returned for this beach.,0,,
2520,Bouka Beach,Bouka Beach,west-greece-aetolia-acarnania-mainland,Aetolia-Acarnania,mainland_central,no_candidates,2026-06-28T13:41:44.150Z,Discovery completed for this region; no license-safe Commons/Openverse candidate was returned for this beach.,0,,
2521,Drepano Kite Surfer's Paradise Beach,Drepano Kite Surfer's Paradise Beach,west-greece-aetolia-acarnania-mainland,Aetolia-Acarnania,mainland_central,no_candidates,2026-06-28T13:41:44.150Z,Discovery completed for this region; no license-safe Commons/Openverse candidate was returned for this beach.,0,,
2522,Kitesurf Spot,Kitesurf Spot,west-greece-aetolia-acarnania-mainland,Aetolia-Acarnania,mainland_central,no_candidates,2026-06-28T13:41:44.150Z,Discovery completed for this region; no license-safe Commons/Openverse candidate was returned for this beach.,0,,
2523,Mirtia Strand,Mirtia Strand,west-greece-aetolia-acarnania-mainland,Aetolia-Acarnania,mainland_central,no_candidates,2026-06-28T13:41:44.150Z,Discovery completed for this region; no license-safe Commons/Openverse candidate was returned for this beach.,0,,
2524,Mylos beach,Mylos beach,west-greece-aetolia-acarnania-mainland,Aetolia-Acarnania,mainland_central,rejected,2026-06-28T13:41:44.150Z,"Rejected after automated source screening and visual QA: candidates were wrong place, landmark/settlement/port/road/people imagery, generic coastal views, or not beach-specific enough for safe use.",5,,
2525,Vali,Vali,west-greece-aetolia-acarnania-mainland,Aetolia-Acarnania,mainland_central,rejected,2026-06-28T13:41:44.150Z,"Rejected after automated source screening and visual QA: candidates were wrong place, landmark/settlement/port/road/people imagery, generic coastal views, or not beach-specific enough for safe use.",5,,
2526,Αγριλιά,Agrilia,west-greece-aetolia-acarnania-mainland,Aetolia-Acarnania,mainland_central,rejected,2026-06-28T13:41:44.150Z,"Rejected after automated source screening and visual QA: candidates were wrong place, landmark/settlement/port/road/people imagery, generic coastal views, or not beach-specific enough for safe use.",3,,
2528,Ασπρογιάλι,Asprogiali,west-greece-aetolia-acarnania-mainland,Aetolia-Acarnania,mainland_central,no_candidates,2026-06-28T13:41:44.150Z,Discovery completed for this region; no license-safe Commons/Openverse candidate was returned for this beach.,0,,
2529,Βαθιά Βάλη,Vathia Vali,west-greece-aetolia-acarnania-mainland,Aetolia-Acarnania,mainland_central,no_candidates,2026-06-28T13:41:44.150Z,Discovery completed for this region; no license-safe Commons/Openverse candidate was returned for this beach.,0,,
2530,Βελά,Vela,west-greece-aetolia-acarnania-mainland,Aetolia-Acarnania,mainland_central,no_candidates,2026-06-28T13:41:44.150Z,Discovery completed for this region; no license-safe Commons/Openverse candidate was returned for this beach.,0,,
2531,Γιάννιτσα,Giannitsa,west-greece-aetolia-acarnania-mainland,Aetolia-Acarnania,mainland_central,no_candidates,2026-06-28T13:41:44.150Z,Discovery completed for this region; no license-safe Commons/Openverse candidate was returned for this beach.,0,,
2532,Γρίμποβο,Grimpovo,west-greece-aetolia-acarnania-mainland,Aetolia-Acarnania,mainland_central,rejected,2026-06-28T13:41:44.150Z,"Rejected after automated source screening and visual QA: candidates were wrong place, landmark/settlement/port/road/people imagery, generic coastal views, or not beach-specific enough for safe use.",8,,
2533,Λούρος,Louros,west-greece-aetolia-acarnania-mainland,Aetolia-Acarnania,mainland_central,no_candidates,2026-06-28T13:41:44.150Z,Discovery completed for this region; no license-safe Commons/Openverse candidate was returned for this beach.,0,,
2534,Μαραθάκι,Marathaki,west-greece-aetolia-acarnania-mainland,Aetolia-Acarnania,mainland_central,rejected,2026-06-28T13:41:44.150Z,"Rejected after automated source screening and visual QA: candidates were wrong place, landmark/settlement/port/road/people imagery, generic coastal views, or not beach-specific enough for safe use.",1,,
2535,Μαραθιάς,Marathias,west-greece-aetolia-acarnania-mainland,Aetolia-Acarnania,mainland_central,rejected,2026-06-28T13:41:44.150Z,"Rejected after automated source screening and visual QA: candidates were wrong place, landmark/settlement/port/road/people imagery, generic coastal views, or not beach-specific enough for safe use.",8,,
2536,Μυρτάρι,Myrtari,west-greece-aetolia-acarnania-mainland,Aetolia-Acarnania,mainland_central,no_candidates,2026-06-28T13:41:44.150Z,Discovery completed for this region; no license-safe Commons/Openverse candidate was returned for this beach.,0,,
2537,Μυρτιά,Myrtia,west-greece-aetolia-acarnania-mainland,Aetolia-Acarnania,mainland_central,no_candidates,2026-06-28T13:41:44.150Z,Discovery completed for this region; no license-safe Commons/Openverse candidate was returned for this beach.,0,,
2538,Παλιονήσι,Palionisi,west-greece-aetolia-acarnania-mainland,Aetolia-Acarnania,mainland_central,no_candidates,2026-06-28T13:41:44.150Z,Discovery completed for this region; no license-safe Commons/Openverse candidate was returned for this beach.,0,,
2539,Παλιοπόταμος,Paliopotamos,west-greece-aetolia-acarnania-mainland,Aetolia-Acarnania,mainland_central,no_candidates,2026-06-28T13:41:44.150Z,Discovery completed for this region; no license-safe Commons/Openverse candidate was returned for this beach.,0,,
2542,Παραλία Αγ. Σπυρίδωνα Λουτρακίου,Paralia Ag. Spyridona Loutrakiou,west-greece-aetolia-acarnania-mainland,Aetolia-Acarnania,mainland_central,rejected,2026-06-28T13:41:44.150Z,"Rejected after automated source screening and visual QA: candidates were wrong place, landmark/settlement/port/road/people imagery, generic coastal views, or not beach-specific enough for safe use.",1,,
2544,Παραλία Αγίου Ιωάννη,Paralia Agiou Ioanni,west-greece-aetolia-acarnania-mainland,Aetolia-Acarnania,mainland_central,no_candidates,2026-06-28T13:41:44.150Z,Discovery completed for this region; no license-safe Commons/Openverse candidate was returned for this beach.,0,,
2547,Παραλία Βαθυαβάλι,Paralia Vathyavali,west-greece-aetolia-acarnania-mainland,Aetolia-Acarnania,mainland_central,no_candidates,2026-06-28T13:41:44.150Z,Discovery completed for this region; no license-safe Commons/Openverse candidate was returned for this beach.,0,,
2548,Παραλία Βλυχά,Paralia Vlycha,west-greece-aetolia-acarnania-mainland,Aetolia-Acarnania,mainland_central,no_candidates,2026-06-28T13:41:44.150Z,Discovery completed for this region; no license-safe Commons/Openverse candidate was returned for this beach.,0,,
2549,Παραλία Διόνι,Paralia Dioni,west-greece-aetolia-acarnania-mainland,Aetolia-Acarnania,mainland_central,no_candidates,2026-06-28T13:41:44.150Z,Discovery completed for this region; no license-safe Commons/Openverse candidate was returned for this beach.,0,,
2551,Παραλία Κατεργάκι,Paralia Katergaki,west-greece-aetolia-acarnania-mainland,Aetolia-Acarnania,mainland_central,no_candidates,2026-06-28T13:41:44.150Z,Discovery completed for this region; no license-safe Commons/Openverse candidate was returned for this beach.,0,,
2552,Παραλία Κουλούρι,Paralia Koulouri,west-greece-aetolia-acarnania-mainland,Aetolia-Acarnania,mainland_central,no_candidates,2026-06-28T13:41:44.150Z,Discovery completed for this region; no license-safe Commons/Openverse candidate was returned for this beach.,0,,
2553,Παραλία Λιμνοπούλα,Paralia Limnopoula,west-greece-aetolia-acarnania-mainland,Aetolia-Acarnania,mainland_central,no_candidates,2026-06-28T13:41:44.150Z,Discovery completed for this region; no license-safe Commons/Openverse candidate was returned for this beach.,0,,
2556,Παραλία Ρίζας,Paralia Rizas,west-greece-aetolia-acarnania-mainland,Aetolia-Acarnania,mainland_central,no_candidates,2026-06-28T13:41:44.150Z,Discovery completed for this region; no license-safe Commons/Openverse candidate was returned for this beach.,0,,
2558,Παραλία Ρούγας,Paralia Rougas,west-greece-aetolia-acarnania-mainland,Aetolia-Acarnania,mainland_central,no_candidates,2026-06-28T13:41:44.150Z,Discovery completed for this region; no license-safe Commons/Openverse candidate was returned for this beach.,0,,
2563,Χιόνι,Chioni,west-greece-aetolia-acarnania-mainland,Aetolia-Acarnania,mainland_central,no_candidates,2026-06-28T13:41:44.150Z,Discovery completed for this region; no license-safe Commons/Openverse candidate was returned for this beach.,0,,
3044,Άκτιο Βόνιτσας Αγ. Δημήτριος,Aktio Vonitsas Ag. Dimitrios,west-greece-aetolia-acarnania-mainland,Aetolia-Acarnania,mainland_central,no_candidates,2026-06-28T13:41:44.150Z,Discovery completed for this region; no license-safe Commons/Openverse candidate was returned for this beach.,0,,
3045,Άκτιο Βόνιτσας Πάλαιρος,Aktio Vonitsas Palairos,west-greece-aetolia-acarnania-mainland,Aetolia-Acarnania,mainland_central,no_candidates,2026-06-28T13:41:44.150Z,Discovery completed for this region; no license-safe Commons/Openverse candidate was returned for this beach.,0,,
3046,ΠΔΕ Αραχωβίτικα,PDE Arachovitika,west-greece-aetolia-acarnania-mainland,Aetolia-Acarnania,mainland_central,no_candidates,2026-06-28T13:41:44.150Z,Discovery completed for this region; no license-safe Commons/Openverse candidate was returned for this beach.,0,,
3050,ΠΔΕ Μακύνεια,PDE Makynia,west-greece-aetolia-acarnania-mainland,Aetolia-Acarnania,mainland_central,no_candidates,2026-06-28T13:41:44.150Z,Discovery completed for this region; no license-safe Commons/Openverse candidate was returned for this beach.,0,,
3051,ΠΔΕ Πάτρα Αγ.Βασίλειος,PDE Patra Ag.Vasilios,west-greece-aetolia-acarnania-mainland,Aetolia-Acarnania,mainland_central,no_candidates,2026-06-28T13:41:44.150Z,Discovery completed for this region; no license-safe Commons/Openverse candidate was returned for this beach.,0,,
2565,Άγιος Ανδρέας,Agios Andreas,west-greece-ileia-mainland,Ileia,mainland_central,no_candidates,2026-06-28T13:41:44.150Z,Discovery completed for this region; no license-safe Commons/Openverse candidate was returned for this beach.,0,,
2566,Αρκούδι,Arkoudi,west-greece-ileia-mainland,Ileia,mainland_central,rejected,2026-06-28T13:41:44.150Z,"Rejected after automated source screening and visual QA: candidates were wrong place, landmark/settlement/port/road/people imagery, generic coastal views, or not beach-specific enough for safe use.",4,,
2567,Κουνουπελάκι,Kounoupelaki,west-greece-ileia-mainland,Ileia,mainland_central,rejected,2026-06-28T13:41:44.150Z,"Rejected after automated source screening and visual QA: candidates were wrong place, landmark/settlement/port/road/people imagery, generic coastal views, or not beach-specific enough for safe use.",1,,
2568,Κουνουπέλι,Kounoupeli,west-greece-ileia-mainland,Ileia,mainland_central,rejected,2026-06-28T13:41:44.150Z,"Rejected after automated source screening and visual QA: candidates were wrong place, landmark/settlement/port/road/people imagery, generic coastal views, or not beach-specific enough for safe use.",4,,
2569,Ματζάκουρα,Matzakoura,west-greece-ileia-mainland,Ileia,mainland_central,no_candidates,2026-06-28T13:41:44.150Z,Discovery completed for this region; no license-safe Commons/Openverse candidate was returned for this beach.,0,,
2571,Μπρινιά,Brinia,west-greece-ileia-mainland,Ileia,mainland_central,rejected,2026-06-28T13:41:44.150Z,"Rejected after automated source screening and visual QA: candidates were wrong place, landmark/settlement/port/road/people imagery, generic coastal views, or not beach-specific enough for safe use.",1,,
2572,Παραλία Αγίας Μαρίνας,Paralia Agias Marinas,west-greece-ileia-mainland,Ileia,mainland_central,no_candidates,2026-06-28T13:41:44.150Z,Discovery completed for this region; no license-safe Commons/Openverse candidate was returned for this beach.,0,,
2573,Παραλία Αγίου Ηλία,Paralia Agiou Ilia,west-greece-ileia-mainland,Ileia,mainland_central,no_candidates,2026-06-28T13:41:44.150Z,Discovery completed for this region; no license-safe Commons/Openverse candidate was returned for this beach.,0,,
2575,Παραλία Κυλλήνης,Paralia Kyllinis,west-greece-ileia-mainland,Ileia,mainland_central,rejected,2026-06-28T13:41:44.150Z,"Rejected after automated source screening and visual QA: candidates were wrong place, landmark/settlement/port/road/people imagery, generic coastal views, or not beach-specific enough for safe use.",8,,
2579,Φάλαρι,Falari,west-greece-ileia-mainland,Ileia,mainland_central,no_candidates,2026-06-28T13:41:44.150Z,Discovery completed for this region; no license-safe Commons/Openverse candidate was returned for this beach.,0,,
3053,Πηνειός Γλύφα,Pinios Glyfa,west-greece-ileia-mainland,Ileia,mainland_central,no_candidates,2026-06-28T13:41:44.150Z,Discovery completed for this region; no license-safe Commons/Openverse candidate was returned for this beach.,0,,
2581,Γέρακας,Gerakas,thessaly-alonissos,Alonissos,sporades,rejected,2026-06-28T13:41:44.150Z,"Rejected after automated source screening and visual QA: candidates were wrong place, landmark/settlement/port/road/people imagery, generic coastal views, or not beach-specific enough for safe use.",8,,
2583,Άγιοι Ανάργυροι,Agii Anargyri,thessaly-alonissos,Alonissos,sporades,rejected,2026-06-28T13:41:44.150Z,"Rejected after automated source screening and visual QA: candidates were wrong place, landmark/settlement/port/road/people imagery, generic coastal views, or not beach-specific enough for safe use.",1,,
2584,Άγιος Πέτρος,Agios Petros,thessaly-alonissos,Alonissos,sporades,no_candidates,2026-06-28T13:41:44.150Z,Discovery completed for this region; no license-safe Commons/Openverse candidate was returned for this beach.,0,,
2585,Βαμπακιές,Vampakies,thessaly-alonissos,Alonissos,sporades,no_candidates,2026-06-28T13:41:44.150Z,Discovery completed for this region; no license-safe Commons/Openverse candidate was returned for this beach.,0,,
2590,Καλύβια Αλεξίου,Kalyvia Alexiou,thessaly-alonissos,Alonissos,sporades,rejected,2026-06-28T13:41:44.150Z,"Rejected after automated source screening and visual QA: candidates were wrong place, landmark/settlement/port/road/people imagery, generic coastal views, or not beach-specific enough for safe use.",1,,
2591,Καλύβια Σταματίου,Kalyvia Stamatiou,thessaly-alonissos,Alonissos,sporades,no_candidates,2026-06-28T13:41:44.150Z,Discovery completed for this region; no license-safe Commons/Openverse candidate was returned for this beach.,0,,
2592,Κατερίνας Βάλα,Katerinas Vala,thessaly-alonissos,Alonissos,sporades,rejected,2026-06-28T13:41:44.150Z,"Rejected after automated source screening and visual QA: candidates were wrong place, landmark/settlement/port/road/people imagery, generic coastal views, or not beach-specific enough for safe use.",8,,
2595,Λένα,Lena,thessaly-alonissos,Alonissos,sporades,rejected,2026-06-28T13:41:44.150Z,"Rejected after automated source screening and visual QA: candidates were wrong place, landmark/settlement/port/road/people imagery, generic coastal views, or not beach-specific enough for safe use.",8,,
2597,Μεγάλη Άμμος,Megali Ammos,thessaly-alonissos,Alonissos,sporades,rejected,2026-06-28T13:41:44.150Z,"Rejected after automated source screening and visual QA: candidates were wrong place, landmark/settlement/port/road/people imagery, generic coastal views, or not beach-specific enough for safe use.",8,,
2598,Μηλιά,Milia,thessaly-alonissos,Alonissos,sporades,no_candidates,2026-06-28T13:41:44.150Z,Discovery completed for this region; no license-safe Commons/Openverse candidate was returned for this beach.,0,,
2601,Παραλία Βότση,Paralia Votsi,thessaly-alonissos,Alonissos,sporades,rejected,2026-06-28T13:41:44.150Z,"Rejected after automated source screening and visual QA: candidates were wrong place, landmark/settlement/port/road/people imagery, generic coastal views, or not beach-specific enough for safe use.",3,,
2607,Ρουσούμ Γιαλός,Rousoum Gialos,thessaly-alonissos,Alonissos,sporades,accepted,2026-06-28T13:18:28.246Z,"Exact Commons title identifies Rousoum Gialos Beach, Alonnisos and the geotag is close to the beach record; visual QA shows the beach/shoreline.",1,https://commons.wikimedia.org/w/index.php?title=Special:Redirect/file/Aerial%20view%20of%20Rousoum%20Gialos%20Beach%2C%20Alonnisos%2C%20Greece%20(51696451089).jpg&width=800,https://commons.wikimedia.org/wiki/File%3AAerial%20view%20of%20Rousoum%20Gialos%20Beach%2C%20Alonnisos%2C%20Greece%20(51696451089).jpg
2608,Σπαρτίνες,Spartines,thessaly-alonissos,Alonissos,sporades,no_candidates,2026-06-28T13:41:44.150Z,Discovery completed for this region; no license-safe Commons/Openverse candidate was returned for this beach.,0,,
2609,Σπλιθάρι,Splithari,thessaly-alonissos,Alonissos,sporades,no_candidates,2026-06-28T13:41:44.150Z,Discovery completed for this region; no license-safe Commons/Openverse candidate was returned for this beach.,0,,
2611,Στροβίλι,Strovili,thessaly-alonissos,Alonissos,sporades,no_candidates,2026-06-28T13:41:44.150Z,Discovery completed for this region; no license-safe Commons/Openverse candidate was returned for this beach.,0,,
3093,Μεγάλη Άμμος,Megali Ammos,thessaly-alonissos,Alonissos,sporades,rejected,2026-06-28T13:41:44.150Z,"Rejected after automated source screening and visual QA: candidates were wrong place, landmark/settlement/port/road/people imagery, generic coastal views, or not beach-specific enough for safe use.",8,,
3095,Elias Cove,Elias Cove,thessaly-alonissos,Alonissos,sporades,rejected,2026-06-28T13:41:44.150Z,"Rejected after automated source screening and visual QA: candidates were wrong place, landmark/settlement/port/road/people imagery, generic coastal views, or not beach-specific enough for safe use.",7,,
3112,Λεχούνι (Περιστέρα),Lechouni (Peristera),thessaly-alonissos,Alonissos,sporades,no_candidates,2026-06-28T13:41:44.150Z,Discovery completed for this region; no license-safe Commons/Openverse candidate was returned for this beach.,0,,
2616,Κουτσουρί,Koutsouri,thessaly-skiathos,Skiathos,sporades,no_candidates,2026-06-28T13:41:44.150Z,Discovery completed for this region; no license-safe Commons/Openverse candidate was returned for this beach.,0,,
2617,Μανδράκι,Mandraki,thessaly-skiathos,Skiathos,sporades,rejected,2026-06-28T13:41:44.150Z,"Rejected after automated source screening and visual QA: candidates were wrong place, landmark/settlement/port/road/people imagery, generic coastal views, or not beach-specific enough for safe use.",1,,
2621,Ψαρόχωμα,Psarochoma,thessaly-skiathos,Skiathos,sporades,no_candidates,2026-06-28T13:41:44.150Z,Discovery completed for this region; no license-safe Commons/Openverse candidate was returned for this beach.,0,,
2624,Αχλαδιές,Achladies,thessaly-skiathos,Skiathos,sporades,rejected,2026-06-28T13:41:44.150Z,"Rejected after automated source screening and visual QA: candidates were wrong place, landmark/settlement/port/road/people imagery, generic coastal views, or not beach-specific enough for safe use.",1,,
2626,Καναπίτσα,Kanapitsa,thessaly-skiathos,Skiathos,sporades,rejected,2026-06-28T13:41:44.150Z,"Rejected after automated source screening and visual QA: candidates were wrong place, landmark/settlement/port/road/people imagery, generic coastal views, or not beach-specific enough for safe use.",1,,
2628,Κολιός,Kolios,thessaly-skiathos,Skiathos,sporades,rejected,2026-06-28T13:41:44.150Z,"Rejected after automated source screening and visual QA: candidates were wrong place, landmark/settlement/port/road/people imagery, generic coastal views, or not beach-specific enough for safe use.",1,,
2631,Μεγάλος Ασέληνος,Megalos Aselinos,thessaly-skiathos,Skiathos,sporades,no_candidates,2026-06-28T13:41:44.150Z,Discovery completed for this region; no license-safe Commons/Openverse candidate was returned for this beach.,0,,
2633,Μικρός Ασέληνος,Mikros Aselinos,thessaly-skiathos,Skiathos,sporades,no_candidates,2026-06-28T13:41:44.150Z,Discovery completed for this region; no license-safe Commons/Openverse candidate was returned for this beach.,0,,
2636,Παραλία Άγκιστρο,Paralia Agkistro,thessaly-skiathos,Skiathos,sporades,no_candidates,2026-06-28T13:41:44.150Z,Discovery completed for this region; no license-safe Commons/Openverse candidate was returned for this beach.,0,,
2640,Παραλία Λιγαριές,Paralia Ligaries,thessaly-skiathos,Skiathos,sporades,no_candidates,2026-06-28T13:41:44.150Z,Discovery completed for this region; no license-safe Commons/Openverse candidate was returned for this beach.,0,,
2641,Παραλία Μανδράκι Ελιάς,Paralia Mandraki Elias,thessaly-skiathos,Skiathos,sporades,no_candidates,2026-06-28T13:41:44.150Z,Discovery completed for this region; no license-safe Commons/Openverse candidate was returned for this beach.,0,,
2644,Στυγερό,Stygero,thessaly-skiathos,Skiathos,sporades,no_candidates,2026-06-28T13:41:44.150Z,Discovery completed for this region; no license-safe Commons/Openverse candidate was returned for this beach.,0,,
3085,Παραλία Λαλάριας,Paralia Lalarias,thessaly-skiathos,Skiathos,sporades,rejected,2026-06-28T13:41:44.150Z,"Rejected after automated source screening and visual QA: candidates were wrong place, landmark/settlement/port/road/people imagery, generic coastal views, or not beach-specific enough for safe use.",8,,
2647,Γλυστέρι,Glysteri,thessaly-skopelos,Skopelos,sporades,no_candidates,2026-06-28T13:41:44.150Z,Discovery completed for this region; no license-safe Commons/Openverse candidate was returned for this beach.,0,,
2650,Έλιος,Elios,thessaly-skopelos,Skopelos,sporades,no_candidates,2026-06-28T13:41:44.150Z,Discovery completed for this region; no license-safe Commons/Openverse candidate was returned for this beach.,0,,
2651,Αρμενόπετρα,Armenopetra,thessaly-skopelos,Skopelos,sporades,no_candidates,2026-06-28T13:41:44.150Z,Discovery completed for this region; no license-safe Commons/Openverse candidate was returned for this beach.,0,,
2652,Βαθιάς,Vathias,thessaly-skopelos,Skopelos,sporades,no_candidates,2026-06-28T13:41:44.150Z,Discovery completed for this region; no license-safe Commons/Openverse candidate was returned for this beach.,0,,
2653,Βελανιό,Velanio,thessaly-skopelos,Skopelos,sporades,rejected,2026-06-28T13:41:44.150Z,"Rejected after automated source screening and visual QA: candidates were wrong place, landmark/settlement/port/road/people imagery, generic coastal views, or not beach-specific enough for safe use.",1,,
2655,Εκατοπενηντάρι,Ekatopenintari,thessaly-skopelos,Skopelos,sporades,rejected,2026-06-28T13:41:44.150Z,"Rejected after automated source screening and visual QA: candidates were wrong place, landmark/settlement/port/road/people imagery, generic coastal views, or not beach-specific enough for safe use.",1,,
3074,Angeletou beach,Angeletou beach,thessaly-skopelos,Skopelos,sporades,no_candidates,2026-06-28T13:41:44.150Z,Discovery completed for this region; no license-safe Commons/Openverse candidate was returned for this beach.,0,,
3075,Perivoliou Beach,Perivoliou Beach,thessaly-skopelos,Skopelos,sporades,no_candidates,2026-06-28T13:41:44.150Z,Discovery completed for this region; no license-safe Commons/Openverse candidate was returned for this beach.,0,,
3113,Πλάκα (Χώρα Σκοπέλου),Plaka (Chora Skopelou),thessaly-skopelos,Skopelos,sporades,rejected,2026-06-28T13:41:44.150Z,"Rejected after automated source screening and visual QA: candidates were wrong place, landmark/settlement/port/road/people imagery, generic coastal views, or not beach-specific enough for safe use.",7,,
2666,Δερμαριά (Πτελεός),Dermaria (Pteleos),thessaly-magnesia-mainland---pelion,Magnesia (Pelion),mainland_thessaly,no_candidates,2026-06-28T13:41:44.150Z,Discovery completed for this region; no license-safe Commons/Openverse candidate was returned for this beach.,0,,
2667,Ιζγκούδ (Τρίκερι),Izgkoud (Trikeri),thessaly-magnesia-mainland---pelion,Magnesia (Pelion),mainland_thessaly,no_candidates,2026-06-28T13:41:44.150Z,Discovery completed for this region; no license-safe Commons/Openverse candidate was returned for this beach.,0,,
2671,Πλάκες (Βόλος),Plakes (Volos),thessaly-magnesia-mainland---pelion,Magnesia (Pelion),mainland_thessaly,no_candidates,2026-06-28T13:41:44.150Z,Discovery completed for this region; no license-safe Commons/Openverse candidate was returned for this beach.,0,,
2677,Αλυκές (Βόλος),Alykes (Volos),thessaly-magnesia-mainland---pelion,Magnesia (Pelion),mainland_thessaly,no_candidates,2026-06-28T13:41:44.150Z,Discovery completed for this region; no license-safe Commons/Openverse candidate was returned for this beach.,0,,
2678,Αμποβός,Ampovos,thessaly-magnesia-mainland---pelion,Magnesia (Pelion),mainland_thessaly,rejected,2026-06-28T13:41:44.150Z,"Rejected after automated source screening and visual QA: candidates were wrong place, landmark/settlement/port/road/people imagery, generic coastal views, or not beach-specific enough for safe use.",1,,
2680,Βλαχόρεμα,Vlachorema,thessaly-magnesia-mainland---pelion,Magnesia (Pelion),mainland_thessaly,rejected,2026-06-28T13:41:44.150Z,"Rejected after automated source screening and visual QA: candidates were wrong place, landmark/settlement/port/road/people imagery, generic coastal views, or not beach-specific enough for safe use.",3,,
2681,Βρωμονέρι,Vromoneri,thessaly-magnesia-mainland---pelion,Magnesia (Pelion),mainland_thessaly,rejected,2026-06-28T13:41:44.150Z,"Rejected after automated source screening and visual QA: candidates were wrong place, landmark/settlement/port/road/people imagery, generic coastal views, or not beach-specific enough for safe use.",2,,
2682,Γούρνα,Gourna,thessaly-magnesia-mainland---pelion,Magnesia (Pelion),mainland_thessaly,no_candidates,2026-06-28T13:41:44.150Z,Discovery completed for this region; no license-safe Commons/Openverse candidate was returned for this beach.,0,,
2683,Θεοτόκος,Theotokos,thessaly-magnesia-mainland---pelion,Magnesia (Pelion),mainland_thessaly,rejected,2026-06-28T13:41:44.150Z,"Rejected after automated source screening and visual QA: candidates were wrong place, landmark/settlement/port/road/people imagery, generic coastal views, or not beach-specific enough for safe use.",7,,
2684,Καλαμιές (Αγριά),Kalamies (Agria),thessaly-magnesia-mainland---pelion,Magnesia (Pelion),mainland_thessaly,no_candidates,2026-06-28T13:41:44.150Z,Discovery completed for this region; no license-safe Commons/Openverse candidate was returned for this beach.,0,,
2687,Καστρί,Kastri,thessaly-magnesia-mainland---pelion,Magnesia (Pelion),mainland_thessaly,accepted,2026-06-28T14:15:56.526Z,"Commons title identifies Kastri, South Pelion and category places it under Beaches of Pelion; visual QA shows the beach shoreline.",1,https://commons.wikimedia.org/w/index.php?title=Special:Redirect/file/Floisvos%20(waves%20crashing%20on%20sand)%2C%20Kastri%2C%20South%20Pelion.jpg&width=800,https://commons.wikimedia.org/wiki/File%3AFloisvos%20(waves%20crashing%20on%20sand)%2C%20Kastri%2C%20South%20Pelion.jpg
2688,Κλωσσού,Klossou,thessaly-magnesia-mainland---pelion,Magnesia (Pelion),mainland_thessaly,no_candidates,2026-06-28T13:41:44.150Z,Discovery completed for this region; no license-safe Commons/Openverse candidate was returned for this beach.,0,,
2689,Κομός,Komos,thessaly-magnesia-mainland---pelion,Magnesia (Pelion),mainland_thessaly,rejected,2026-06-28T13:41:44.150Z,"Rejected after automated source screening and visual QA: candidates were wrong place, landmark/settlement/port/road/people imagery, generic coastal views, or not beach-specific enough for safe use.",1,,
2691,Λαγούδι,Lagoudi,thessaly-magnesia-mainland---pelion,Magnesia (Pelion),mainland_thessaly,no_candidates,2026-06-28T13:41:44.150Z,Discovery completed for this region; no license-safe Commons/Openverse candidate was returned for this beach.,0,,
2692,Λεπετούς,Lepetous,thessaly-magnesia-mainland---pelion,Magnesia (Pelion),mainland_thessaly,rejected,2026-06-28T13:41:44.150Z,"Rejected after automated source screening and visual QA: candidates were wrong place, landmark/settlement/port/road/people imagery, generic coastal views, or not beach-specific enough for safe use.",1,,
2695,Λύρη,Lyri,thessaly-magnesia-mainland---pelion,Magnesia (Pelion),mainland_thessaly,rejected,2026-06-28T13:41:44.150Z,"Rejected after automated source screening and visual QA: candidates were wrong place, landmark/settlement/port/road/people imagery, generic coastal views, or not beach-specific enough for safe use.",3,,
2696,Μελανή,Melani,thessaly-magnesia-mainland---pelion,Magnesia (Pelion),mainland_thessaly,rejected,2026-06-28T13:41:44.150Z,"Rejected after automated source screening and visual QA: candidates were wrong place, landmark/settlement/port/road/people imagery, generic coastal views, or not beach-specific enough for safe use.",1,,
2698,Μορτίτσα,Mortitsa,thessaly-magnesia-mainland---pelion,Magnesia (Pelion),mainland_thessaly,rejected,2026-06-28T13:41:44.150Z,"Rejected after automated source screening and visual QA: candidates were wrong place, landmark/settlement/port/road/people imagery, generic coastal views, or not beach-specific enough for safe use.",2,,
2699,Μουρτιάς,Mourtias,thessaly-magnesia-mainland---pelion,Magnesia (Pelion),mainland_thessaly,rejected,2026-06-28T13:41:44.150Z,"Rejected after automated source screening and visual QA: candidates were wrong place, landmark/settlement/port/road/people imagery, generic coastal views, or not beach-specific enough for safe use.",3,,
2706,Παραλία Ανάληψης,Paralia Analipsis,thessaly-magnesia-mainland---pelion,Magnesia (Pelion),mainland_thessaly,no_candidates,2026-06-28T13:41:44.150Z,Discovery completed for this region; no license-safe Commons/Openverse candidate was returned for this beach.,0,,
2707,Παραλία Ελίτσα,Paralia Elitsa,thessaly-magnesia-mainland---pelion,Magnesia (Pelion),mainland_thessaly,no_candidates,2026-06-28T13:41:44.150Z,Discovery completed for this region; no license-safe Commons/Openverse candidate was returned for this beach.,0,,
2709,Παραλία Κορνέλια,Paralia Kornelia,thessaly-magnesia-mainland---pelion,Magnesia (Pelion),mainland_thessaly,rejected,2026-06-28T13:41:44.150Z,"Rejected after automated source screening and visual QA: candidates were wrong place, landmark/settlement/port/road/people imagery, generic coastal views, or not beach-specific enough for safe use.",1,,
2710,Παραλία Κριθάρια,Paralia Kritharia,thessaly-magnesia-mainland---pelion,Magnesia (Pelion),mainland_thessaly,no_candidates,2026-06-28T13:41:44.150Z,Discovery completed for this region; no license-safe Commons/Openverse candidate was returned for this beach.,0,,
2714,Παραλία Ρακοποτάμου,Paralia Rakopotamou,thessaly-magnesia-mainland---pelion,Magnesia (Pelion),mainland_thessaly,no_candidates,2026-06-28T13:41:44.150Z,Discovery completed for this region; no license-safe Commons/Openverse candidate was returned for this beach.,0,,
2715,Παραλία Τουρκοπηγής,Paralia Tourkopigis,thessaly-magnesia-mainland---pelion,Magnesia (Pelion),mainland_thessaly,no_candidates,2026-06-28T13:41:44.150Z,Discovery completed for this region; no license-safe Commons/Openverse candidate was returned for this beach.,0,,
2718,Ποτόκι,Potoki,thessaly-magnesia-mainland---pelion,Magnesia (Pelion),mainland_thessaly,no_candidates,2026-06-28T13:41:44.150Z,Discovery completed for this region; no license-safe Commons/Openverse candidate was returned for this beach.,0,,
2719,Ραζή,Razi,thessaly-magnesia-mainland---pelion,Magnesia (Pelion),mainland_thessaly,rejected,2026-06-28T13:41:44.150Z,"Rejected after automated source screening and visual QA: candidates were wrong place, landmark/settlement/port/road/people imagery, generic coastal views, or not beach-specific enough for safe use.",1,,
2720,Σουτραλί (Αγριά),Soutrali (Agria),thessaly-magnesia-mainland---pelion,Magnesia (Pelion),mainland_thessaly,no_candidates,2026-06-28T13:41:44.150Z,Discovery completed for this region; no license-safe Commons/Openverse candidate was returned for this beach.,0,,
2724,Χονδρή Άμμος,Chondri Ammos,thessaly-magnesia-mainland---pelion,Magnesia (Pelion),mainland_thessaly,no_candidates,2026-06-28T13:41:44.150Z,Discovery completed for this region; no license-safe Commons/Openverse candidate was returned for this beach.,0,,
3084,Καλαμιές,Kalamies,thessaly-magnesia-mainland---pelion,Magnesia (Pelion),mainland_thessaly,no_candidates,2026-06-28T13:41:44.150Z,Discovery completed for this region; no license-safe Commons/Openverse candidate was returned for this beach.,0,,
3086,παραλία Νηές,paralia Nies,thessaly-magnesia-mainland---pelion,Magnesia (Pelion),mainland_thessaly,no_candidates,2026-06-28T13:41:44.150Z,Discovery completed for this region; no license-safe Commons/Openverse candidate was returned for this beach.,0,,
3094,Σουτραλί,Soutrali,thessaly-magnesia-mainland---pelion,Magnesia (Pelion),mainland_thessaly,no_candidates,2026-06-28T13:41:44.150Z,Discovery completed for this region; no license-safe Commons/Openverse candidate was returned for this beach.,0,,
3096,Olive Bay,Olive Bay,thessaly-magnesia-mainland---pelion,Magnesia (Pelion),mainland_thessaly,rejected,2026-06-28T13:41:44.150Z,"Rejected after automated source screening and visual QA: candidates were wrong place, landmark/settlement/port/road/people imagery, generic coastal views, or not beach-specific enough for safe use.",1,,
3111,"Άι Γιάννης (Κεραμίδι, Πήλιο)","Ai Giannis (Keramidi, Pilio)",thessaly-magnesia-mainland---pelion,Magnesia (Pelion),mainland_thessaly,no_candidates,2026-06-28T13:41:44.150Z,Discovery completed for this region; no license-safe Commons/Openverse candidate was returned for this beach.,0,,
2731,Παραλία Παπακώστα,Paralia Papakosta,thessaly-larissa-coast-agia---kissavos,Larissa Coast (Agia - Kissavos),mainland_thessaly,no_candidates,2026-06-28T13:41:44.150Z,Discovery completed for this region; no license-safe Commons/Openverse candidate was returned for this beach.,0,,
2732,Παραλία Παλιουριάς,Paralia Paliourias,thessaly-larissa-coast-agia---kissavos,Larissa Coast (Agia - Kissavos),mainland_thessaly,no_candidates,2026-06-28T13:41:44.150Z,Discovery completed for this region; no license-safe Commons/Openverse candidate was returned for this beach.,0,,
2735,Παραλία Παναγία,Paralia Panagia,thessaly-larissa-coast-agia---kissavos,Larissa Coast (Agia - Kissavos),mainland_thessaly,no_candidates,2026-06-28T13:41:44.150Z,Discovery completed for this region; no license-safe Commons/Openverse candidate was returned for this beach.,0,,
2736,Παραλία Κουτσουπιάς,Paralia Koutsoupias,thessaly-larissa-coast-agia---kissavos,Larissa Coast (Agia - Kissavos),mainland_thessaly,no_candidates,2026-06-28T13:41:44.150Z,Discovery completed for this region; no license-safe Commons/Openverse candidate was returned for this beach.,0,,
3110,Αγία Παρασκευή (Στόμιο),Agia Paraskevi (Stomio),thessaly-larissa-coast-agia---kissavos,Larissa Coast (Agia - Kissavos),mainland_thessaly,no_candidates,2026-06-28T13:41:44.150Z,Discovery completed for this region; no license-safe Commons/Openverse candidate was returned for this beach.,0,,
