region,group,id,name,organized,claimsFood,claimsSunbeds,hasOfficialSource,audited,nearestFoodM,nearestResortM,poiCount,flags
attica-aegina,argosaronic,80,Paralia Vagias,true,true,false,true,true,155,,4,
attica-aegina,argosaronic,81,Agia Marina,true,true,true,true,true,114,,16,
attica-aegina,argosaronic,82,Aiginitissa,true,true,true,true,true,259,,1,
attica-aegina,argosaronic,83,Avra,true,true,false,true,true,62,0,56,
attica-aegina,argosaronic,84,Votsaloti Paralia,false,false,false,true,true,130,,3,
attica-aegina,argosaronic,85,Klidi,true,true,true,true,true,,,0,
attica-aegina,argosaronic,86,Loutra,true,true,true,true,true,54,,15,
attica-aegina,argosaronic,87,Paralia Zinovi,false,false,false,true,true,384,,2,
attica-aegina,argosaronic,88,Paralia Kamares,true,true,false,true,true,205,,2,
attica-aegina,argosaronic,89,Paralia Kolona,true,true,true,true,true,422,373,36,
attica-aegina,argosaronic,90,Paralia Marathona A,false,true,false,true,true,28,28,12,
attica-aegina,argosaronic,91,Paralia Marathona V,true,true,true,true,true,72,651,12,
attica-aegina,argosaronic,92,Paralia Sarpa,true,true,true,true,true,,,1,
attica-aegina,argosaronic,93,Tourlos,false,false,false,true,true,,,0,
attica-aegina,argosaronic,94,Souvala,false,true,false,true,true,39,,15,
attica-aegina,argosaronic,3022,Aigina Marathonas,false,false,false,true,true,89,131,12,
attica-aegina,argosaronic,3024,Aigina Ag. Vasilios,false,false,false,true,true,440,,2,
attica-agistri,argosaronic,95,Aponisos,true,true,true,true,true,39,,4,
attica-agistri,argosaronic,96,Dragonera,true,true,true,true,true,41,,1,
attica-agistri,argosaronic,97,Xekofti,false,false,false,true,true,467,,4,
attica-agistri,argosaronic,98,Paralia Megalochoriou,true,true,true,true,true,140,,14,
attica-agistri,argosaronic,99,Skliri,false,false,false,true,true,126,,5,
attica-agistri,argosaronic,100,Chalikiada,false,false,false,true,true,437,,2,
attica-athens-area-mainland,attica,0,Paralia Flisvou,true,false,false,true,true,110,,60,
attica-athens-area-mainland,attica,1,Palmyra,true,false,false,true,true,236,,49,
attica-athens-area-mainland,attica,2,Paralia Bati,false,true,false,true,true,373,,46,
attica-athens-area-mainland,attica,3,Paralia Edem,false,true,false,true,true,175,,28,
attica-athens-area-mainland,attica,4,A' Plaz Alimou «Stolidi»,true,true,true,true,true,40,,77,
attica-athens-area-mainland,attica,5,Akti tou Iliou,true,true,true,true,true,149,,83,
attica-athens-area-mainland,attica,6,Agios Kosmas,true,false,true,true,true,,,1,
attica-athens-area-mainland,attica,7,Paralia Agiou Alexandrou,false,false,false,true,true,,,4,
attica-athens-area-mainland,attica,8,Paralia Glyfadas Akti A,false,false,false,true,true,227,,9,
attica-athens-area-mainland,attica,9,Paralia Glyfadas Akti V,false,false,false,true,true,246,,17,
attica-athens-area-mainland,attica,10,Paralia Glyfadas Akti G,true,false,false,true,true,279,,48,
attica-athens-area-mainland,attica,11,Paralia Glyfadas Akti D,true,true,true,true,true,41,,131,
attica-athens-area-mainland,attica,12,Paralia Astera Glyfadas,true,true,true,true,true,237,,109,
attica-athens-area-mainland,attica,13,A' Plaz Voulas,true,true,true,true,true,19,,11,
attica-athens-area-mainland,attica,14,V' plaz Voulas,false,true,false,true,true,648,572,28,
attica-athens-area-mainland,attica,15,Mikro Kavouri,false,true,false,true,true,212,103,20,
attica-athens-area-mainland,attica,16,Paralia Varkizas,true,true,true,true,true,240,447,22,
attica-athens-area-mainland,attica,17,Megalo Kavouri,false,true,false,true,true,111,,7,
attica-athens-area-mainland,attica,18,Zen Beach / Niriides,true,true,true,true,true,30,,11,
attica-athens-area-mainland,attica,19,Astir Beach / Asteras Vouliagmenis,true,true,true,true,true,142,,15,
attica-athens-area-mainland,attica,20,Limni Vouliagmenis,true,false,true,true,true,41,0,21,
attica-athens-area-mainland,attica,21,Panagitsa i Dytissa,false,false,false,true,true,327,547,20,
attica-athens-area-mainland,attica,22,Limanakia Vouliagmenis,false,true,false,true,true,315,,9,
attica-athens-area-mainland,attica,23,Limanakia Vouliagmenis Gymniston,false,false,false,true,true,703,,4,
attica-athens-area-mainland,attica,24,Nisida Fleves,false,false,false,true,true,,,0,
attica-athens-area-mainland,attica,3025,Alimos Loutra,false,false,false,true,true,45,,56,
attica-east-attica-mainland,attica,25,Paralia Agrilezas,false,false,false,true,true,,,0,
attica-east-attica-mainland,attica,26,Paralia Akrotiriou,false,false,false,true,true,,,2,
attica-east-attica-mainland,attica,27,Paralia Agias Paraskevis,false,false,false,true,true,,,0,
attica-east-attica-mainland,attica,28,Paralia Agiou Konstantinou,false,false,false,true,true,,,0,
attica-east-attica-mainland,attica,29,Paralia Agkona,false,false,false,true,true,265,,1,
attica-east-attica-mainland,attica,30,Mikro Sesi,false,false,false,true,true,46,,3,
attica-east-attica-mainland,attica,31,Theretro Axiomatikon Navtikou,false,false,false,true,true,136,0,20,osm-resort-not-claimed
attica-east-attica-mainland,attica,32,Paralia Schinia,true,true,true,true,true,679,,2,
attica-east-attica-mainland,attica,33,Paralia Marathona,true,true,true,true,true,63,,13,
attica-east-attica-mainland,attica,34,Paralia Zoumperi,true,true,true,true,true,167,,8,
attica-east-attica-mainland,attica,35,Ormos Lidaki,false,false,false,true,true,420,,84,
attica-east-attica-mainland,attica,36,Plaz Rafinas,false,true,false,true,true,192,,88,
attica-east-attica-mainland,attica,37,Paralia Artemidas,true,true,true,true,true,122,56,25,
attica-east-attica-mainland,attica,39,Paralia Vravronas,true,false,true,true,true,60,,7,
attica-east-attica-mainland,attica,40,Mikri Chamolia,false,false,false,true,true,288,,4,
attica-east-attica-mainland,attica,41,Paralia Chamolia,false,false,false,true,true,,,2,
attica-east-attica-mainland,attica,42,Paralia Arachnes,false,false,false,true,true,,,0,
attica-east-attica-mainland,attica,43,Erotospilia,false,true,false,true,true,24,,5,
attica-east-attica-mainland,attica,44,Paralia Agiou Spyridona,false,true,false,true,true,57,,8,
attica-east-attica-mainland,attica,45,Nisida Kekropoula,false,false,false,true,true,729,584,6,
attica-east-attica-mainland,attica,46,Avlaki,true,true,true,true,true,118,20,7,
attica-east-attica-mainland,attica,47,Panorama,false,false,false,true,true,26,342,8,
attica-east-attica-mainland,attica,48,Kakia Thalassa,true,true,true,true,true,57,27,14,
attica-east-attica-mainland,attica,49,Paralia Kokoloko,false,false,false,true,true,22,,7,
attica-east-attica-mainland,attica,50,Lomparda / Mojito Bay,false,false,false,true,true,427,,10,
attica-east-attica-mainland,attica,51,Iliopoulos,false,false,false,true,true,776,,9,
attica-east-attica-mainland,attica,52,Paralia Altheas,false,false,false,true,true,,,5,
attica-east-attica-mainland,attica,53,Paralia Skales Altheas,false,false,false,true,true,,,2,
attica-east-attica-mainland,attica,54,Galazia Akti,false,true,false,true,true,125,,5,
attica-east-attica-mainland,attica,55,Armyrikia,false,false,false,true,true,,,0,
attica-east-attica-mainland,attica,56,Porto Ennea,false,false,false,true,true,,,0,
attica-east-attica-mainland,attica,57,Pevko,false,false,false,true,true,573,60,5,osm-resort-not-claimed
attica-east-attica-mainland,attica,58,Lagonissi Grand Resort,true,true,true,true,true,430,568,5,
attica-east-attica-mainland,attica,59,Kalopigado,true,true,true,true,true,71,,3,
attica-east-attica-mainland,attica,60,Evkalypta,false,false,false,true,true,,439,3,
attica-east-attica-mainland,attica,61,Tsonima,false,false,false,true,true,647,,4,
attica-east-attica-mainland,attica,62,Kentriki paralia Saronidas,false,true,false,true,true,111,,15,
attica-east-attica-mainland,attica,63,Devteri Paralia Saronidas,false,false,false,true,true,427,,11,
attica-east-attica-mainland,attica,64,Paralia Mavro Lithari,true,true,true,true,true,45,,3,
attica-east-attica-mainland,attica,65,Mavro Lithari / Eden Beach,false,false,false,true,true,174,,2,
attica-east-attica-mainland,attica,66,Paralia Anavyssou,true,true,true,true,true,277,263,14,
attica-east-attica-mainland,attica,67,Ormos Agiou Nikolaou,false,false,false,true,true,509,744,2,
attica-east-attica-mainland,attica,68,Skalakia Anavyssou,false,false,false,true,true,,257,3,
attica-east-attica-mainland,attica,69,Paralia Agiou Nikolaou,false,false,false,true,true,108,99,6,osm-resort-not-claimed
attica-east-attica-mainland,attica,70,Thymari,false,false,false,true,true,,54,1,osm-resort-not-claimed
attica-east-attica-mainland,attica,71,Pounta Zeza,false,true,false,true,true,66,50,7,
attica-east-attica-mainland,attica,72,Pasa,false,false,false,true,true,585,45,5,osm-resort-not-claimed
attica-east-attica-mainland,attica,73,Tsiou,false,false,false,true,true,644,556,7,
attica-east-attica-mainland,attica,74,Asimaki,false,false,false,true,true,71,673,6,
attica-east-attica-mainland,attica,75,Charakas,true,true,true,true,true,,70,4,
attica-east-attica-mainland,attica,76,Paralia Legrainon,false,true,false,true,true,,,1,
attica-east-attica-mainland,attica,77,Paralia KAPE,false,true,false,true,true,,,1,
attica-east-attica-mainland,attica,78,Agios Petros,false,false,false,true,true,399,464,8,
attica-east-attica-mainland,attica,79,Paralia Souniou,false,true,false,true,true,93,19,8,
attica-east-attica-mainland,attica,3006,Porto Rafti Avlaki,false,false,false,true,true,532,137,7,
attica-east-attica-mainland,attica,3026,KAAv Agios Andreas,false,false,false,true,true,245,,8,
attica-east-attica-mainland,attica,3027,Oropos Agii Apostoli Kalamou,false,false,false,true,true,65,,12,
attica-east-attica-mainland,attica,3028,Oropos Skala Oropou,false,false,false,true,true,45,,6,
attica-east-attica-mainland,attica,3029,Oropos Chalkoutsi,false,false,false,true,true,,,0,
attica-hydra,argosaronic,101,Agios Nikolaos,false,false,false,true,true,,,0,
attica-hydra,argosaronic,102,Avlaki,false,false,false,true,true,80,,50,
attica-hydra,argosaronic,103,Kaminia,true,false,true,true,true,34,,29,
attica-hydra,argosaronic,104,Kaoumithi,false,false,false,true,true,,,0,
attica-hydra,argosaronic,105,Mandraki,true,true,true,true,true,233,,1,
attica-hydra,argosaronic,106,Bisti,true,true,true,true,true,,,0,
attica-hydra,argosaronic,108,Plakes,false,false,false,true,true,,,0,
attica-hydra,argosaronic,109,Spilia,false,false,false,true,true,18,,48,
attica-kythira,ionian,110,Agios Nikolaos,false,false,false,true,true,,,1,
attica-kythira,ionian,111,Kalami,false,false,false,true,true,,,1,
attica-kythira,ionian,112,Ammoutsi,false,false,false,true,true,,,0,
attica-kythira,ionian,113,Kalogeri,false,false,false,true,true,,,0,
attica-kythira,ionian,114,Paralia Karpathi,false,false,false,true,true,,,1,
attica-kythira,ionian,115,Vlychada Platias Ammou,false,false,false,true,true,,,0,
attica-kythira,ionian,116,Routsounas,false,false,false,true,true,,,0,
attica-kythira,ionian,117,Platia Ammos,false,true,false,true,true,,,0,
attica-kythira,ionian,118,Paralia Fourni,false,true,false,true,true,,,0,
attica-kythira,ionian,119,Agia Patrikia,false,true,false,true,true,,,0,
attica-kythira,ionian,120,Paralia Agia Pelagia,false,true,false,true,true,63,,6,
attica-kythira,ionian,121,Paralia Fyri Ammos,true,true,true,true,true,385,,6,
attica-kythira,ionian,122,Paralia Kalamitsi,false,false,false,true,true,,,0,
attica-kythira,ionian,123,Paralia Lorentzos,false,true,false,true,true,384,,2,
attica-kythira,ionian,124,Paralia Kakia Lagkada,false,true,false,true,true,55,,2,
attica-kythira,ionian,125,Limni (Agias Pelagias),false,false,false,true,true,515,,2,
attica-kythira,ionian,126,Paralia Lygia,false,false,false,true,true,,,0,
attica-kythira,ionian,127,Paralia Diporos,false,false,false,true,true,,,0,
attica-kythira,ionian,128,Petritis,false,false,false,true,true,,,0,
attica-kythira,ionian,129,Agios Levteris,false,false,false,true,true,455,,2,
attica-kythira,ionian,130,Paralia Lykodimou,true,true,true,true,true,78,,2,
attica-kythira,ionian,131,Diakofti,true,true,true,true,true,51,,11,
attica-kythira,ionian,132,Paralia Kalami,false,false,false,true,true,,,1,
attica-kythira,ionian,133,Limnionas,false,true,false,true,true,,,0,
attica-kythira,ionian,134,Paralia Palaiopoli,false,true,false,true,true,527,,2,
attica-kythira,ionian,135,Paralia Limni (Palaiopoli),false,false,false,true,true,623,,2,
attica-kythira,ionian,136,Paralia Kaladi,false,false,false,true,true,,,2,
attica-kythira,ionian,137,Vlychada Anatoliki,false,false,false,true,true,,,2,
attica-kythira,ionian,138,Komponada,false,true,false,true,true,,,0,
attica-kythira,ionian,139,Fyri Ammos (Kalamos),true,true,true,true,true,,,0,
attica-kythira,ionian,140,Melidoni,true,true,true,true,true,29,,2,
attica-kythira,ionian,141,Kakopetra,false,false,false,true,true,,,0,
attica-kythira,ionian,142,Feloti,false,false,false,true,true,,,0,
attica-kythira,ionian,143,Lefto,false,false,false,true,true,,,0,
attica-kythira,ionian,144,Kapsali,true,true,true,true,true,133,,8,
attica-kythira,ionian,145,Paralia Sparangario,false,false,false,true,true,546,,9,
attica-kythira,ionian,146,Kapsali Piso Gialos,true,true,true,true,true,274,,8,
attica-kythira,ionian,147,Kyriakoulou,false,false,false,true,true,,,0,
attica-kythira,ionian,148,Steno Avlaki,false,false,false,true,true,,,0,
attica-kythira,ionian,149,Paralia Chalkos,false,true,false,true,true,52,,2,
attica-kythira,ionian,150,Vroulea,false,false,false,true,true,,,0,
attica-kythira,ionian,151,Xeropotamos,false,false,false,true,true,,,0,
attica-methana,argosaronic,178,Akti Agapis,false,false,false,true,true,,,0,
attica-methana,argosaronic,179,Paralia Nisaki,false,false,false,true,true,189,,4,
attica-methana,argosaronic,180,Votsalakia,false,true,false,true,true,53,,3,
attica-methana,argosaronic,181,Nisiza,false,false,false,true,true,,,0,
attica-piraeus-area,attica,182,Paralia Peramatos,false,true,false,true,true,342,,2,
attica-piraeus-area,attica,183,Krakaris,false,false,false,true,true,115,,15,
attica-piraeus-area,attica,184,Votsalakia,true,true,true,true,true,73,,187,
attica-piraeus-area,attica,185,Plaz Kalampaka,false,true,false,true,true,45,,144,
attica-piraeus-area,attica,186,Paralia Freattydos,true,true,true,true,true,116,,118,
attica-poros,argosaronic,152,Limanaki tis Agapis,true,true,false,true,true,15,,7,
attica-poros,argosaronic,153,Agios Stefanos,true,false,true,true,true,328,,26,
attica-poros,argosaronic,154,Alyki,true,true,false,true,true,81,,4,
attica-poros,argosaronic,155,Askeli,true,true,true,true,true,53,,8,
attica-poros,argosaronic,156,Vagionia,false,false,false,true,true,,,1,
attica-poros,argosaronic,157,Kanali,true,true,true,true,true,28,,9,
attica-poros,argosaronic,158,Megalo Neorio,true,true,true,true,true,79,,5,
attica-poros,argosaronic,159,Mikro Neorio,true,true,false,true,true,432,,3,
attica-poros,argosaronic,160,Monastiri,true,true,true,true,true,353,,1,
attica-poros,argosaronic,161,Paralia Rosikos Navstathmos,true,true,true,true,true,39,,5,
attica-poros,argosaronic,162,Plaka,true,true,false,true,true,24,,4,
attica-salamina,argosaronic,163,Mikro Lamprano,false,false,false,true,true,,,0,
attica-salamina,argosaronic,164,Paralia Agiou Nikolaou,false,true,false,true,true,780,,1,
attica-salamina,argosaronic,165,Paralia Kanakia,true,true,true,true,true,276,,1,
attica-salamina,argosaronic,3055,Dimitrani,false,false,false,true,true,,,0,
attica-salamina,argosaronic,3056,Kaki Vigla,false,false,false,true,true,,,0,
attica-salamina,argosaronic,3057,Kyriza,false,false,false,true,true,,,0,
attica-salamina,argosaronic,3058,Doulapi,false,false,false,true,true,,,0,
attica-salamina,argosaronic,3059,Perani,false,false,false,true,true,,,0,
attica-salamina,argosaronic,3060,Porto Fino,false,false,false,true,true,,,0,
attica-salamina,argosaronic,3061,Charoupias,false,false,false,true,true,,,0,
attica-spetses,argosaronic,166,Agia Marina,true,true,true,false,false,33,,2,
attica-spetses,argosaronic,167,Agia Paraskevi,true,true,true,true,true,,,2,
attica-spetses,argosaronic,168,Agii Anargyri,true,true,false,true,true,77,,1,
attica-spetses,argosaronic,169,Agios Mamas,true,true,true,true,true,27,,37,
attica-spetses,argosaronic,170,Vrellos,true,true,true,true,true,,,1,
attica-spetses,argosaronic,171,Kaiki,true,true,true,true,true,36,,6,
attica-spetses,argosaronic,172,Kamares,false,false,false,true,true,,,0,
attica-spetses,argosaronic,173,Kouzounos,false,false,false,true,true,,,0,
attica-spetses,argosaronic,174,Ligoneri,false,false,false,true,true,,,1,
attica-spetses,argosaronic,175,Megali Zogeria,true,true,false,true,true,,,0,
attica-spetses,argosaronic,176,Mikri Zogeria,false,false,false,true,true,54,,1,
attica-spetses,argosaronic,177,Xylokeriza,true,false,false,true,true,,,0,
attica-west-attica-mainland,attica,187,Akrogiali,false,true,false,true,true,308,,3,
attica-west-attica-mainland,attica,188,Paralia Kinetas,true,true,true,true,true,220,,1,
attica-west-attica-mainland,attica,189,Paralia Porto Germeno,false,true,false,true,true,134,,12,
attica-west-attica-mainland,attica,190,Paralia Porto Germeno (notio tmima),false,false,false,true,true,151,,12,
attica-west-attica-mainland,attica,191,Prosili,false,true,false,true,true,,,0,
attica-west-attica-mainland,attica,192,Psatha,true,true,true,true,true,,,0,
central-greece-evia,euboea,193,Agia Irini Karystou,false,false,false,true,true,,,0,
central-greece-evia,euboea,194,Agia Irini Marmariou,false,false,false,true,true,,,0,
central-greece-evia,euboea,195,Agia Paraskevi,false,true,false,true,true,37,,3,
central-greece-evia,euboea,196,Agios Athanasios,false,false,false,true,true,265,,4,
central-greece-evia,euboea,197,Agios Antonios,false,false,false,true,true,45,,2,
central-greece-evia,euboea,198,Agios Vasilios,false,false,false,true,true,735,,4,
central-greece-evia,euboea,199,Agios Dimitrios,false,true,false,true,true,,,0,
central-greece-evia,euboea,200,Agios Minas,false,true,false,true,true,122,,5,
central-greece-evia,euboea,201,Agios Nikolaos,false,true,false,true,true,,,0,
central-greece-evia,euboea,202,Agkali,false,true,false,true,true,,,0,
central-greece-evia,euboea,203,Akrotiri,false,false,false,true,true,,,0,
central-greece-evia,euboea,204,Akti Vouvali,false,false,false,true,true,,,0,
central-greece-evia,euboea,205,Alykes,true,true,true,true,true,121,107,13,
central-greece-evia,euboea,206,Anemaki,false,false,false,true,true,791,,8,
central-greece-evia,euboea,207,Aralimos,false,false,false,true,true,,,0,
central-greece-evia,euboea,208,Archampoli,false,false,false,true,true,,,0,
central-greece-evia,euboea,209,Atalantos,false,false,false,true,true,,,0,
central-greece-evia,euboea,210,Vathychantako,false,false,false,true,true,,,0,
central-greece-evia,euboea,211,Valopoula,false,true,false,true,true,21,,5,
central-greece-evia,euboea,212,Varellaion,false,false,false,true,true,,,0,
central-greece-evia,euboea,213,Vythouri,false,false,false,true,true,,,0,
central-greece-evia,euboea,214,Gaidaros,false,false,false,true,true,,,0,
central-greece-evia,euboea,215,Galataki,false,false,false,true,true,,,0,
central-greece-evia,euboea,216,Gallida,true,false,true,true,true,,,2,
central-greece-evia,euboea,217,Giannitsi,false,true,false,true,true,,,0,
central-greece-evia,euboea,218,Gregolimano,true,false,true,true,true,785,,2,
central-greece-evia,euboea,219,Dafnopotamos,false,false,false,true,true,,,0,
central-greece-evia,euboea,220,Elia,false,false,false,true,true,,,0,
central-greece-evia,euboea,221,Zastana,false,false,false,true,true,,,6,
central-greece-evia,euboea,222,Zefyros,false,true,false,true,true,68,,1,
central-greece-evia,euboea,223,Thapsa,false,false,false,true,true,,,0,
central-greece-evia,euboea,224,Kavos,true,true,true,true,true,104,90,3,
central-greece-evia,euboea,225,Kakia,false,true,false,true,true,81,,9,
central-greece-evia,euboea,226,Kakolimano,false,true,false,true,true,50,,13,
central-greece-evia,euboea,227,Kalami,false,false,false,true,true,,,0,
central-greece-evia,euboea,228,Kalamitsi,false,false,false,true,true,,,0,
central-greece-evia,euboea,229,Kalamos,true,true,true,true,true,43,,9,
central-greece-evia,euboea,230,Kanapitsa,false,true,false,true,true,166,,163,
central-greece-evia,euboea,231,Katsouli,false,false,false,true,true,,,0,
central-greece-evia,euboea,232,Kefala,false,false,false,true,true,,,2,
central-greece-evia,euboea,233,Klimaki,true,true,true,true,true,105,,1,
central-greece-evia,euboea,234,Kokkinias,false,false,false,true,true,,,0,
central-greece-evia,euboea,235,Korasida,false,true,false,true,true,221,,6,
central-greece-evia,euboea,236,Koskina,false,false,false,true,true,,,0,
central-greece-evia,euboea,237,Kourenti,true,true,false,true,true,155,,140,
central-greece-evia,euboea,238,Kremala,true,true,true,true,true,260,368,35,
central-greece-evia,euboea,239,Laka Saravanou,false,false,false,true,true,455,,3,
central-greece-evia,euboea,240,Levki Akti,true,true,true,true,true,81,,1,
central-greece-evia,euboea,241,Limnionas Marmariou,false,true,false,true,true,,,0,
central-greece-evia,euboea,242,Liani Ammos Chalkidas,false,true,false,true,true,217,,47,
central-greece-evia,euboea,243,Liani Ammos Petrion,false,false,false,true,true,,,0,
central-greece-evia,euboea,244,Livadaki,false,false,false,true,true,,,0,
central-greece-evia,euboea,245,Livadakia,false,false,false,true,true,,,0,
central-greece-evia,euboea,246,Livadi,false,false,false,true,true,,,0,
central-greece-evia,euboea,247,Limniona,true,true,true,true,true,,,0,
central-greece-evia,euboea,248,Limnionaki,false,true,false,true,true,25,,10,
central-greece-evia,euboea,249,Limnionas Psachnon,false,true,false,true,true,155,,10,
central-greece-evia,euboea,250,Linari,false,false,false,true,true,,,0,
central-greece-evia,euboea,251,Loutraki Bourou,false,false,false,true,true,654,,1,
central-greece-evia,euboea,252,Magiras,false,false,false,true,true,,,0,
central-greece-evia,euboea,253,Makrys Gialos,false,true,false,true,true,,,0,
central-greece-evia,euboea,254,Marmara,true,true,true,true,true,714,,4,
central-greece-evia,euboea,255,Mavrikas,false,false,false,true,true,,,0,
central-greece-evia,euboea,256,Megali Ammos,false,false,false,true,true,,,6,
central-greece-evia,euboea,257,Mikri Kefala,false,false,false,true,true,,,2,
central-greece-evia,euboea,258,Mnimata,false,false,false,true,true,,,0,
central-greece-evia,euboea,259,Bournontas,false,true,false,true,true,,,0,
central-greece-evia,euboea,260,Navtiko,false,false,false,true,true,,,0,
central-greece-evia,euboea,261,Nisiotissa,false,true,false,true,true,797,,1,
central-greece-evia,euboea,262,Papathanasiou,true,true,true,true,true,57,,122,
central-greece-evia,euboea,263,Paralia Agiou Nikolaou,false,true,false,true,true,200,,2,
central-greece-evia,euboea,264,Paralia Aktaiou,false,false,false,true,true,,,0,
central-greece-evia,euboea,265,"Paralia ""Asteria""",true,true,true,true,true,36,,199,
central-greece-evia,euboea,266,Paralia Achladiou (Fragkaki),false,true,false,true,true,,,0,
central-greece-evia,euboea,267,Paralia Vlachias,false,true,false,true,true,,,0,
central-greece-evia,euboea,268,Paralia Gialtron,false,true,false,true,true,45,,6,
central-greece-evia,euboea,269,Paralia Dafnis,false,true,false,true,true,116,,2,
central-greece-evia,euboea,270,Paralia Eva,false,false,false,true,true,,,0,
central-greece-evia,euboea,271,Paralia Kallianou,false,true,false,true,true,407,,1,
central-greece-evia,euboea,272,Paralia Kotsikias,true,true,true,true,true,80,,1,
central-greece-evia,euboea,273,Paralia Kryas Vrysis,false,false,false,true,true,26,,1,
central-greece-evia,euboea,274,Paralia Metochiou,false,true,false,true,true,102,,3,
central-greece-evia,euboea,275,Paralia Mourtias,false,false,false,true,true,,,0,
central-greece-evia,euboea,276,Paralia Pevki,true,true,true,true,true,63,100,22,
central-greece-evia,euboea,277,Paralia Politikon,false,true,false,true,true,254,,1,
central-greece-evia,euboea,278,Paralia Rodaki,false,false,false,true,true,,,0,
central-greece-evia,euboea,279,Paralia Skiathou,false,false,false,true,true,,,0,
central-greece-evia,euboea,280,Paralia tsirmokokkala,false,true,false,true,true,,,0,
central-greece-evia,euboea,281,Paralia Farou,false,true,false,true,true,59,,123,
central-greece-evia,euboea,282,Paralia Figia,true,true,true,true,true,419,,2,
central-greece-evia,euboea,283,Paralia Psaropouli/Vasilikon,true,true,true,true,true,624,,2,
central-greece-evia,euboea,284,Pelagos,false,true,false,true,true,602,,3,
central-greece-evia,euboea,285,Pera Katsouli,false,false,false,true,true,,,0,
central-greece-evia,euboea,286,Petali,false,true,false,true,true,150,,3,
central-greece-evia,euboea,287,Pinelopi,false,false,false,true,true,,,0,
central-greece-evia,euboea,288,Piso Sykia,false,false,false,true,true,,,0,
central-greece-evia,euboea,289,Platys Gialos,false,false,false,true,true,,,0,
central-greece-evia,euboea,290,Porto Lafia,false,true,false,true,true,,,0,
central-greece-evia,euboea,291,Porto Pevko,true,true,true,true,true,,,0,
central-greece-evia,euboea,292,Potami Karystou,false,false,false,true,true,169,,4,
central-greece-evia,euboea,293,Potami Vlachias,false,false,false,true,true,,,0,
central-greece-evia,euboea,294,Prasidi,false,true,false,true,true,,,0,
central-greece-evia,euboea,295,Rodies,false,true,false,true,true,33,,17,
central-greece-evia,euboea,296,Sarakiniko Vlachias,false,false,false,true,true,,,0,
central-greece-evia,euboea,297,Sarakiniko Agias Annas,false,false,false,true,true,344,,18,
central-greece-evia,euboea,298,Sgoura,false,false,false,true,true,,,0,
central-greece-evia,euboea,299,Souvala,false,true,false,true,true,95,,209,
central-greece-evia,euboea,300,Sourza Bout,false,false,false,true,true,593,,2,
central-greece-evia,euboea,301,Soutsini,true,true,false,true,true,55,,3,
central-greece-evia,euboea,302,Spitha,false,false,false,true,true,719,,3,
central-greece-evia,euboea,303,Steni,false,false,false,true,true,43,,9,
central-greece-evia,euboea,304,Stomio,true,true,true,true,true,,,0,
central-greece-evia,euboea,305,Sykies,false,true,false,true,true,87,,121,
central-greece-evia,euboea,306,Schinodavlia,false,false,false,true,true,70,,2,
central-greece-evia,euboea,307,Triantafyllenia,false,false,false,true,true,,,0,
central-greece-evia,euboea,308,Tsilaros,true,true,false,true,true,,,0,
central-greece-evia,euboea,309,Tsokaiti,false,true,false,true,true,,,0,
central-greece-evia,euboea,310,Cheromylos,false,false,false,true,true,,,0,
central-greece-evia,euboea,311,Chiliadou,false,true,false,true,true,29,37,24,
central-greece-evia,euboea,312,Chiliadou paralia Gymniston,false,false,false,true,true,399,,16,
central-greece-evia,euboea,313,Chrysi akti,true,true,false,true,true,32,,2,
central-greece-evia,euboea,314,Psili Ammos,true,true,true,true,true,20,10,37,
central-greece-evia,euboea,3062,Almyrichi,false,false,false,true,true,,,0,
central-greece-fokida-mainland,mainland_central,336,Agios Vasilios,true,true,true,true,true,62,,1,
central-greece-fokida-mainland,mainland_central,337,Agios Isidoros,true,true,true,true,true,,52,4,
central-greece-fokida-mainland,mainland_central,338,Akti Vrachakia,false,false,false,true,true,395,,3,
central-greece-fokida-mainland,mainland_central,339,Aspra Chalikia,false,false,false,true,true,,,0,
central-greece-fokida-mainland,mainland_central,340,Giannakis,false,true,false,true,true,498,,48,
central-greece-fokida-mainland,mainland_central,341,Kalafatis,true,true,true,true,true,120,,5,
central-greece-fokida-mainland,mainland_central,342,Kapsales,false,false,false,true,true,,,0,
central-greece-fokida-mainland,mainland_central,343,Kentri,false,false,false,true,true,658,,20,
central-greece-fokida-mainland,mainland_central,344,Kokkina Chalikia,false,false,false,true,true,,,0,
central-greece-fokida-mainland,mainland_central,345,Marathias,true,true,false,true,true,94,,14,
central-greece-fokida-mainland,mainland_central,346,Monia,false,true,false,true,true,257,,62,
central-greece-fokida-mainland,mainland_central,347,Monolithos,false,false,false,true,true,,,0,
central-greece-fokida-mainland,mainland_central,348,Paralia Agiou Andrea,false,false,false,true,true,,,0,
central-greece-fokida-mainland,mainland_central,349,Paralia Agiou Mina,false,true,false,true,true,,,0,
central-greece-fokida-mainland,mainland_central,350,Paralia Chiliadou,true,true,true,true,true,69,,8,
central-greece-fokida-mainland,mainland_central,351,Paralia Asteri,false,false,false,true,true,,,0,
central-greece-fokida-mainland,mainland_central,352,Paralia Sergoulas,true,true,true,true,true,757,,1,
central-greece-fokida-mainland,mainland_central,353,Skaloma,false,true,false,true,true,110,,5,
central-greece-fokida-mainland,mainland_central,354,Skoules Mikri kai Megali,false,false,false,true,true,226,,62,
central-greece-fokida-mainland,mainland_central,3030,Dorida Eratini,false,false,false,true,true,55,,9,
central-greece-fthiotida-mainland,mainland_central,355,Ai Giannis,false,true,false,true,true,,,0,
central-greece-fthiotida-mainland,mainland_central,356,Agionero,false,true,false,true,true,,,0,
central-greece-fthiotida-mainland,mainland_central,357,Vivos,false,true,false,true,true,,,0,
central-greece-fthiotida-mainland,mainland_central,358,Kedros,false,true,false,true,true,,,1,
central-greece-fthiotida-mainland,mainland_central,359,Karavomylos,false,true,false,true,true,236,0,6,
central-greece-fthiotida-mainland,mainland_central,360,Megali Souvala,false,false,false,true,true,,,2,
central-greece-fthiotida-mainland,mainland_central,361,Mikri Souvala,false,false,false,true,true,466,,3,
central-greece-fthiotida-mainland,mainland_central,362,Paralia Agiou Georgiou Pelasgias,false,true,false,true,true,,,1,
central-greece-fthiotida-mainland,mainland_central,363,Paralia Agiou Nikolaou,false,false,false,true,true,,,2,
central-greece-fthiotida-mainland,mainland_central,364,Paralia Agiou Serafim,false,true,false,true,true,,,0,
central-greece-fthiotida-mainland,mainland_central,365,Paralia Vougiouklaki,false,true,false,true,true,,,0,
central-greece-fthiotida-mainland,mainland_central,366,Paralia Kanapitsa,false,false,false,true,true,,,2,
central-greece-fthiotida-mainland,mainland_central,367,Paralia Traganas,false,true,false,true,true,,,0,
central-greece-fthiotida-mainland,mainland_central,368,Paralia Triantafyllias,false,false,false,true,true,,,2,
central-greece-fthiotida-mainland,mainland_central,369,Schinia,false,false,false,true,true,,,0,
central-greece-fthiotida-mainland,mainland_central,370,Flisvos Plaz,true,true,true,true,true,,,0,
central-greece-fthiotida-mainland,mainland_central,3063,FAPRIKEZAiNA,false,false,false,true,true,,,0,
central-greece-fthiotida-mainland,mainland_central,3064,Dermária,false,false,false,true,true,,,0,
central-greece-skyros,sporades,315,Glyfada,false,false,false,true,true,,,0,
central-greece-skyros,sporades,316,Renes,false,false,false,true,true,,,0,
central-greece-skyros,sporades,317,Kalamitsa,false,true,false,true,true,,,0,
central-greece-skyros,sporades,318,Fokiotrypa,false,false,false,true,true,783,,1,
central-greece-skyros,sporades,319,Acherounes,false,true,false,true,true,77,,2,
central-greece-skyros,sporades,320,Pevkos,false,true,false,true,true,302,,2,
central-greece-skyros,sporades,321,Achilli,true,false,true,true,true,,,0,
central-greece-skyros,sporades,322,Agios Fokas,false,true,false,true,true,47,,1,
central-greece-skyros,sporades,323,Basales,false,false,false,true,true,,,0,
central-greece-skyros,sporades,324,Petritsa,false,true,false,true,true,,,0,
central-greece-skyros,sporades,325,Magazia,true,true,true,true,true,40,,18,
central-greece-skyros,sporades,326,Molos,true,true,true,true,true,180,,9,
central-greece-skyros,sporades,327,Pouria,false,false,false,true,true,146,,4,
central-greece-skyros,sporades,328,Gyrismata,true,true,true,true,true,192,,3,
central-greece-skyros,sporades,329,Kalogria,false,false,false,true,true,157,,2,
central-greece-skyros,sporades,330,Kareflou,false,false,true,true,true,,,0,
central-greece-skyros,sporades,331,Mikri Agalipa,false,false,false,true,true,,,0,
central-greece-skyros,sporades,332,Palamari,false,false,false,true,true,,,2,
central-greece-skyros,sporades,333,Agalipa,false,false,false,true,true,,,0,
central-greece-skyros,sporades,334,Agios Petros,false,true,false,true,true,,,1,
central-greece-skyros,sporades,335,Markesi,false,false,false,true,true,,,1,
central-greece-viotia-mainland,mainland_central,371,Agios Nikolaos,false,true,false,true,true,177,,6,
central-greece-viotia-mainland,mainland_central,372,Gyalini Ammos,false,false,false,true,true,,,0,
central-greece-viotia-mainland,mainland_central,373,Zaltsa,false,false,false,true,true,,,0,
central-greece-viotia-mainland,mainland_central,374,Laimos,false,true,false,true,true,,,0,
central-greece-viotia-mainland,mainland_central,375,Paralia Koromili,false,true,false,true,true,,,0,
central-greece-viotia-mainland,mainland_central,376,Paralia Livadostras,true,true,true,true,true,70,,1,
central-greece-viotia-mainland,mainland_central,377,Paralia Saranti,false,true,false,true,true,25,,10,
central-greece-viotia-mainland,mainland_central,3031,Tanagra Dilesi,false,false,false,true,true,,,0,
central-macedonia-halkidiki-mainland,mainland_macedonia,378,Achlada,false,false,false,true,true,426,546,61,
central-macedonia-halkidiki-mainland,mainland_macedonia,379,Agios Georgios,true,true,true,true,true,54,,2,
central-macedonia-halkidiki-mainland,mainland_macedonia,380,Agios Nikolaos,false,true,false,true,true,,,0,
central-macedonia-halkidiki-mainland,mainland_macedonia,381,Paralia Pevkochoriou,true,true,true,true,true,29,188,14,
central-macedonia-halkidiki-mainland,mainland_macedonia,382,Agridia,true,true,true,true,true,34,,9,
central-macedonia-halkidiki-mainland,mainland_macedonia,383,Akti Kalogrias,true,true,true,true,true,183,70,16,
central-macedonia-halkidiki-mainland,mainland_macedonia,384,Babylon,false,true,false,true,true,,,3,
central-macedonia-halkidiki-mainland,mainland_macedonia,385,Biancoblusarti,true,true,true,true,true,26,0,128,
central-macedonia-halkidiki-mainland,mainland_macedonia,386,Blue Dream,true,true,false,true,true,195,760,57,
central-macedonia-halkidiki-mainland,mainland_macedonia,387,Brounou,false,false,false,true,true,752,,60,
central-macedonia-halkidiki-mainland,mainland_macedonia,388,Castello,true,true,true,true,true,39,,3,
central-macedonia-halkidiki-mainland,mainland_macedonia,389,Chrysi Ammoudia,false,true,false,true,true,501,,2,
central-macedonia-halkidiki-mainland,mainland_macedonia,390,Diaporti,false,false,false,true,true,679,,2,
central-macedonia-halkidiki-mainland,mainland_macedonia,391,Dimotiki Plaz 1,true,true,true,true,true,678,527,16,
central-macedonia-halkidiki-mainland,mainland_macedonia,392,Dimotiki Plaz 2,true,true,true,true,true,210,57,74,
central-macedonia-halkidiki-mainland,mainland_macedonia,393,Dimotiki Plaz 3,true,true,true,true,true,39,20,74,
central-macedonia-halkidiki-mainland,mainland_macedonia,394,Drenia,true,true,true,true,true,33,,3,
central-macedonia-halkidiki-mainland,mainland_macedonia,395,Faka,false,false,false,true,true,,,0,
central-macedonia-halkidiki-mainland,mainland_macedonia,396,Goa,true,true,true,true,true,55,,3,
central-macedonia-halkidiki-mainland,mainland_macedonia,397,Golden,true,true,true,true,true,376,,5,
central-macedonia-halkidiki-mainland,mainland_macedonia,398,Griavas,false,false,false,true,true,608,,6,
central-macedonia-halkidiki-mainland,mainland_macedonia,399,Hanioti,true,true,true,true,true,181,,23,
central-macedonia-halkidiki-mainland,mainland_macedonia,400,Paralia Gerakinis,true,true,true,true,true,60,0,35,
central-macedonia-halkidiki-mainland,mainland_macedonia,401,Iliovasilema,false,false,false,true,true,,,0,
central-macedonia-halkidiki-mainland,mainland_macedonia,402,Paralia Neas Potidaias,true,true,true,true,true,709,,10,
central-macedonia-halkidiki-mainland,mainland_macedonia,403,Kakoudia,false,false,true,true,true,,,0,
central-macedonia-halkidiki-mainland,mainland_macedonia,404,Kalamitsi,true,true,true,true,true,98,86,25,
central-macedonia-halkidiki-mainland,mainland_macedonia,405,Kallithea,true,true,true,true,true,238,,25,
central-macedonia-halkidiki-mainland,mainland_macedonia,406,Kalopigado,false,false,false,true,true,298,,28,
central-macedonia-halkidiki-mainland,mainland_macedonia,407,Karagatsia,true,true,true,true,true,,,1,
central-macedonia-halkidiki-mainland,mainland_macedonia,408,Kavouri,false,false,false,true,true,,,0,
central-macedonia-halkidiki-mainland,mainland_macedonia,409,Kavourotrypes,true,true,true,true,true,43,,13,
central-macedonia-halkidiki-mainland,mainland_macedonia,410,Kefalas,false,false,true,true,true,,293,27,
central-macedonia-halkidiki-mainland,mainland_macedonia,411,Klimataria,true,true,true,true,true,52,,4,
central-macedonia-halkidiki-mainland,mainland_macedonia,412,Komitsa,true,true,true,true,true,458,,2,
central-macedonia-halkidiki-mainland,mainland_macedonia,413,Kristina,false,true,false,true,true,298,6,9,
central-macedonia-halkidiki-mainland,mainland_macedonia,414,Kryfos Paradeisos,false,false,false,true,true,301,,8,
central-macedonia-halkidiki-mainland,mainland_macedonia,415,Lagomandra,true,true,true,true,true,77,0,26,
central-macedonia-halkidiki-mainland,mainland_macedonia,416,Lagoon,true,true,true,true,true,223,0,3,
central-macedonia-halkidiki-mainland,mainland_macedonia,417,Lemos,false,false,false,true,true,,,0,
central-macedonia-halkidiki-mainland,mainland_macedonia,418,Likithos,true,true,true,true,true,64,626,8,
central-macedonia-halkidiki-mainland,mainland_macedonia,419,Limanaki,false,false,false,true,true,212,,22,
central-macedonia-halkidiki-mainland,mainland_macedonia,420,Limani,false,false,false,true,true,584,,18,
central-macedonia-halkidiki-mainland,mainland_macedonia,421,Linaraki,true,true,true,true,true,44,388,16,
central-macedonia-halkidiki-mainland,mainland_macedonia,422,Liosi,true,true,true,true,true,725,63,10,
central-macedonia-halkidiki-mainland,mainland_macedonia,423,Livadi,false,false,false,true,true,,,0,
central-macedonia-halkidiki-mainland,mainland_macedonia,424,Marathias,false,false,false,true,true,,,0,
central-macedonia-halkidiki-mainland,mainland_macedonia,425,Megali Ammos,false,true,false,true,true,584,,2,
central-macedonia-halkidiki-mainland,mainland_macedonia,426,Mikri Elia,true,true,true,true,true,218,719,28,
central-macedonia-halkidiki-mainland,mainland_macedonia,427,Mileniko,true,true,true,true,true,43,0,13,
central-macedonia-halkidiki-mainland,mainland_macedonia,428,Paralia Ierissou,true,true,true,true,true,,1,4,
central-macedonia-halkidiki-mainland,mainland_macedonia,429,Myti,false,false,false,true,true,601,,6,
central-macedonia-halkidiki-mainland,mainland_macedonia,430,Oneiro,true,true,true,true,true,77,43,3,
central-macedonia-halkidiki-mainland,mainland_macedonia,431,Ouranoupoli,true,true,true,true,true,369,,8,
central-macedonia-halkidiki-mainland,mainland_macedonia,432,Paradisos,true,true,true,true,true,92,,14,
central-macedonia-halkidiki-mainland,mainland_macedonia,433,Paralia Valti,true,true,true,true,true,146,,8,
central-macedonia-halkidiki-mainland,mainland_macedonia,434,Pefkochori,true,true,true,true,true,70,,36,
central-macedonia-halkidiki-mainland,mainland_macedonia,435,Plagia Flogita,true,true,true,true,true,281,246,64,
central-macedonia-halkidiki-mainland,mainland_macedonia,436,Platania,true,true,true,true,true,134,68,31,
central-macedonia-halkidiki-mainland,mainland_macedonia,437,Platanitsi,true,true,true,true,true,,,0,
central-macedonia-halkidiki-mainland,mainland_macedonia,438,Porfi,true,true,true,true,true,45,0,5,
central-macedonia-halkidiki-mainland,mainland_macedonia,439,Porto Elea,true,true,true,true,true,405,265,4,
central-macedonia-halkidiki-mainland,mainland_macedonia,440,Porto Koufo,false,true,false,true,true,314,,1,
central-macedonia-halkidiki-mainland,mainland_macedonia,441,Psakoudia,true,true,true,true,true,104,65,25,
central-macedonia-halkidiki-mainland,mainland_macedonia,442,Sani Hill,false,false,false,true,true,173,0,58,osm-resort-not-claimed
central-macedonia-halkidiki-mainland,mainland_macedonia,443,Sarti,true,true,true,true,true,211,141,110,
central-macedonia-halkidiki-mainland,mainland_macedonia,444,Mikri Paralia,false,false,false,true,true,381,,12,
central-macedonia-halkidiki-mainland,mainland_macedonia,445,Sykia,false,true,false,true,true,350,,9,
central-macedonia-halkidiki-mainland,mainland_macedonia,446,Tigania,true,true,true,true,true,57,617,13,
central-macedonia-halkidiki-mainland,mainland_macedonia,447,Totos,true,true,true,true,true,280,0,21,
central-macedonia-halkidiki-mainland,mainland_macedonia,448,Tourkolimnionas,true,true,true,true,true,34,348,14,
central-macedonia-halkidiki-mainland,mainland_macedonia,449,Trani Ammouda,true,true,true,true,true,239,126,70,
central-macedonia-halkidiki-mainland,mainland_macedonia,450,Tsaska,false,false,false,true,true,,,0,
central-macedonia-halkidiki-mainland,mainland_macedonia,451,Tsifliki,false,false,false,true,true,524,,7,
central-macedonia-halkidiki-mainland,mainland_macedonia,452,Varkes,true,true,true,true,true,133,,41,
central-macedonia-halkidiki-mainland,mainland_macedonia,453,Voreas Limani,false,false,false,true,true,561,525,11,
central-macedonia-halkidiki-mainland,mainland_macedonia,454,Voulitsa,true,true,true,true,true,33,,2,
central-macedonia-halkidiki-mainland,mainland_macedonia,455,Vourvourou,true,true,true,true,true,250,,113,
central-macedonia-halkidiki-mainland,mainland_macedonia,456,Levki Paralia,false,false,false,true,true,,,0,
central-macedonia-halkidiki-mainland,mainland_macedonia,457,Paralia Vergias,true,true,true,true,true,,112,4,
central-macedonia-halkidiki-mainland,mainland_macedonia,458,Paralia Neas Iraklias - Sahara,true,true,true,true,true,632,0,10,
central-macedonia-halkidiki-mainland,mainland_macedonia,459,Paralia Neas Kallikratias,true,true,true,true,true,88,158,24,
central-macedonia-halkidiki-mainland,mainland_macedonia,460,Paralia Nikitis,true,true,true,true,true,36,26,43,
central-macedonia-halkidiki-mainland,mainland_macedonia,461,Paralia Mikro Kastri,false,false,false,true,true,,,3,
central-macedonia-halkidiki-mainland,mainland_macedonia,462,Paralia Stratoni,true,true,true,true,true,210,,9,
central-macedonia-halkidiki-mainland,mainland_macedonia,463,Paralia Kampos (Pyrgadikia),true,true,false,true,true,214,217,2,
central-macedonia-halkidiki-mainland,mainland_macedonia,464,Paralia Livari,false,false,true,true,true,,,31,
central-macedonia-halkidiki-mainland,mainland_macedonia,465,Paralia Salonikiou,true,true,true,true,true,641,443,36,
central-macedonia-halkidiki-mainland,mainland_macedonia,466,Paralia Lagonisi,true,true,true,true,true,119,,92,
central-macedonia-halkidiki-mainland,mainland_macedonia,467,Paralia Toronis,true,true,true,true,true,364,320,16,
central-macedonia-halkidiki-mainland,mainland_macedonia,468,Paralia Tristinika,true,true,false,true,true,597,138,4,
central-macedonia-halkidiki-mainland,mainland_macedonia,469,Paralia Latoura,false,false,true,true,true,606,,112,
central-macedonia-halkidiki-mainland,mainland_macedonia,470,Paralia Kastri,false,false,true,true,true,739,503,7,
central-macedonia-halkidiki-mainland,mainland_macedonia,471,Paralia Agiou Ioanni,true,true,true,true,true,123,117,10,
central-macedonia-halkidiki-mainland,mainland_macedonia,472,Paralia Elani,true,true,true,true,true,136,,6,
central-macedonia-halkidiki-mainland,mainland_macedonia,473,Paralia Avlaki,false,false,false,true,true,,,0,
central-macedonia-halkidiki-mainland,mainland_macedonia,474,Paralia Chrouso,false,false,false,true,true,256,,5,
central-macedonia-halkidiki-mainland,mainland_macedonia,475,Paralia Ampelos,false,false,false,true,true,,,0,
central-macedonia-halkidiki-mainland,mainland_macedonia,476,Paralia Armenistis,true,true,true,true,true,172,,15,
central-macedonia-halkidiki-mainland,mainland_macedonia,477,Paralia Posidi,true,true,true,true,true,100,,5,
central-macedonia-halkidiki-mainland,mainland_macedonia,478,Paralia Anthoupolis,false,false,false,true,true,527,88,8,osm-resort-not-claimed
central-macedonia-halkidiki-mainland,mainland_macedonia,479,Paralia Agiou Mama,true,true,false,true,true,,,0,
central-macedonia-halkidiki-mainland,mainland_macedonia,480,Paralia Elaiona,false,false,false,true,true,,,2,
central-macedonia-halkidiki-mainland,mainland_macedonia,481,Paralia Develiki,true,true,true,true,true,108,310,3,
central-macedonia-halkidiki-mainland,mainland_macedonia,482,Paralia Zepkou,true,false,true,true,true,,,0,
central-macedonia-halkidiki-mainland,mainland_macedonia,483,Paralia Fteroti,false,false,true,true,true,,,14,
central-macedonia-halkidiki-mainland,mainland_macedonia,484,Paralia Schinia,true,false,true,true,true,,,1,
central-macedonia-halkidiki-mainland,mainland_macedonia,485,Paralia Trimi,false,false,false,true,true,,,2,
central-macedonia-halkidiki-mainland,mainland_macedonia,486,Paralia Galini,false,false,false,true,true,306,,21,
central-macedonia-halkidiki-mainland,mainland_macedonia,487,Paralia Bara,false,false,false,true,true,,,4,
central-macedonia-halkidiki-mainland,mainland_macedonia,488,Paralia Spathion,false,false,true,true,true,586,620,4,
central-macedonia-halkidiki-mainland,mainland_macedonia,489,Paralia Mikro Karydi,false,false,false,true,true,235,,115,
central-macedonia-halkidiki-mainland,mainland_macedonia,490,Paralia Karydi,false,false,false,true,true,169,,114,
central-macedonia-halkidiki-mainland,mainland_macedonia,491,Paralia Azapiko,false,false,true,true,true,,,0,
central-macedonia-halkidiki-mainland,mainland_macedonia,492,Paralia Agiou Isidorou,false,false,false,true,true,,,0,
central-macedonia-halkidiki-mainland,mainland_macedonia,493,Paralia Anthemou,false,false,false,true,true,327,87,8,osm-resort-not-claimed
central-macedonia-halkidiki-mainland,mainland_macedonia,494,Paralia Banana,true,true,false,true,true,43,,4,
central-macedonia-halkidiki-mainland,mainland_macedonia,495,Paralia Koutloumousi,false,false,true,true,true,54,,2,
central-macedonia-halkidiki-mainland,mainland_macedonia,496,Paralia Pyrgou,false,false,false,true,true,323,48,22,osm-resort-not-claimed
central-macedonia-halkidiki-mainland,mainland_macedonia,497,Paralia Ormos Panagias,true,true,true,true,true,26,510,114,
central-macedonia-halkidiki-mainland,mainland_macedonia,498,Paralia Koviou,true,false,true,true,true,566,36,13,
central-macedonia-halkidiki-mainland,mainland_macedonia,499,Paralia Fava,false,false,false,true,true,,,28,
central-macedonia-halkidiki-mainland,mainland_macedonia,500,Paralia Alykes,true,true,false,true,true,143,,28,
central-macedonia-halkidiki-mainland,mainland_macedonia,501,Paralia Aretes,true,true,true,true,true,114,,6,
central-macedonia-halkidiki-mainland,mainland_macedonia,502,Sykia Olympiadas,false,false,false,true,true,475,716,37,
central-macedonia-halkidiki-mainland,mainland_macedonia,3007,Ammouliani,false,false,false,true,true,20,,22,
central-macedonia-halkidiki-mainland,mainland_macedonia,3008,Geoponika,false,false,false,true,true,573,533,8,
central-macedonia-halkidiki-mainland,mainland_macedonia,3009,Nea Roda,false,false,false,true,true,170,,9,
central-macedonia-halkidiki-mainland,mainland_macedonia,3018,Nea Flogita,false,false,false,true,true,345,502,52,
central-macedonia-halkidiki-mainland,mainland_macedonia,3088,Mykoniatika,false,false,false,true,true,,0,6,osm-resort-not-claimed
central-macedonia-pieria-mainland,mainland_macedonia,503,Alykes Kitrous,true,true,true,true,true,26,9,2,
central-macedonia-pieria-mainland,mainland_macedonia,504,Alyki,true,true,true,true,true,726,737,2,
central-macedonia-pieria-mainland,mainland_macedonia,505,Paralia Leptokaryas,false,true,false,true,true,434,0,7,
central-macedonia-pieria-mainland,mainland_macedonia,506,Olympiaki Akti,true,true,true,true,true,78,10,27,
central-macedonia-pieria-mainland,mainland_macedonia,507,Panteleimonas,true,true,true,true,true,234,,5,
central-macedonia-pieria-mainland,mainland_macedonia,508,Paralia Katerinis,true,true,true,true,true,209,73,43,
central-macedonia-pieria-mainland,mainland_macedonia,509,Pydna,true,true,true,true,true,119,,5,
central-macedonia-pieria-mainland,mainland_macedonia,510,Skotina,true,true,true,true,true,112,,4,
central-macedonia-pieria-mainland,mainland_macedonia,3097,"Ammos (Alyki Kitrous, Pieria)",false,false,false,true,true,762,,2,
central-macedonia-thessaloniki-area,mainland_macedonia,511,Plaz Aretsous,false,false,false,true,true,68,,50,
central-macedonia-thessaloniki-area,mainland_macedonia,512,Paralia Angelochoriou,true,true,true,true,true,0,,10,
central-macedonia-thessaloniki-area,mainland_macedonia,513,Paralia Agias Triadas,false,true,false,true,true,437,1,9,
central-macedonia-thessaloniki-area,mainland_macedonia,514,Giatrou Tsairi,false,false,false,true,true,,,1,
central-macedonia-thessaloniki-area,mainland_macedonia,515,Paralia Stavrou,true,false,true,true,true,36,0,31,
central-macedonia-thessaloniki-area,mainland_macedonia,516,KAAv Asprovaltas,true,false,true,true,true,483,0,8,
central-macedonia-thessaloniki-area,mainland_macedonia,517,Kroustali,false,false,false,true,true,,,7,
central-macedonia-thessaloniki-area,mainland_macedonia,518,Kyani Akti,false,true,false,true,true,158,,4,
central-macedonia-thessaloniki-area,mainland_macedonia,519,Milies,true,true,true,true,true,112,,13,
central-macedonia-thessaloniki-area,mainland_macedonia,520,Navagio Epanomis,false,true,false,true,true,0,,10,
central-macedonia-thessaloniki-area,mainland_macedonia,521,Paralia Neas Michanionas,true,true,true,true,true,65,,29,
central-macedonia-thessaloniki-area,mainland_macedonia,522,Paralia Neon Vrasnon,true,true,true,true,true,53,60,19,
central-macedonia-thessaloniki-area,mainland_macedonia,523,Patoma,false,false,false,true,true,194,,1,
central-macedonia-thessaloniki-area,mainland_macedonia,524,Paralia Peraias,true,true,true,true,true,101,,44,
central-macedonia-thessaloniki-area,mainland_macedonia,525,Paralia Serraiki Akti,false,true,false,true,true,743,,1,
central-macedonia-thessaloniki-area,mainland_macedonia,526,Trapezi,false,false,false,true,true,,,6,
crete-crete-chania,crete,527,Argilos,false,false,false,true,true,744,,2,
crete-crete-chania,crete,528,Voulolimni,false,false,false,true,true,499,,17,
crete-crete-chania,crete,529,Vrysi,true,false,true,true,true,41,,24,
crete-crete-chania,crete,530,Gialiskari,true,true,true,true,true,37,,8,
crete-crete-chania,crete,531,Kalamaki,true,false,true,true,true,49,,14,
crete-crete-chania,crete,532,Kalyvaki,true,false,true,true,true,51,45,68,
crete-crete-chania,crete,533,Kouloura,false,false,false,true,true,319,,12,
crete-crete-chania,crete,534,Krios,true,false,true,true,true,98,107,6,
crete-crete-chania,crete,535,Kyani Akti,true,true,true,true,true,203,,15,
crete-crete-chania,crete,536,Levki Paralia,false,false,false,true,true,486,,12,
crete-crete-chania,crete,537,Loutraki,true,false,true,true,true,23,94,4,
crete-crete-chania,crete,538,Lykos,false,false,false,true,true,20,,10,
crete-crete-chania,crete,539,Marathi,true,false,true,true,true,68,,7,
crete-crete-chania,crete,540,Mavros Molos,true,false,true,true,true,91,,45,
crete-crete-chania,crete,541,Machairida,false,false,false,true,true,779,,2,
crete-crete-chania,crete,542,Methexis,true,true,true,true,true,39,588,133,
crete-crete-chania,crete,543,Menies (Diktynna),false,false,false,true,true,,,0,
crete-crete-chania,crete,544,Nea Chora,true,false,true,true,true,110,,62,
crete-crete-chania,crete,545,Orthi Ammos,true,false,true,true,true,223,,15,
crete-crete-chania,crete,546,Paralia Agia Marina,true,false,true,true,true,82,,55,
crete-crete-chania,crete,547,Paralia Agiou Charalampous,true,false,true,true,true,600,,6,
crete-crete-chania,crete,548,Paralia Agion Apostolon,true,true,true,true,true,87,,77,
crete-crete-chania,crete,549,Paralia Vlite,false,false,false,true,true,429,,8,
crete-crete-chania,crete,550,Paralia Glyka Nera,true,false,true,true,true,136,,4,
crete-crete-chania,crete,551,Paralia Domata,false,false,false,true,true,,,0,
crete-crete-chania,crete,552,Paralia Thanasis,false,false,false,true,true,20,,6,
crete-crete-chania,crete,553,Paralia Kalamia,false,false,false,true,true,,,4,
crete-crete-chania,crete,554,Paralia Koum Kapi (Kum Kapisi),false,false,false,true,true,33,,129,
crete-crete-chania,crete,555,Paralia Koutalas,false,false,false,true,true,,,1,
crete-crete-chania,crete,556,Paralia Koutelos,false,false,false,true,true,44,,1,
crete-crete-chania,crete,557,Paralia Lakki,false,false,false,true,true,153,,5,
crete-crete-chania,crete,558,Paralia Lissos,false,false,false,true,true,,,0,
crete-crete-chania,crete,559,Paralia Marmara,true,false,true,true,true,35,,1,
crete-crete-chania,crete,560,Paralia Meltemaki,true,true,true,true,true,104,,9,
crete-crete-chania,crete,561,Paralia Plakaki,false,false,false,true,true,,,3,
crete-crete-chania,crete,562,Paralia Sentoni,false,false,false,true,true,,,0,
crete-crete-chania,crete,563,Paralia Telonio,false,false,false,true,true,221,,55,
crete-crete-chania,crete,564,Paralia tou Maleme,true,false,true,true,true,96,,25,
crete-crete-chania,crete,565,Paralia Trachilos,false,false,false,true,true,,,4,
crete-crete-chania,crete,566,Paralia Trochalou,false,false,false,true,true,,,5,
crete-crete-chania,crete,567,Paralia Trypitis,false,false,false,true,true,,,0,
crete-crete-chania,crete,568,Paralia Fragkokastellou,true,false,true,true,true,126,,25,
crete-crete-chania,crete,569,Paralia Chalepa,false,false,false,true,true,51,,12,
crete-crete-chania,crete,570,Paralia Psilos Volakas,true,false,true,true,true,,,5,
crete-crete-chania,crete,571,Paralies Vatalou,false,false,false,true,true,76,,8,
crete-crete-chania,crete,572,Pachia Ammos,false,false,false,true,true,202,148,144,
crete-crete-chania,crete,573,Pachia Ammos Stavrou,true,false,true,true,true,313,,13,
crete-crete-chania,crete,574,Platanias,true,false,true,true,true,67,,50,
crete-crete-chania,crete,575,Rapaniana,true,false,true,true,true,154,797,11,
crete-crete-chania,crete,576,Sitan Limani,false,false,false,true,true,,,2,
crete-crete-chania,crete,577,Sougia,true,false,true,true,true,104,121,23,
crete-crete-chania,crete,578,Sougia (gymniston),false,false,false,true,true,274,569,23,
crete-crete-chania,crete,579,Stavros,true,false,true,true,true,107,,11,
crete-crete-chania,crete,580,Sfakiano Ammoudi,false,false,false,true,true,,,2,
crete-crete-chania,crete,581,Tersanas,true,false,true,true,true,28,,5,
crete-crete-chania,crete,582,Trachili,false,false,false,true,true,203,153,20,
crete-crete-chania,crete,583,Filaki,true,false,true,true,true,24,,4,
crete-crete-chania,crete,584,Chalikia,true,false,true,true,true,80,84,141,
crete-crete-chania,crete,585,Afrata,true,false,true,true,true,,,1,
crete-crete-chania,crete,586,Aghios Pavlos Beach,false,false,false,true,true,,,0,
crete-crete-chania,crete,587,Agios Onoufrios,true,false,true,true,true,,,0,
crete-crete-chania,crete,588,Alonaki,true,false,true,true,true,233,284,22,
crete-crete-chania,crete,589,Ammos,true,true,true,true,true,62,0,20,
crete-crete-chania,crete,590,Aptera,true,true,true,true,true,50,,61,
crete-crete-chania,crete,591,Aspri Limni,false,false,false,true,true,,,3,
crete-crete-chania,crete,592,Astropelekitá,false,false,false,true,true,,,0,
crete-crete-chania,crete,593,Balos,false,true,false,true,true,230,,1,
crete-crete-chania,crete,594,Chrysi Akti,true,false,true,true,true,140,,68,
crete-crete-chania,crete,595,Elafonisi,true,true,true,true,true,,,0,
crete-crete-chania,crete,596,Falasarna,true,false,true,true,true,182,75,13,
crete-crete-chania,crete,597,Finikas,false,false,false,true,true,31,,29,
crete-crete-chania,crete,598,Georgioupoli,true,false,true,true,true,86,57,28,
crete-crete-chania,crete,599,Grammeno,false,true,false,true,true,125,205,20,
crete-crete-chania,crete,600,Ilingas,false,false,false,true,true,54,,1,
crete-crete-chania,crete,601,Kalami,true,false,true,true,true,196,,9,
crete-crete-chania,crete,602,Kalathas,true,false,true,true,true,57,,15,
crete-crete-chania,crete,603,Kalyves,true,false,true,true,true,76,,27,
crete-crete-chania,crete,604,Kedrodasos,false,false,false,true,true,770,,5,
crete-crete-chania,crete,605,Kera,true,false,true,true,true,37,,4,
crete-crete-chania,crete,606,Limnionari,false,false,false,true,true,,,0,
crete-crete-chania,crete,607,Platanakia,false,false,false,true,true,717,,3,
crete-crete-chania,crete,608,Stomio beach,false,false,false,true,true,185,,1,
crete-crete-chania,crete,609,Tavronitis,true,false,true,true,true,465,,5,
crete-crete-chania,crete,610,Timios Stavros beach,false,false,false,true,true,651,,4,
crete-crete-chania,crete,3032,Apokoronou Almyrida,false,false,false,true,true,34,,28,
crete-crete-chania,crete,3065,Nopigia Beach,false,false,false,true,true,,,1,
crete-crete-chania,crete,3076,Korfalonas Beach,false,false,false,true,true,345,28,6,osm-resort-not-claimed
crete-crete-chania,crete,3077,Paralia Drapanias,false,false,false,true,true,204,,4,
crete-crete-heraklion,crete,620,Afrathia,false,false,false,true,true,526,,3,
crete-crete-heraklion,crete,621,Agiofarango,false,false,false,true,true,,,0,
crete-crete-heraklion,crete,622,Fodele,false,true,false,true,true,53,,9,
crete-crete-heraklion,crete,623,Karavovrysi,false,false,false,true,true,317,,2,
crete-crete-heraklion,crete,624,Kokkini Ammos,true,true,true,true,true,60,,33,
crete-crete-heraklion,crete,625,Kommos,true,true,true,true,true,300,,15,
crete-crete-heraklion,crete,626,Matala,true,true,true,true,true,55,,69,
crete-crete-heraklion,crete,627,Martsalo,false,false,false,true,true,,,0,
crete-crete-heraklion,crete,628,Poros,false,false,false,true,true,,,0,
crete-crete-heraklion,crete,629,Psili Ammos,false,false,false,true,true,,,1,
crete-crete-heraklion,crete,630,Trafoulas,false,false,false,true,true,,,1,
crete-crete-heraklion,crete,631,Trypiti,false,true,false,true,true,77,,3,
crete-crete-heraklion,crete,632,Vathy,false,false,false,true,true,,,0,
crete-crete-heraklion,crete,633,Ammoudara,true,true,true,true,true,84,,16,
crete-crete-heraklion,crete,634,Karteros,true,true,true,true,true,229,,19,
crete-crete-heraklion,crete,635,Agia Pelagia,true,true,true,true,true,59,,44,
crete-crete-heraklion,crete,636,Lygaria,true,true,true,true,true,79,,10,
crete-crete-heraklion,crete,637,Mononavtis,true,true,true,true,true,19,,18,
crete-crete-heraklion,crete,638,Psaromoura,true,true,true,true,true,89,,43,
crete-crete-heraklion,crete,639,Made,true,true,true,true,true,58,,14,
crete-crete-heraklion,crete,640,Palaiokastro,true,true,true,true,true,,,0,
crete-crete-heraklion,crete,641,Kokkini Chani,true,true,true,true,true,288,,15,
crete-crete-heraklion,crete,642,Gouves,true,true,true,true,true,36,,88,
crete-crete-heraklion,crete,643,Analipsi,true,true,true,true,true,61,,100,
crete-crete-heraklion,crete,644,Limanakia Chersonisou,true,true,true,true,true,50,,35,
crete-crete-heraklion,crete,645,Stalida,true,true,true,true,true,57,,65,
crete-crete-heraklion,crete,646,Malia,true,true,true,true,true,52,415,89,
crete-crete-heraklion,crete,647,Potamos Malias,true,true,true,true,true,166,,12,
crete-crete-heraklion,crete,648,Paralia Krasa,false,false,false,true,true,,,1,
crete-crete-heraklion,crete,649,Katalyki,false,false,false,true,true,97,,12,
crete-crete-heraklion,crete,650,Listis,false,false,false,true,true,,,2,
crete-crete-heraklion,crete,651,Keratokambos,false,false,false,true,true,,,0,
crete-crete-heraklion,crete,652,Koudoumas,false,false,false,true,true,,,0,
crete-crete-heraklion,crete,653,Aliori,false,false,false,true,true,182,,2,
crete-crete-heraklion,crete,654,Star Beach,true,true,true,true,true,35,,50,
crete-crete-heraklion,crete,655,Pera Galini,false,false,false,true,true,,,0,
crete-crete-heraklion,crete,656,Kokkines Plakes,false,false,false,true,true,,,2,
crete-crete-heraklion,crete,657,Macha,false,false,false,true,true,,,2,
crete-crete-heraklion,crete,658,Leprias,false,false,false,true,true,,,0,
crete-crete-heraklion,crete,659,Katarti,false,false,false,true,true,,,0,
crete-crete-heraklion,crete,660,Elygia,false,false,false,true,true,293,,3,
crete-crete-heraklion,crete,661,Skouros,false,false,false,true,true,389,,3,
crete-crete-heraklion,crete,662,Stena,false,false,false,true,true,540,,10,
crete-crete-heraklion,crete,663,Maridaki,false,false,false,true,true,,,0,
crete-crete-heraklion,crete,664,Glykos Kolympos,false,false,false,true,true,,,0,
crete-crete-heraklion,crete,665,Salamias,false,false,false,true,true,,,0,
crete-crete-heraklion,crete,666,Agios Nikitas,false,false,false,true,true,,,0,
crete-crete-heraklion,crete,667,Makria Ammos,false,false,false,true,true,319,,8,
crete-crete-heraklion,crete,668,Chrysostomos,false,false,false,true,true,,,2,
crete-crete-heraklion,crete,669,Pantanassa,false,false,false,true,true,620,,1,
crete-crete-heraklion,crete,670,Sarantari,true,true,true,true,true,123,,36,
crete-crete-heraklion,crete,671,Psili Ammos Kalon Limenon,false,false,false,true,true,188,,12,
crete-crete-heraklion,crete,3033,Chersonisos Agkisaras,false,false,false,true,true,45,,127,
crete-crete-lasithi,crete,716,Agia Fotia,false,true,false,true,true,63,,3,
crete-crete-lasithi,crete,717,Agios Panteleimonas,false,true,false,true,true,441,,15,
crete-crete-lasithi,crete,718,Atherina,false,false,false,true,true,,,0,
crete-crete-lasithi,crete,719,Alatsolimni,false,false,false,true,true,609,,8,
crete-crete-lasithi,crete,720,Almyros,true,true,true,true,true,65,,27,
crete-crete-lasithi,crete,721,Ammos Agiou Nikolaou,true,true,true,true,true,29,,291,
crete-crete-lasithi,crete,722,Ammos Xerokampou,false,true,false,true,true,,,0,
crete-crete-lasithi,crete,723,Ammoudi,true,true,true,true,true,26,,78,
crete-crete-lasithi,crete,724,Anaskelou,false,false,false,true,true,300,,2,
crete-crete-lasithi,crete,725,Argilos,false,false,false,true,true,335,,27,
crete-crete-lasithi,crete,726,Aspes,false,false,false,true,true,453,,36,
crete-crete-lasithi,crete,727,Avlaki,false,false,false,true,true,249,,42,
crete-crete-lasithi,crete,728,Vagi,false,false,false,true,true,,,6,
crete-crete-lasithi,crete,729,Vagkes,false,false,false,true,true,764,,2,
crete-crete-lasithi,crete,730,Vai,true,true,true,true,true,144,80,16,
crete-crete-lasithi,crete,731,Vlychada Xerokampou,false,false,false,true,true,,,0,
crete-crete-lasithi,crete,732,Volia,false,true,false,true,true,32,,42,
crete-crete-lasithi,crete,733,Voulisma,true,true,true,true,true,157,,20,
crete-crete-lasithi,crete,734,Vourlia,false,false,false,true,true,57,,29,
crete-crete-lasithi,crete,735,Vryonisi,false,false,false,true,true,745,,3,
crete-crete-lasithi,crete,736,Gerontolakkos,false,false,false,true,true,456,,23,
crete-crete-lasithi,crete,737,Dianiskari,false,false,false,true,true,389,,11,
crete-crete-lasithi,crete,738,Diaskari,false,true,false,true,true,761,,6,
crete-crete-lasithi,crete,739,Tholos,true,true,true,true,true,82,,5,
crete-crete-lasithi,crete,740,Itanos,false,false,false,true,true,,,1,
crete-crete-lasithi,crete,741,Kakkos,false,false,false,true,true,184,462,24,
crete-crete-lasithi,crete,742,Kalami,false,false,false,true,true,,,0,
crete-crete-lasithi,crete,743,Karavostasi,true,true,true,true,true,239,,7,
crete-crete-lasithi,crete,744,Karoumes,false,false,false,true,true,,,0,
crete-crete-lasithi,crete,745,Kataprosopo,false,false,false,true,true,,,0,
crete-crete-lasithi,crete,746,Kitroplatia,true,true,true,true,true,40,,266,
crete-crete-lasithi,crete,747,Kolokytha,false,false,false,true,true,,,6,
crete-crete-lasithi,crete,748,Kouremenos,true,true,true,true,true,228,,7,
crete-crete-lasithi,crete,749,Krinakia,false,false,false,true,true,,,2,
crete-crete-lasithi,crete,750,Lagkada,false,true,false,true,true,,,0,
crete-crete-lasithi,crete,751,Livari,false,false,false,true,true,,,0,
crete-crete-lasithi,crete,752,Mazida Ammos,false,false,false,true,true,,,4,
crete-crete-lasithi,crete,753,Maridati,false,true,false,true,true,264,,3,
crete-crete-lasithi,crete,754,Moni Kapsa,false,false,false,true,true,,,2,
crete-crete-lasithi,crete,755,Balos Elountas,false,false,false,true,true,300,,36,
crete-crete-lasithi,crete,756,Belegrina,false,false,false,true,true,620,,2,
crete-crete-lasithi,crete,757,Botzalaki,false,false,false,true,true,644,,2,
crete-crete-lasithi,crete,758,Boufos,false,true,false,true,true,108,,90,
crete-crete-lasithi,crete,759,Paralia Vlychadia,false,false,false,true,true,436,,1,
crete-crete-lasithi,crete,760,Paralia Richti,false,false,false,true,true,666,,2,
crete-crete-lasithi,crete,761,Paralia tis Grias to Pidima,false,false,false,true,true,583,,5,
crete-crete-lasithi,crete,762,Pelekiti,false,false,false,true,true,,,0,
crete-crete-lasithi,crete,763,Plaka,false,true,false,true,true,13,,42,
crete-crete-lasithi,crete,764,Plaka Elountas,false,true,false,true,true,114,,31,
crete-crete-lasithi,crete,765,Potamos Xerokampou,false,false,false,true,true,,,2,
crete-crete-lasithi,crete,766,Skinias,false,false,false,true,true,,,0,
crete-crete-lasithi,crete,767,Schisma,true,true,true,true,true,76,,61,
crete-crete-lasithi,crete,768,Chavania,true,true,true,true,true,66,,22,
crete-crete-lasithi,crete,769,Chiona Xerokampou,false,false,false,true,true,255,,27,
crete-crete-lasithi,crete,770,Chiona Palaikastrou,false,true,false,true,true,158,,6,
crete-crete-lasithi,crete,771,Psili Ammos Vai,false,true,false,true,true,251,345,16,
crete-crete-lasithi,crete,772,Palaria,false,false,false,true,true,27,,7,
crete-crete-lasithi,crete,773,Palm Bay Beach,false,false,false,true,true,84,,91,
crete-crete-lasithi,crete,774,Trachilias Beach,false,false,false,true,true,,,0,
crete-crete-lasithi,crete,3010,Elounta,false,false,false,true,true,271,,11,
crete-crete-rethymno,crete,672,Agia Marina,false,false,false,true,true,214,,2,
crete-crete-rethymno,crete,673,Agios Georgios,false,true,false,true,true,66,,3,
crete-crete-rethymno,crete,674,Ammolofi Agiou Pavlou,true,true,true,true,true,190,,16,
crete-crete-rethymno,crete,675,Varkotopos,false,true,false,true,true,39,0,98,
crete-crete-rethymno,crete,676,Vlychi Nero,false,true,false,true,true,40,0,76,
crete-crete-rethymno,crete,677,Geropotamos,false,true,false,true,true,65,,36,
crete-crete-rethymno,crete,678,Damnoni,true,true,true,true,true,62,,49,
crete-crete-rethymno,crete,679,Kalypso,true,false,true,true,true,21,,9,
crete-crete-rethymno,crete,680,Karavostasi,false,true,false,true,true,41,753,54,
crete-crete-rethymno,crete,681,Klimata,false,false,false,true,true,343,,12,
crete-crete-rethymno,crete,682,Glima,false,false,false,true,true,736,,4,
crete-crete-rethymno,crete,683,Kokkinos Volakas,false,false,false,true,true,462,,16,
crete-crete-rethymno,crete,684,Korakas,false,false,false,true,true,54,,15,
crete-crete-rethymno,crete,685,Ligkres,false,true,false,true,true,552,,4,
crete-crete-rethymno,crete,686,Limni,false,true,false,true,true,42,,100,
crete-crete-rethymno,crete,687,Mikri Triopetra,false,false,false,true,true,124,,13,
crete-crete-rethymno,crete,688,Mikro Ammoudi,false,true,false,true,true,47,,55,
crete-crete-rethymno,crete,689,Paligkremnos,false,true,false,true,true,232,,30,
crete-crete-rethymno,crete,690,Paralia Anatolika,false,false,false,true,true,,,1,
crete-crete-rethymno,crete,691,Paralia Gialopotama,false,false,false,true,true,704,,4,
crete-crete-rethymno,crete,692,Paralia Dynonisos,true,false,true,true,true,158,,16,
crete-crete-rethymno,crete,693,Paralia Episkopis,true,true,true,true,true,161,140,12,
crete-crete-rethymno,crete,694,Paralia Katevati,false,false,false,true,true,,,1,
crete-crete-rethymno,crete,695,Paralia Katsouni,false,false,false,true,true,325,,4,
crete-crete-rethymno,crete,696,Paralia Kefala,false,false,false,true,true,,,1,
crete-crete-rethymno,crete,697,Paralia Rethymnou,true,true,true,true,true,102,,38,
crete-crete-rethymno,crete,698,Pachia Ammos,false,false,false,true,true,650,,4,
crete-crete-rethymno,crete,699,Peristeres,false,false,false,true,true,87,,31,
crete-crete-rethymno,crete,700,Plakias,true,true,true,true,true,18,,144,
crete-crete-rethymno,crete,701,Podare,false,false,false,true,true,428,,4,
crete-crete-rethymno,crete,702,Polyrizos,false,false,false,true,true,75,,29,
crete-crete-rethymno,crete,703,Prasonisi,false,false,false,true,true,,,0,
crete-crete-rethymno,crete,704,Preveli,true,true,true,true,true,101,,17,
crete-crete-rethymno,crete,705,Skinos,true,true,true,true,true,148,,126,
crete-crete-rethymno,crete,706,Souda,true,true,true,true,true,151,,22,
crete-crete-rethymno,crete,707,Spilies,false,true,false,true,true,48,,10,
crete-crete-rethymno,crete,708,Stavri,false,false,false,true,true,,,0,
crete-crete-rethymno,crete,709,Schinaria,true,true,true,true,true,97,,27,
crete-crete-rethymno,crete,710,Triopetra,true,true,true,true,true,174,,9,
crete-crete-rethymno,crete,711,Finikidia,false,false,false,true,true,70,,17,
crete-crete-rethymno,crete,712,Fotinari,false,false,false,true,true,342,,12,
crete-crete-rethymno,crete,713,Chochlakas,false,false,false,true,true,,,1,
crete-crete-rethymno,crete,714,Livadi beach,true,true,true,true,true,50,0,94,
crete-crete-rethymno,crete,715,Thalassi beach,true,true,true,true,true,263,,3,
crete-crete-rethymno,crete,3011,Rodakino,false,false,false,true,true,54,,15,
crete-crete-rethymno,crete,3019,Agia Galini,false,false,false,true,true,72,,59,
crete-crete-rethymno,crete,3089,Sfagia,false,false,false,true,true,36,,100,
crete-gavdos,crete,611,Trypiti,false,false,false,true,true,,,0,
crete-gavdos,crete,612,Lakkoudi,false,false,false,true,true,,,0,
crete-gavdos,crete,613,Korfos,false,true,false,true,true,41,,2,
crete-gavdos,crete,614,Potamos,false,false,false,true,true,,,0,
crete-gavdos,crete,615,Sarakiniko,false,true,false,true,true,128,,11,
crete-gavdos,crete,616,Pyrgos,false,false,false,true,true,,,0,
crete-gavdos,crete,617,Livas,false,false,false,true,true,52,,4,
crete-gavdos,crete,618,Agios Ioannis,false,true,false,true,true,629,,2,
crete-gavdos,crete,619,Lavrakas,false,false,false,true,true,,,0,
east-macedonia-and-thrace-evros-mainland,mainland_thrace,775,Agios Georgios Makris,true,true,true,true,true,91,,5,
east-macedonia-and-thrace-evros-mainland,mainland_thrace,776,Paralia Neas Chilis,false,true,false,true,true,18,,18,
east-macedonia-and-thrace-evros-mainland,mainland_thrace,777,Dikella - Agia Paraskevi,true,true,true,true,true,384,,8,
east-macedonia-and-thrace-evros-mainland,mainland_thrace,778,Paralia Alexandroupolis,false,true,false,true,true,376,,16,
east-macedonia-and-thrace-kavala-mainland,mainland_macedonia,782,Toska,true,true,true,true,true,,,2,
east-macedonia-and-thrace-kavala-mainland,mainland_macedonia,783,Monastiraki Beach,false,false,false,true,true,,,0,
east-macedonia-and-thrace-kavala-mainland,mainland_macedonia,784,Paralia Neas Iraklitsas,true,true,false,true,true,542,0,5,
east-macedonia-and-thrace-kavala-mainland,mainland_macedonia,785,Paralia Kavalas,true,true,true,true,true,19,0,14,
east-macedonia-and-thrace-kavala-mainland,mainland_macedonia,786,Ammolofi,true,true,true,true,true,764,39,9,
east-macedonia-and-thrace-kavala-mainland,mainland_macedonia,787,Vrasidas,false,true,false,true,true,37,,1,
east-macedonia-and-thrace-kavala-mainland,mainland_macedonia,788,Batis,true,true,true,true,true,36,,16,
east-macedonia-and-thrace-kavala-mainland,mainland_macedonia,789,Nea Karvali,true,false,true,true,true,142,,15,
east-macedonia-and-thrace-kavala-mainland,mainland_macedonia,790,Paralia Gymniston,false,false,false,true,true,,,1,
east-macedonia-and-thrace-kavala-mainland,mainland_macedonia,791,Paralia Karianis,true,true,true,true,true,325,162,4,
east-macedonia-and-thrace-kavala-mainland,mainland_macedonia,792,Paralia Kalamitsas,true,true,true,true,true,157,,30,
east-macedonia-and-thrace-kavala-mainland,mainland_macedonia,793,Paralia Ofryniou,true,true,true,true,true,209,107,25,
east-macedonia-and-thrace-kavala-mainland,mainland_macedonia,794,Remvi,true,true,true,true,true,93,,14,
east-macedonia-and-thrace-kavala-mainland,mainland_macedonia,795,Rapsani,true,true,true,true,true,102,,18,
east-macedonia-and-thrace-kavala-mainland,mainland_macedonia,796,Psatha,true,true,true,true,true,13,,9,
east-macedonia-and-thrace-kavala-mainland,mainland_macedonia,3012,Perigiali,false,false,false,true,true,371,,11,
east-macedonia-and-thrace-kavala-mainland,mainland_macedonia,3066,Paralia Folias,false,false,false,true,true,369,354,5,
east-macedonia-and-thrace-rodopi-mainland,mainland_thrace,797,Marmaritsa,false,false,false,true,true,,,2,
east-macedonia-and-thrace-rodopi-mainland,mainland_thrace,798,Paralia Imerou,false,false,false,true,true,628,,4,
east-macedonia-and-thrace-rodopi-mainland,mainland_thrace,799,Pachynammos,false,false,false,true,true,335,,9,
east-macedonia-and-thrace-rodopi-mainland,mainland_thrace,800,Synaxi,false,false,false,true,true,,,0,
east-macedonia-and-thrace-rodopi-mainland,mainland_thrace,3034,Komotini Paralia Kryoneriou Maronia,false,false,false,true,true,162,,9,
east-macedonia-and-thrace-rodopi-mainland,mainland_thrace,3035,Komotini Fanari Arogi,false,false,false,true,true,118,,6,
east-macedonia-and-thrace-samothraki,north_aegean,779,Vatos,false,false,false,true,true,,,0,
east-macedonia-and-thrace-samothraki,north_aegean,780,Paralia Makrylies,true,true,true,true,true,395,,1,
east-macedonia-and-thrace-samothraki,north_aegean,781,Pachia Ammos,true,true,true,true,true,156,,3,
east-macedonia-and-thrace-thasos,mainland_thrace,801,Atspas,true,true,true,true,true,28,,22,
east-macedonia-and-thrace-thasos,mainland_thrace,802,Agios Antonios,true,true,true,true,true,124,,28,
east-macedonia-and-thrace-thasos,mainland_thrace,803,Agios Ioannis Loukas,true,true,true,true,true,50,,5,
east-macedonia-and-thrace-thasos,mainland_thrace,804,Agia Anna,true,false,true,true,true,610,,2,
east-macedonia-and-thrace-thasos,mainland_thrace,805,Agia Paraskevi,false,false,false,true,true,220,,9,
east-macedonia-and-thrace-thasos,mainland_thrace,806,Alexantra,false,false,false,true,true,141,,44,
east-macedonia-and-thrace-thasos,mainland_thrace,807,Alykes,false,true,false,true,true,50,,12,
east-macedonia-and-thrace-thasos,mainland_thrace,808,Arsanas,true,true,true,true,true,,,3,
east-macedonia-and-thrace-thasos,mainland_thrace,809,Astris,false,true,false,true,true,93,,9,
east-macedonia-and-thrace-thasos,mainland_thrace,810,Thymonia,true,true,true,true,true,487,,4,
east-macedonia-and-thrace-thasos,mainland_thrace,811,Kalami,true,false,true,true,true,,,0,
east-macedonia-and-thrace-thasos,mainland_thrace,812,Kekes,true,false,false,true,true,109,,4,
east-macedonia-and-thrace-thasos,mainland_thrace,813,Livadi,true,false,true,true,true,,,4,
east-macedonia-and-thrace-thasos,mainland_thrace,814,Limenaria,false,true,false,true,true,226,,12,
east-macedonia-and-thrace-thasos,mainland_thrace,815,Metallia,true,true,true,true,true,45,,18,
east-macedonia-and-thrace-thasos,mainland_thrace,816,Mikri paralia,false,false,false,true,true,420,,12,
east-macedonia-and-thrace-thasos,mainland_thrace,817,Notos,true,true,true,true,true,,,0,
east-macedonia-and-thrace-thasos,mainland_thrace,818,Paradisos,true,true,true,true,true,,,5,
east-macedonia-and-thrace-thasos,mainland_thrace,819,Pevkari,true,true,true,true,true,68,,18,
east-macedonia-and-thrace-thasos,mainland_thrace,820,Platana,false,true,false,true,true,56,,22,
east-macedonia-and-thrace-thasos,mainland_thrace,821,Potos,true,true,true,true,true,111,,38,
east-macedonia-and-thrace-thasos,mainland_thrace,822,Rosogkremos,true,true,true,true,true,,,0,
east-macedonia-and-thrace-thasos,mainland_thrace,823,Salonikios,true,false,true,true,true,,,0,
east-macedonia-and-thrace-thasos,mainland_thrace,824,Skala Marion,false,true,false,true,true,29,,22,
east-macedonia-and-thrace-thasos,mainland_thrace,825,Skidia,false,true,false,true,true,178,,4,
east-macedonia-and-thrace-thasos,mainland_thrace,826,Smaragdenia Paralia,false,false,false,true,true,415,,18,
east-macedonia-and-thrace-thasos,mainland_thrace,827,Trypiti,true,true,true,true,true,226,,3,
east-macedonia-and-thrace-thasos,mainland_thrace,828,Fari,false,false,false,true,true,,,0,
east-macedonia-and-thrace-thasos,mainland_thrace,829,Psili Ammos,true,true,true,true,true,37,,8,
east-macedonia-and-thrace-thasos,mainland_thrace,830,Blue Lake,true,true,true,true,true,0,,19,
east-macedonia-and-thrace-thasos,mainland_thrace,831,Hara,true,true,true,true,true,88,,2,
east-macedonia-and-thrace-thasos,mainland_thrace,832,Ilio Mare,true,false,true,true,true,250,,9,
east-macedonia-and-thrace-thasos,mainland_thrace,833,Paralia Glyfada (Thasos),true,true,true,true,true,1,,2,
east-macedonia-and-thrace-thasos,mainland_thrace,834,Agios Vasilios,true,false,true,true,true,227,,40,
east-macedonia-and-thrace-thasos,mainland_thrace,835,Ormos Agiou Ioannou,false,false,false,true,true,,,0,
east-macedonia-and-thrace-thasos,mainland_thrace,836,Vathi,false,false,false,true,true,,,0,
east-macedonia-and-thrace-thasos,mainland_thrace,837,Glykadi,true,true,true,true,true,,,2,
east-macedonia-and-thrace-thasos,mainland_thrace,838,Glyfada,true,true,true,true,true,434,,2,
east-macedonia-and-thrace-thasos,mainland_thrace,839,Glyfoneri,false,true,false,true,true,36,,16,
east-macedonia-and-thrace-thasos,mainland_thrace,840,Dasyllio,true,false,true,true,true,350,110,24,
east-macedonia-and-thrace-thasos,mainland_thrace,841,Karnagio,true,true,false,true,true,37,10,25,
east-macedonia-and-thrace-thasos,mainland_thrace,842,Klisma,true,true,false,true,true,,,0,
east-macedonia-and-thrace-thasos,mainland_thrace,843,Kinyra,false,true,false,true,true,262,,5,
east-macedonia-and-thrace-thasos,mainland_thrace,844,Limanaki,true,true,true,true,true,66,28,31,
east-macedonia-and-thrace-thasos,mainland_thrace,845,Makryammos,false,false,false,true,true,,,0,
east-macedonia-and-thrace-thasos,mainland_thrace,846,Nisteri,true,true,true,true,true,,,4,
east-macedonia-and-thrace-thasos,mainland_thrace,847,Papalimani,true,true,true,true,true,278,,2,
east-macedonia-and-thrace-thasos,mainland_thrace,848,Pachys,true,true,true,true,true,126,,17,
east-macedonia-and-thrace-thasos,mainland_thrace,849,Porto Vathy,true,true,true,true,true,,,4,
east-macedonia-and-thrace-thasos,mainland_thrace,850,Saliara,true,true,true,true,true,,,4,
east-macedonia-and-thrace-thasos,mainland_thrace,851,Skala Kallirachis,false,true,false,true,true,245,,5,
east-macedonia-and-thrace-thasos,mainland_thrace,852,Skala Prinou,false,true,false,true,true,79,631,10,
east-macedonia-and-thrace-thasos,mainland_thrace,853,Skala Rachoni,false,true,false,true,true,100,,22,
east-macedonia-and-thrace-thasos,mainland_thrace,854,Skala Sotiros,true,true,false,true,true,70,,3,
east-macedonia-and-thrace-thasos,mainland_thrace,855,Tarsanas,false,true,false,true,true,79,,35,
east-macedonia-and-thrace-thasos,mainland_thrace,856,Chrysi Akti,false,true,false,true,true,407,,16,
east-macedonia-and-thrace-thasos,mainland_thrace,857,Chrysi Ammoudia,true,true,true,true,true,89,,18,
east-macedonia-and-thrace-thasos,mainland_thrace,3004,Giola,false,true,false,true,true,154,,3,
east-macedonia-and-thrace-xanthi-mainland,mainland_thrace,858,Paralia Myrodatou,true,true,true,true,true,,,0,
east-macedonia-and-thrace-xanthi-mainland,mainland_thrace,859,Paralia Galanis Nestou,false,false,false,true,true,56,,6,
east-macedonia-and-thrace-xanthi-mainland,mainland_thrace,3036,Levkippos Avdira,false,false,false,true,true,,52,1,osm-resort-not-claimed
epirus-arta-mainland,mainland_epirus,860,Paralia Salaoras,false,true,false,true,true,,,1,
epirus-arta-mainland,mainland_epirus,861,Frachtis,true,true,true,true,true,68,,13,
epirus-preveza-mainland,mainland_epirus,862,Artolithia Beach,false,false,false,true,true,,,0,
epirus-preveza-mainland,mainland_epirus,863,Paralia Kanaliou,true,true,true,true,true,187,0,3,
epirus-preveza-mainland,mainland_epirus,864,Agios Sostis,false,false,false,true,true,,,0,
epirus-preveza-mainland,mainland_epirus,865,Ai Giannakis,false,false,false,true,true,28,,2,
epirus-preveza-mainland,mainland_epirus,866,Alonaki Fanariou,false,true,false,true,true,,,0,
epirus-preveza-mainland,mainland_epirus,867,Alonaki Prevezas,false,true,false,true,true,92,,1,
epirus-preveza-mainland,mainland_epirus,868,Kryoneri,false,true,false,true,true,51,,88,
epirus-preveza-mainland,mainland_epirus,869,Kyani Akti,false,true,false,true,true,,,8,
epirus-preveza-mainland,mainland_epirus,870,Monolithi,false,false,false,true,true,389,441,4,
epirus-preveza-mainland,mainland_epirus,871,Piso Kryoneri,false,true,false,true,true,51,,72,
epirus-preveza-mainland,mainland_epirus,872,Pantokratoras,false,true,false,true,true,,,0,
epirus-preveza-mainland,mainland_epirus,873,Paralia Ammoudia,false,true,false,true,true,266,,29,
epirus-preveza-mainland,mainland_epirus,874,Paralia Valtou,true,true,true,true,true,232,202,61,
epirus-preveza-mainland,mainland_epirus,875,Paralia Lychnos,false,true,false,true,true,152,,5,
epirus-preveza-mainland,mainland_epirus,876,Sarakiniko,false,true,false,true,true,64,,7,
epirus-preveza-mainland,mainland_epirus,877,Skala,false,false,false,true,true,57,,2,
epirus-preveza-mainland,mainland_epirus,878,Spartila,false,false,false,true,true,,,0,
epirus-preveza-mainland,mainland_epirus,879,Ormos tou Odyssea,false,false,false,true,true,185,,2,
epirus-preveza-mainland,mainland_epirus,880,Paralia Kalamitsi,false,false,false,true,true,,,0,
epirus-preveza-mainland,mainland_epirus,881,Paralia Mytika,true,true,true,true,true,189,,10,
epirus-preveza-mainland,mainland_epirus,882,Paralia Kastrosykias,false,true,false,true,true,43,,8,
epirus-preveza-mainland,mainland_epirus,883,Paralia Rizon,false,true,false,true,true,357,,2,
epirus-preveza-mainland,mainland_epirus,884,Limnionas,false,false,false,true,true,396,,6,
epirus-preveza-mainland,mainland_epirus,885,Paralia Lygias,false,true,false,true,true,79,,8,
epirus-preveza-mainland,mainland_epirus,886,Paralia Vrachos - Loutsa,true,true,true,true,true,548,,1,
epirus-preveza-mainland,mainland_epirus,887,Kerentza,false,false,false,true,true,471,,1,
epirus-thesprotia-mainland,mainland_epirus,888,Agia Paraskevi,true,true,true,true,true,18,,20,
epirus-thesprotia-mainland,mainland_epirus,889,Agkali,true,true,true,true,true,148,,26,
epirus-thesprotia-mainland,mainland_epirus,890,Arilla,false,true,false,true,true,163,72,12,
epirus-thesprotia-mainland,mainland_epirus,891,Gallikos Molos,true,true,true,true,true,55,,25,
epirus-thesprotia-mainland,mainland_epirus,892,Dei,true,true,true,true,true,288,,1,
epirus-thesprotia-mainland,mainland_epirus,893,Dei plous,false,true,false,true,true,470,,1,
epirus-thesprotia-mainland,mainland_epirus,894,Diapori,false,false,false,true,true,,,2,
epirus-thesprotia-mainland,mainland_epirus,895,Zeri,true,true,true,true,true,161,,11,
epirus-thesprotia-mainland,mainland_epirus,896,Zavia,true,true,true,true,true,32,593,11,
epirus-thesprotia-mainland,mainland_epirus,897,Karvouno,true,true,true,true,true,420,,29,
epirus-thesprotia-mainland,mainland_epirus,898,Kamini,true,true,true,true,true,13,,26,
epirus-thesprotia-mainland,mainland_epirus,899,Karavostasi,true,true,true,true,true,196,,6,
epirus-thesprotia-mainland,mainland_epirus,900,Mega Ammos,true,true,true,true,true,116,36,12,
epirus-thesprotia-mainland,mainland_epirus,901,Mega Drafi,false,true,false,true,true,32,,12,
epirus-thesprotia-mainland,mainland_epirus,902,Mikri Ammos,true,true,true,true,true,50,536,16,
epirus-thesprotia-mainland,mainland_epirus,903,Mikro Drafi,false,false,false,true,true,158,,16,
epirus-thesprotia-mainland,mainland_epirus,904,Mourtemeno,false,false,false,true,true,,,10,
epirus-thesprotia-mainland,mainland_epirus,905,Bela Vraka,false,false,false,true,true,774,,12,
epirus-thesprotia-mainland,mainland_epirus,906,Pana,false,false,false,true,true,795,,12,
epirus-thesprotia-mainland,mainland_epirus,907,Paralia Plataria Beach Hotel,false,true,false,true,true,405,,1,
epirus-thesprotia-mainland,mainland_epirus,908,Paralia Elena,false,true,false,true,true,199,,1,
epirus-thesprotia-mainland,mainland_epirus,909,Paralia Gata,false,true,false,true,true,599,,5,
epirus-thesprotia-mainland,mainland_epirus,910,Paralia Galazios Kolpos,false,true,false,true,true,364,,4,
epirus-thesprotia-mainland,mainland_epirus,911,Paralia Drepano,true,true,true,true,true,271,,14,
epirus-thesprotia-mainland,mainland_epirus,912,Paralia Elia,false,false,false,true,true,340,,2,
epirus-thesprotia-mainland,mainland_epirus,913,Paralia Kalami,false,true,false,true,true,68,,5,
epirus-thesprotia-mainland,mainland_epirus,914,Paralia Katsonisi,false,false,false,true,true,783,,6,
epirus-thesprotia-mainland,mainland_epirus,915,Paralia Kokkinos Vrachos,true,true,false,true,true,334,,2,
epirus-thesprotia-mainland,mainland_epirus,916,Paralia Makrygiali,true,true,true,true,true,65,,2,
epirus-thesprotia-mainland,mainland_epirus,917,Paralia Bouka,true,false,true,true,true,41,,1,
epirus-thesprotia-mainland,mainland_epirus,918,Paralia Navtilos,false,true,false,true,true,90,,5,
epirus-thesprotia-mainland,mainland_epirus,919,Paralia Platarias,false,true,false,true,true,292,,12,
epirus-thesprotia-mainland,mainland_epirus,920,Pisina,false,false,false,true,true,,,0,
epirus-thesprotia-mainland,mainland_epirus,921,Prapa Mali,false,false,false,true,true,,,0,
epirus-thesprotia-mainland,mainland_epirus,922,Sofas,false,true,false,true,true,77,,20,
epirus-thesprotia-mainland,mainland_epirus,923,Stavrolimenas,false,true,false,true,true,405,698,12,
epirus-thesprotia-mainland,mainland_epirus,924,Paralia Kerkyra,false,false,false,true,true,,,0,
epirus-thesprotia-mainland,mainland_epirus,925,Paralia Sagiadas,false,false,false,true,true,349,,7,
epirus-thesprotia-mainland,mainland_epirus,926,Keramidi Beach,true,false,true,true,true,,,1,
ionian-islands-antipaxos,ionian,1043,Sarakiniko,false,false,false,true,true,,,0,
ionian-islands-antipaxos,ionian,1044,Fyki,false,false,false,true,true,,,0,
ionian-islands-antipaxos,ionian,1045,Kalamitsa,false,false,false,true,true,,,0,
ionian-islands-antipaxos,ionian,1046,Skidi,false,false,false,true,true,,,0,
ionian-islands-antipaxos,ionian,1047,Mikro Agni,false,false,false,true,true,,,0,
ionian-islands-antipaxos,ionian,1048,Megalo Agni,false,false,false,true,true,,,0,
ionian-islands-antipaxos,ionian,1049,Rodovani,false,false,false,true,true,,,0,
ionian-islands-antipaxos,ionian,1050,Agriapidia,false,false,false,true,true,540,,2,
ionian-islands-antipaxos,ionian,1051,Rodovanopoulo,false,false,false,true,true,,,0,
ionian-islands-antipaxos,ionian,1052,Plakka,false,false,false,true,true,252,,2,
ionian-islands-antipaxos,ionian,1053,Voutoumi,true,true,true,true,true,101,,4,
ionian-islands-antipaxos,ionian,1054,Mesovrika,false,false,false,true,true,194,,4,
ionian-islands-antipaxos,ionian,1055,Vrika,true,true,true,true,true,41,,4,
ionian-islands-antipaxos,ionian,3090,Spiantza sta Sfoungaria,false,false,false,true,true,,,0,
ionian-islands-corfu,ionian,927,Acquasanta Beach,true,true,true,true,true,266,,15,
ionian-islands-corfu,ionian,928,Agias Triades Beach,false,true,false,true,true,55,,85,
ionian-islands-corfu,ionian,929,Agni Beach,false,true,false,true,true,33,,9,
ionian-islands-corfu,ionian,930,Alipa beach,false,true,false,true,true,13,,115,
ionian-islands-corfu,ionian,931,Alonaki Bay,false,false,false,true,true,62,,4,
ionian-islands-corfu,ionian,932,Benitses beach,false,true,false,true,true,111,,27,
ionian-islands-corfu,ionian,933,Black Rocks Beach,false,false,false,true,true,72,,105,
ionian-islands-corfu,ionian,934,Paralia Agios Petros (Levkimmi),true,true,true,true,true,43,,23,
ionian-islands-corfu,ionian,935,Dafnila Beach,false,false,false,true,true,68,455,23,
ionian-islands-corfu,ionian,936,Dassia Beach,true,true,true,true,true,118,,45,
ionian-islands-corfu,ionian,937,Galiskari Beach,true,true,true,true,true,353,,29,
ionian-islands-corfu,ionian,938,Glyfa Beach,false,true,false,true,true,19,,4,
ionian-islands-corfu,ionian,939,Imerolia Beach,false,true,false,true,true,73,,23,
ionian-islands-corfu,ionian,940,Issos Beach,true,true,true,true,true,544,,5,
ionian-islands-corfu,ionian,941,Kalamionas Beach,false,true,false,true,true,30,,85,
ionian-islands-corfu,ionian,942,Kaminaki Beach,false,true,false,true,true,22,664,18,
ionian-islands-corfu,ionian,943,Kanoni Beach,false,true,false,true,true,55,,82,
ionian-islands-corfu,ionian,944,Karavi Beach,false,false,false,true,true,128,,85,
ionian-islands-corfu,ionian,945,Kogevina Beach,false,false,false,true,true,,,1,
ionian-islands-corfu,ionian,946,Maltas beach,true,false,true,true,true,619,,3,
ionian-islands-corfu,ionian,947,Marathias beach,true,true,true,true,true,92,,18,
ionian-islands-corfu,ionian,948,Moraitika Beach,true,true,true,true,true,104,495,57,
ionian-islands-corfu,ionian,949,Nissaki Beach,false,true,false,true,true,21,681,11,
ionian-islands-corfu,ionian,950,Paramonas,false,true,false,true,true,86,,6,
ionian-islands-corfu,ionian,951,Robolla Beach,true,true,true,true,true,14,,18,
ionian-islands-corfu,ionian,952,Santa Barbara beach,true,true,true,true,true,233,,17,
ionian-islands-corfu,ionian,953,skalia beach,false,false,false,true,true,,,0,
ionian-islands-corfu,ionian,954,Agios Stefanos,true,true,true,true,true,150,,41,
ionian-islands-corfu,ionian,955,Agios Ioannis Peristeron,true,true,true,true,true,89,,2,
ionian-islands-corfu,ionian,956,Agia Aikaterini,true,true,true,true,true,30,,7,
ionian-islands-corfu,ionian,957,Almyros,true,false,true,false,true,197,,11,
ionian-islands-corfu,ionian,958,Apotrypiti,false,false,false,true,true,188,,75,
ionian-islands-corfu,ionian,959,Arillas,true,true,true,true,true,107,,40,
ionian-islands-corfu,ionian,960,Astrakeri,true,true,true,true,true,166,,12,
ionian-islands-corfu,ionian,961,Iliodoros,false,false,false,true,true,,,0,
ionian-islands-corfu,ionian,962,Kavos,true,true,true,true,true,96,,28,
ionian-islands-corfu,ionian,963,Kalyviotis,false,true,false,true,true,227,,2,
ionian-islands-corfu,ionian,964,Kamari,false,false,false,true,true,,,0,
ionian-islands-corfu,ionian,965,Kanali tou Erota,true,true,true,true,true,147,,90,
ionian-islands-corfu,ionian,966,Kanoni,true,true,true,true,true,147,,12,
ionian-islands-corfu,ionian,967,Kardaki,false,false,false,true,true,790,,1,
ionian-islands-corfu,ionian,968,Kontogialos,true,true,true,true,true,143,,21,
ionian-islands-corfu,ionian,969,Krouzeri,false,true,false,true,true,55,187,18,
ionian-islands-corfu,ionian,970,Krouza,false,false,false,true,true,,,0,
ionian-islands-corfu,ionian,971,Kolias,false,false,false,true,true,,,0,
ionian-islands-corfu,ionian,972,Maistros,false,false,false,true,true,524,,8,
ionian-islands-corfu,ionian,973,Mandraki,false,true,false,true,true,119,455,210,
ionian-islands-corfu,ionian,974,Mikro Stelari,false,false,false,true,true,,,0,
ionian-islands-corfu,ionian,975,Boukari,true,true,true,true,true,151,,9,
ionian-islands-corfu,ionian,976,Molos,false,true,false,true,true,,,0,
ionian-islands-corfu,ionian,977,Notos,false,true,false,true,true,131,,15,
ionian-islands-corfu,ionian,978,Paralia Agios Georgios Pagon,true,true,true,true,true,315,703,30,
ionian-islands-corfu,ionian,979,Paralia Agios Gordis,true,true,true,true,true,95,,135,
ionian-islands-corfu,ionian,980,Paralia Agios Nikolaos,false,true,false,true,true,452,,18,
ionian-islands-corfu,ionian,981,Paralia Agios Spyridonas,true,true,true,true,true,90,,93,
ionian-islands-corfu,ionian,982,Paralia Ermones,true,true,true,true,true,116,,7,
ionian-islands-corfu,ionian,983,Paralia Agiou Spyridona,true,true,true,true,true,39,,23,
ionian-islands-corfu,ionian,984,Paralia Ampelaki,true,true,true,true,true,89,,96,
ionian-islands-corfu,ionian,985,Paralia Arkoudila,true,false,true,true,true,,,1,
ionian-islands-corfu,ionian,986,Paralia Acharavis,false,true,false,true,true,244,,46,
ionian-islands-corfu,ionian,987,Paralia Gardeno,false,true,false,true,true,223,,10,
ionian-islands-corfu,ionian,988,Paralia Gialiskari,true,true,true,true,true,624,,10,
ionian-islands-corfu,ionian,989,Paralia Glyfadas,true,true,true,true,true,99,,30,
ionian-islands-corfu,ionian,990,Paralia Kanoulas,true,true,true,true,true,698,,4,
ionian-islands-corfu,ionian,991,Paralia Klimatia,false,false,false,true,true,,,4,
ionian-islands-corfu,ionian,992,Paralia Kontokaliou,true,true,true,true,true,87,,40,
ionian-islands-corfu,ionian,993,Paralia Limni,false,false,false,true,true,,,2,
ionian-islands-corfu,ionian,994,Paralia Lakkies,true,true,true,true,true,78,,11,
ionian-islands-corfu,ionian,995,Paralia Liapadon,true,true,true,true,true,22,,42,
ionian-islands-corfu,ionian,996,Paralia Longas,false,true,false,true,true,75,,8,
ionian-islands-corfu,ionian,997,Paralia Barmpati,true,true,true,true,true,69,44,28,
ionian-islands-corfu,ionian,998,Paralia Bouka,true,true,true,true,true,56,,5,
ionian-islands-corfu,ionian,999,Paralia NAOK,true,true,false,true,true,6,614,293,
ionian-islands-corfu,ionian,1000,Paralia Parakladi,false,false,false,true,true,135,,22,
ionian-islands-corfu,ionian,1001,Paralia Rodas,true,true,true,true,true,55,,36,
ionian-islands-corfu,ionian,1002,Paralia Skaloma,false,true,false,true,true,271,,1,
ionian-islands-corfu,ionian,1003,Paralia Stelari,false,false,false,true,true,,,0,
ionian-islands-corfu,ionian,1004,Paralia Syki,false,false,false,true,true,,,5,
ionian-islands-corfu,ionian,1005,Paralia Chomi,false,false,false,true,true,,,0,
ionian-islands-corfu,ionian,1006,Paralia Agiou Gordiou,true,true,true,true,true,94,,135,
ionian-islands-corfu,ionian,1007,Paralia Gyali,false,false,false,true,true,,,0,
ionian-islands-corfu,ionian,1008,Paralia Myrtiotissas,false,true,false,true,true,35,,19,
ionian-islands-corfu,ionian,1009,Paralia Sidari,true,true,true,true,true,140,,106,
ionian-islands-corfu,ionian,1010,Paralia Chalikouna,true,true,true,true,true,17,,2,
ionian-islands-corfu,ionian,1011,Petriti,true,true,true,true,true,99,,14,
ionian-islands-corfu,ionian,1012,Prasoudi,true,true,true,true,true,44,,3,
ionian-islands-corfu,ionian,1013,Porto Timoni,false,false,false,true,true,596,,6,
ionian-islands-corfu,ionian,1014,Rovinia,false,false,false,true,true,349,,41,
ionian-islands-corfu,ionian,1015,Sotiriotissa,false,true,false,true,true,111,,46,
ionian-islands-corfu,ionian,1016,Tramountana,false,false,false,true,true,401,,8,
ionian-islands-corfu,ionian,1017,Antypsos,false,false,false,true,true,,,0,
ionian-islands-corfu,ionian,3013,Gouvia,false,false,false,true,true,96,,54,
ionian-islands-corfu,ionian,3014,Palaiokastritsa,false,false,false,true,true,53,,112,
ionian-islands-corfu,ionian,3067,Korfovonia,false,false,false,true,true,517,,5,
ionian-islands-corfu,ionian,3068,Moschofili,false,false,false,true,true,,,1,
ionian-islands-corfu,ionian,3069,Paralia Kerasia,false,false,false,true,true,117,,2,
ionian-islands-corfu,ionian,3078,Vouvalomantria,false,false,false,true,true,,,1,
ionian-islands-corfu,ionian,3079,Vrachli,false,false,false,true,true,,,1,
ionian-islands-corfu,ionian,3080,Paralia Chouchoulio,false,false,false,true,true,278,,29,
ionian-islands-corfu,ionian,3081,Tzoufaka,false,false,false,true,true,,,1,
ionian-islands-corfu,ionian,3099,Akoli (Kerkyra),false,false,false,true,true,,,0,
ionian-islands-corfu,ionian,3100,Avlaki (Kerkyra / Kassiopi),false,false,false,true,true,192,,2,
ionian-islands-corfu,ionian,3101,"Vromolimni (Erimitis, Kerkyra)",false,false,false,true,true,,,0,
ionian-islands-corfu,ionian,3102,Paralia Agios Gordis (Levkimmi),false,false,false,true,true,272,,5,
ionian-islands-corfu,ionian,3103,Paralia Kalami (Kerkyra),false,false,false,true,true,51,,31,
ionian-islands-erikoussa,ionian,1059,Bragkini,false,false,false,true,true,431,,5,
ionian-islands-erikoussa,ionian,1060,Porto,false,false,false,true,true,80,,5,
ionian-islands-ithaca,ionian,1221,Antri,false,false,false,true,true,,,0,
ionian-islands-ithaca,ionian,1222,Pera Pigadi,false,false,false,true,true,,,0,
ionian-islands-ithaca,ionian,1223,Paralia Kaminia,false,false,false,true,true,,,0,
ionian-islands-ithaca,ionian,1224,Paralia Sarakiniko,false,false,false,true,true,38,,3,
ionian-islands-ithaca,ionian,1225,Paralia Dexa,false,true,false,true,true,,,0,
ionian-islands-ithaca,ionian,1226,Paralia Filiatro,true,true,true,true,true,21,,4,
ionian-islands-ithaca,ionian,1227,Loutsa,false,true,false,true,true,417,,5,
ionian-islands-ithaca,ionian,1228,Paralia Mnimata,false,false,false,true,true,682,,2,
ionian-islands-ithaca,ionian,1229,Paralia Skinos,false,false,false,true,true,563,,2,
ionian-islands-ithaca,ionian,1230,Paralia Gidaki,false,true,false,true,true,205,,2,
ionian-islands-ithaca,ionian,1231,Aspros Gialos,true,false,true,true,true,,,0,
ionian-islands-ithaca,ionian,1232,Koutoupi,false,false,false,true,true,,,0,
ionian-islands-ithaca,ionian,1233,Liano Nisaki,false,false,false,true,true,,,0,
ionian-islands-ithaca,ionian,1234,Kritami,false,false,false,true,true,,,0,
ionian-islands-ithaca,ionian,1235,Mikri Poli,false,false,false,true,true,,,0,
ionian-islands-ithaca,ionian,1236,Poli,false,true,false,true,true,785,,3,
ionian-islands-ithaca,ionian,1237,Ammoudi,false,false,false,true,true,,,0,
ionian-islands-ithaca,ionian,1238,Plakoutses,false,false,false,true,true,,,0,
ionian-islands-ithaca,ionian,1239,Trita Kourvoulia,false,false,false,true,true,,,0,
ionian-islands-ithaca,ionian,1240,Devtera Kourvoulia,false,false,false,true,true,610,,8,
ionian-islands-ithaca,ionian,1241,Prota Kourvoulia,false,false,false,true,true,477,,8,
ionian-islands-ithaca,ionian,1242,Limenia,false,false,false,true,true,,,0,
ionian-islands-ithaca,ionian,1243,Afales,false,false,false,true,true,,,0,
ionian-islands-ithaca,ionian,1244,Paralia Marmaka,false,true,false,true,true,,,0,
ionian-islands-ithaca,ionian,3104,Paralia Filiatro (Kioni),false,false,false,true,true,14,,1,
ionian-islands-kefalonia,ionian,1062,Amidi,false,false,false,true,true,,,0,
ionian-islands-kefalonia,ionian,1063,Notia Avythos Gymniston,false,false,false,true,true,614,551,26,
ionian-islands-kefalonia,ionian,1064,Central Square Beach,false,true,false,true,true,91,,9,
ionian-islands-kefalonia,ionian,1065,Cronidis Beach,false,false,false,true,true,,,0,
ionian-islands-kefalonia,ionian,1066,Dafnoudi,false,false,false,true,true,,,1,
ionian-islands-kefalonia,ionian,1067,Emplysi,false,true,false,true,true,286,,35,
ionian-islands-kefalonia,ionian,1068,Fteri,false,false,false,true,true,,,0,
ionian-islands-kefalonia,ionian,1069,Kimilia,false,false,false,true,true,,,1,
ionian-islands-kefalonia,ionian,1070,Megali Ammos,true,false,true,true,true,102,496,5,
ionian-islands-kefalonia,ionian,1071,Paralia Skalas,true,true,true,true,true,31,0,94,
ionian-islands-kefalonia,ionian,1072,Mounta (gymniston),false,false,false,true,true,,768,2,
ionian-islands-kefalonia,ionian,1073,Agia Paraskevi,false,true,false,true,true,137,,3,
ionian-islands-kefalonia,ionian,1074,Pessada,false,false,false,true,true,313,,4,
ionian-islands-kefalonia,ionian,1075,Sissia,false,false,false,true,true,,,2,
ionian-islands-kefalonia,ionian,1076,Trapezaki (gymniston),false,false,false,true,true,388,,17,
ionian-islands-kefalonia,ionian,1077,Limanaki Trapezakiou,true,true,false,true,true,53,,27,
ionian-islands-kefalonia,ionian,1078,Xi,true,true,true,true,true,110,,12,
ionian-islands-kefalonia,ionian,1079,Xylokaravo,false,false,false,true,true,,,0,
ionian-islands-kefalonia,ionian,1080,Agios Thomas,false,true,false,true,true,27,,13,
ionian-islands-kefalonia,ionian,1081,Agios Chelis,true,true,true,true,true,50,62,8,
ionian-islands-kefalonia,ionian,1082,Ammes,false,true,false,true,true,124,34,8,
ionian-islands-kefalonia,ionian,1083,Aspros Vrachos,false,false,false,true,true,524,8,45,osm-resort-not-claimed
ionian-islands-kefalonia,ionian,1084,Agia Eleni,false,false,false,true,true,,765,4,
ionian-islands-kefalonia,ionian,1085,Agia Sotira,false,false,false,true,true,,,0,
ionian-islands-kefalonia,ionian,1086,Agia Kyriaki,false,true,false,true,true,73,,1,
ionian-islands-kefalonia,ionian,1087,Atheras,false,true,false,true,true,67,,2,
ionian-islands-kefalonia,ionian,1088,Antisamos,true,true,true,true,true,102,1,11,
ionian-islands-kefalonia,ionian,1089,Vatsa,false,true,false,true,true,90,,2,
ionian-islands-kefalonia,ionian,1090,Vouti,false,true,false,true,true,121,,3,
ionian-islands-kefalonia,ionian,1091,Vrachinari,false,true,false,true,true,339,,2,
ionian-islands-kefalonia,ionian,1092,Gradakia,true,true,true,true,true,159,68,53,
ionian-islands-kefalonia,ionian,1093,Ellinika,false,false,false,true,true,,,0,
ionian-islands-kefalonia,ionian,1094,Kako Lagkadi,false,false,false,true,true,,,0,
ionian-islands-kefalonia,ionian,1095,Kalamia,false,true,false,true,true,184,753,17,
ionian-islands-kefalonia,ionian,1096,Kaminia,false,true,false,true,true,140,,7,
ionian-islands-kefalonia,ionian,1097,Kanali,false,false,false,true,true,466,742,17,
ionian-islands-kefalonia,ionian,1098,Karavomylos,false,true,false,true,true,51,,11,
ionian-islands-kefalonia,ionian,1099,Katelios,false,true,false,true,true,41,,46,
ionian-islands-kefalonia,ionian,1100,Koroni,false,false,false,true,true,589,,1,
ionian-islands-kefalonia,ionian,1101,Koumaria,false,false,false,true,true,,,0,
ionian-islands-kefalonia,ionian,1102,Kounopetra,false,true,false,true,true,,,0,
ionian-islands-kefalonia,ionian,1103,Lithos,false,false,false,true,true,,,0,
ionian-islands-kefalonia,ionian,1104,Lagkadakia,false,true,false,true,true,,,1,
ionian-islands-kefalonia,ionian,1105,Levka,false,false,false,true,true,,,0,
ionian-islands-kefalonia,ionian,1106,Limenia,false,false,false,true,true,,,0,
ionian-islands-kefalonia,ionian,1107,Lourdata,true,true,true,true,true,90,66,19,
ionian-islands-kefalonia,ionian,1108,Lygia Farson,false,false,false,true,true,516,,1,
ionian-islands-kefalonia,ionian,1109,Lygia Pessadas,false,false,false,true,true,441,539,23,
ionian-islands-kefalonia,ionian,1110,Makrys Gialos,true,true,true,true,true,93,88,70,
ionian-islands-kefalonia,ionian,1111,Megas Lakkos,true,true,true,true,true,303,,3,
ionian-islands-kefalonia,ionian,1112,Mounta,true,true,true,true,true,511,67,6,
ionian-islands-kefalonia,ionian,1113,Myrtos,true,true,true,true,true,126,91,7,
ionian-islands-kefalonia,ionian,1114,Nipsias,false,false,false,true,true,,,0,
ionian-islands-kefalonia,ionian,1115,Paliostafida,true,true,true,true,true,327,19,72,
ionian-islands-kefalonia,ionian,1116,Paralia Agia Varvara,false,true,false,true,true,179,,46,
ionian-islands-kefalonia,ionian,1117,Paralia Agia Ierousalim,false,true,false,true,true,83,,1,
ionian-islands-kefalonia,ionian,1118,Paralia Alaties,true,true,true,true,true,47,,1,
ionian-islands-kefalonia,ionian,1119,Paralia Gialiskari,false,false,false,true,true,,,0,
ionian-islands-kefalonia,ionian,1121,Paralia Kolpos Kormoranon,false,false,false,true,true,683,,3,
ionian-islands-kefalonia,ionian,1122,Paralia Paliolinos,false,false,false,true,true,,,5,
ionian-islands-kefalonia,ionian,1123,Paralia Avythos,true,true,true,true,true,192,131,24,
ionian-islands-kefalonia,ionian,1124,Petani,false,true,false,true,true,84,54,13,
ionian-islands-kefalonia,ionian,1125,Platia Ammos,false,false,false,true,true,,,1,
ionian-islands-kefalonia,ionian,1126,Platys Gialos,true,true,true,true,true,277,32,64,
ionian-islands-kefalonia,ionian,1127,Ragia,true,true,true,true,true,,,1,
ionian-islands-kefalonia,ionian,1128,Spithi,false,false,false,true,true,,,0,
ionian-islands-kefalonia,ionian,1129,Spartias,false,true,false,true,true,40,,5,
ionian-islands-kefalonia,ionian,1130,Trapezaki,false,true,false,true,true,159,,27,
ionian-islands-kefalonia,ionian,1131,Foki,false,true,false,true,true,76,,13,
ionian-islands-kefalonia,ionian,1132,Psamousa,false,false,false,true,true,,,0,
ionian-islands-kefalonia,ionian,1133,Elies,false,false,false,true,true,65,,24,
ionian-islands-kefalonia,ionian,1134,Lithovatis,false,true,false,true,true,52,,19,
ionian-islands-kefalonia,ionian,1135,Giagana,false,false,false,true,true,,,0,
ionian-islands-kefalonia,ionian,1136,Chorgota,false,false,false,true,true,752,,2,
ionian-islands-kefalonia,ionian,1137,Agia Sofia,false,true,false,true,true,81,,2,
ionian-islands-kefalonia,ionian,1138,Platy Limani,false,false,false,true,true,288,,2,
ionian-islands-kefalonia,ionian,3105,Skala (Kefalonia),false,false,false,true,true,51,330,90,
ionian-islands-lefkada,ionian,1139,Breath of Zorbas beach,true,true,false,true,true,48,,16,
ionian-islands-lefkada,ionian,1140,Desimi,false,true,false,true,true,78,,9,
ionian-islands-lefkada,ionian,1141,Kamari,false,false,false,true,true,,,0,
ionian-islands-lefkada,ionian,1142,Paralia Nikianas,false,true,false,true,true,164,,14,
ionian-islands-lefkada,ionian,1143,Notia Paralia Nikianas,false,true,false,true,true,112,,22,
ionian-islands-lefkada,ionian,1144,Pasas,true,true,true,true,true,629,,1,
ionian-islands-lefkada,ionian,1145,Limni / Strofi,false,false,false,true,true,255,,10,
ionian-islands-lefkada,ionian,1146,Agios Ioannis,true,true,true,true,true,36,,24,
ionian-islands-lefkada,ionian,1147,Avali,true,true,true,true,true,147,,3,
ionian-islands-lefkada,ionian,1148,Agiofylli,false,true,false,true,true,,,2,
ionian-islands-lefkada,ionian,1149,Ammousa,false,true,false,true,true,,,0,
ionian-islands-lefkada,ionian,1150,Ammoglossa,false,true,false,true,true,406,,8,
ionian-islands-lefkada,ionian,1151,Anatoliki paralia Skorpiou,false,false,false,true,true,,,0,
ionian-islands-lefkada,ionian,1152,Anonymi Paralia Komilio,false,false,false,true,true,,,0,
ionian-islands-lefkada,ionian,1154,Afteli,true,true,true,true,true,26,,1,
ionian-islands-lefkada,ionian,1155,Vasiliki,false,true,false,true,true,249,,17,
ionian-islands-lefkada,ionian,1156,Gaidaros,true,true,true,true,true,467,,7,
ionian-islands-lefkada,ionian,1157,Gialos,true,true,true,true,true,547,,4,
ionian-islands-lefkada,ionian,1158,Gyra (Anna),false,false,false,true,true,103,,7,
ionian-islands-lefkada,ionian,1159,Egkremni,false,false,false,true,true,203,,3,
ionian-islands-lefkada,ionian,1160,Kathisma,true,true,true,true,true,127,,11,
ionian-islands-lefkada,ionian,1161,Kastro,false,false,false,true,true,241,,8,
ionian-islands-lefkada,ionian,1162,Kavalikevta,true,false,true,true,true,210,,4,
ionian-islands-lefkada,ionian,1163,Kaminia,false,false,false,true,true,775,,3,
ionian-islands-lefkada,ionian,1164,Kryoneri,false,false,false,true,true,410,,12,
ionian-islands-lefkada,ionian,1165,Lygia,false,true,false,true,true,110,,11,
ionian-islands-lefkada,ionian,1166,Mikros Gialos,true,true,true,true,true,58,,7,
ionian-islands-lefkada,ionian,1167,Mylos,false,false,false,true,true,179,,26,
ionian-islands-lefkada,ionian,1168,Notia Paralia Skorpiou,false,false,false,true,true,,,0,
ionian-islands-lefkada,ionian,1169,Pevkoulia,true,true,true,true,true,450,,4,
ionian-islands-lefkada,ionian,1171,Porto Katsiki,false,true,false,true,true,144,,15,
ionian-islands-lefkada,ionian,1172,Skala Gialou,false,false,false,true,true,,,2,
ionian-islands-lefkada,ionian,3098,Ai Giannis (Levkada),false,false,false,true,true,24,,20,
ionian-islands-mathraki,ionian,1061,Portelo,false,false,false,true,true,566,,2,
ionian-islands-meganisi,ionian,1174,Limonari,true,true,false,true,true,,,0,
ionian-islands-meganisi,ionian,1175,Ampelakia,false,false,false,true,true,0,,10,
ionian-islands-meganisi,ionian,1176,Elia,false,false,false,true,true,754,,1,
ionian-islands-meganisi,ionian,1177,Atherinos,false,true,false,true,true,0,,4,
ionian-islands-meganisi,ionian,1178,Agios Ioannis,false,true,false,true,true,468,,1,
ionian-islands-meganisi,ionian,1179,Pasoumaki,false,false,false,true,true,764,,2,
ionian-islands-meganisi,ionian,1180,Spilia,true,true,true,true,true,101,,10,
ionian-islands-meganisi,ionian,1181,Fanari,true,true,true,true,true,7,,2,
ionian-islands-othonoi,ionian,1056,Agia Triada,false,false,false,true,true,218,,3,
ionian-islands-othonoi,ionian,1057,Molos,false,false,false,true,true,136,,3,
ionian-islands-othonoi,ionian,1058,Aspri Ammos,false,false,false,true,true,,,0,
ionian-islands-paxos,ionian,1018,Mongonisi,true,true,true,true,true,26,,4,
ionian-islands-paxos,ionian,1019,Alati,false,false,false,true,true,,600,2,
ionian-islands-paxos,ionian,1020,Arkoudaki,false,false,false,true,true,375,,40,
ionian-islands-paxos,ionian,1021,Avlaki,false,false,false,true,true,,396,1,
ionian-islands-paxos,ionian,1022,Avtia Gaidarou,false,false,false,true,true,608,,6,
ionian-islands-paxos,ionian,1023,Galazio,false,false,false,true,true,,75,1,osm-resort-not-claimed
ionian-islands-paxos,ionian,1024,Giannas,true,true,true,true,true,75,,43,
ionian-islands-paxos,ionian,1025,Glyfada,false,false,false,true,true,284,391,42,
ionian-islands-paxos,ionian,1026,Devteri Spiantza,false,false,false,true,true,48,,31,
ionian-islands-paxos,ionian,1027,Erimitis,false,false,false,true,true,349,,1,
ionian-islands-paxos,ionian,1028,Kipos,false,false,false,true,true,430,,26,
ionian-islands-paxos,ionian,1029,Kaki Lagkada,true,true,true,true,true,,50,2,
ionian-islands-paxos,ionian,1030,Kanoni,true,true,true,true,true,501,,42,
ionian-islands-paxos,ionian,1031,Kipiadi,false,false,false,true,true,647,,3,
ionian-islands-paxos,ionian,1032,Kloni Gouli,false,false,false,true,true,,364,2,
ionian-islands-paxos,ionian,1033,Lakkos,false,false,false,true,true,461,473,18,
ionian-islands-paxos,ionian,1034,Levrechio,true,true,false,true,true,54,,26,
ionian-islands-paxos,ionian,1035,Marmari,false,false,false,true,true,213,,26,
ionian-islands-paxos,ionian,1036,Balos,false,false,false,true,true,,,4,
ionian-islands-paxos,ionian,1037,Monodendri,true,true,true,true,true,78,96,18,
ionian-islands-paxos,ionian,1038,Ozias,false,false,false,true,true,327,,4,
ionian-islands-paxos,ionian,1039,Orkos,false,false,false,true,true,577,,44,
ionian-islands-paxos,ionian,1040,Planos,false,false,false,true,true,708,,18,
ionian-islands-paxos,ionian,1041,Soulanena,true,true,true,true,true,433,,6,
ionian-islands-paxos,ionian,1042,Charami,true,true,true,true,true,278,,42,
ionian-islands-zakynthos,ionian,1182,Agios Nikolaos Volimon,false,true,false,true,true,31,,9,
ionian-islands-zakynthos,ionian,1183,Alykanas,true,true,true,true,true,202,172,86,
ionian-islands-zakynthos,ionian,1184,Ampoula,false,true,false,true,true,86,,6,
ionian-islands-zakynthos,ionian,1185,Banana,true,true,true,true,true,109,100,35,
ionian-islands-zakynthos,ionian,1186,Dafni,false,true,false,true,true,46,,8,
ionian-islands-zakynthos,ionian,1187,Kalamaki,false,true,false,true,true,190,,21,
ionian-islands-zakynthos,ionian,1188,Korakonisi,false,false,false,true,true,49,,1,
ionian-islands-zakynthos,ionian,1189,Kremmydi,false,false,false,true,true,,,2,
ionian-islands-zakynthos,ionian,1190,Laganas,true,true,true,true,true,626,597,7,
ionian-islands-zakynthos,ionian,1191,Mikri Xygkia,false,true,false,true,true,64,,20,
ionian-islands-zakynthos,ionian,1192,Madrakia,false,true,false,true,true,29,,11,
ionian-islands-zakynthos,ionian,1193,Porto Limnionas,true,true,true,true,true,82,,3,
ionian-islands-zakynthos,ionian,1194,Porto Roxa,false,true,false,true,true,24,,8,
ionian-islands-zakynthos,ionian,1195,Agios Nikolaos Vasilikou,true,true,true,true,true,57,68,69,
ionian-islands-zakynthos,ionian,1196,Tsilivi,true,true,true,true,true,114,106,108,
ionian-islands-zakynthos,ionian,1197,Vathy Lagkadi,false,false,false,true,true,,,0,
ionian-islands-zakynthos,ionian,1198,Xygkia,true,true,true,true,true,22,,20,
ionian-islands-zakynthos,ionian,1199,Alykes,true,true,true,true,true,49,52,80,
ionian-islands-zakynthos,ionian,1200,Ammoudi,false,true,false,true,true,65,32,9,
ionian-islands-zakynthos,ionian,1201,Atsinganos,false,false,false,true,true,,,0,
ionian-islands-zakynthos,ionian,1202,Vourderi,false,true,false,true,true,547,233,28,
ionian-islands-zakynthos,ionian,1203,Kamaroti,false,false,false,true,true,564,,2,
ionian-islands-zakynthos,ionian,1204,Levki Paralia,false,false,false,true,true,,,0,
ionian-islands-zakynthos,ionian,1205,Makrys Gialos,false,true,false,true,true,87,,8,
ionian-islands-zakynthos,ionian,1206,Mavratzis,false,false,false,true,true,21,541,62,
ionian-islands-zakynthos,ionian,1207,Megali Myzithra,false,false,false,true,true,,,0,
ionian-islands-zakynthos,ionian,1208,Navagio,false,false,false,true,true,,,2,
ionian-islands-zakynthos,ionian,1209,Paralia Gerakas,false,true,false,true,true,431,276,13,
ionian-islands-zakynthos,ionian,1210,Paralia Keriou,false,true,false,true,true,145,,18,
ionian-islands-zakynthos,ionian,1211,Paralia Marathia,false,true,false,true,true,234,,5,
ionian-islands-zakynthos,ionian,1212,Paralia Marathonisi,false,false,false,true,true,,,0,
ionian-islands-zakynthos,ionian,1213,Paralia Plakaki,false,false,false,true,true,711,,2,
ionian-islands-zakynthos,ionian,1214,Paralia Selinas Filippon,false,false,false,true,true,,,0,
ionian-islands-zakynthos,ionian,1215,Plaka/Perivolakia,true,true,true,true,true,65,4,81,
ionian-islands-zakynthos,ionian,1216,Porto Vromi,true,true,false,true,true,17,,6,
ionian-islands-zakynthos,ionian,1217,Porto Zoro,true,true,true,true,true,93,55,22,
ionian-islands-zakynthos,ionian,1218,Porto Kaminia,true,true,true,true,true,584,13,26,
ionian-islands-zakynthos,ionian,1219,Porto Roma,false,true,false,true,true,66,78,14,
ionian-islands-zakynthos,ionian,1220,Sekania,false,false,false,true,true,,,0,
north-aegean-agios-efstratios,north_aegean,1419,Agios Dimitrios,false,false,false,true,true,,,0,
north-aegean-agios-efstratios,north_aegean,1420,Agios Antonios,false,false,false,true,true,,,0,
north-aegean-agios-efstratios,north_aegean,1421,Agios Nikolaos,false,false,false,true,true,,,0,
north-aegean-agios-efstratios,north_aegean,1422,Alonitsi,false,false,false,true,true,,,0,
north-aegean-agios-efstratios,north_aegean,1423,Gournia,false,false,false,true,true,,,0,
north-aegean-agios-efstratios,north_aegean,1424,Lidario,false,false,false,true,true,,,0,
north-aegean-agios-efstratios,north_aegean,1425,Mouroulia,false,false,false,true,true,759,,3,
north-aegean-agios-efstratios,north_aegean,1426,Trigari,false,false,false,true,true,,,0,
north-aegean-agios-efstratios,north_aegean,1427,Trypiti,false,false,false,true,true,,,0,
north-aegean-agios-efstratios,north_aegean,1428,Fragkou,false,false,false,true,true,,,0,
north-aegean-agios-efstratios,north_aegean,1429,Ftelio,false,false,false,true,true,,,0,
north-aegean-agios-efstratios,north_aegean,1430,Rodokali,false,false,false,true,true,,,0,
north-aegean-chios,north_aegean,1245,Paralia Amadon,false,false,false,true,true,,,0,
north-aegean-chios,north_aegean,1246,Paralia Pyrgia (notios ormos),false,true,false,true,true,,,0,
north-aegean-chios,north_aegean,1247,Paralia Pyrgia (vorios ormos),false,true,false,true,true,,,0,
north-aegean-chios,north_aegean,1248,Bella Vista,false,true,false,true,true,216,,33,
north-aegean-chios,north_aegean,1249,Lilikas,true,true,true,true,true,,,0,
north-aegean-chios,north_aegean,1250,Managros,false,true,false,true,true,,,0,
north-aegean-chios,north_aegean,1251,Megas Limnionas,false,true,false,true,true,87,,3,
north-aegean-chios,north_aegean,1252,Paralia Trachyli,false,false,false,true,true,,,0,
north-aegean-chios,north_aegean,1253,Vigla,false,true,false,true,true,,,0,
north-aegean-chios,north_aegean,1254,Agia Dynami,false,false,false,true,true,,,1,
north-aegean-chios,north_aegean,1255,Agia Irini,false,false,false,true,true,,,0,
north-aegean-chios,north_aegean,1256,Agia Fotini,true,true,true,true,true,82,,4,
north-aegean-chios,north_aegean,1257,Apothika,false,false,false,true,true,,,1,
north-aegean-chios,north_aegean,1258,Gyali,false,false,false,true,true,,,0,
north-aegean-chios,north_aegean,1259,Elinta,false,false,false,true,true,,,0,
north-aegean-chios,north_aegean,1260,Karfas,true,true,true,true,true,53,,12,
north-aegean-chios,north_aegean,1261,Komi,true,true,true,true,true,98,,7,
north-aegean-chios,north_aegean,1262,Makria Ammos,false,false,false,true,true,,,0,
north-aegean-chios,north_aegean,1263,Mavra Volia,false,true,false,true,true,124,,7,
north-aegean-chios,north_aegean,1264,Nagos,false,true,false,true,true,642,,2,
north-aegean-chios,north_aegean,1265,Paralia Agios Isidoros,false,true,false,true,true,,,0,
north-aegean-chios,north_aegean,1266,Paralia Avlonia,false,false,false,true,true,27,,1,
north-aegean-chios,north_aegean,1267,Avlonia Pyrgiou,false,false,false,true,true,,,0,
north-aegean-chios,north_aegean,1268,Paralia Vroulidia,false,true,false,true,true,70,,2,
north-aegean-chios,north_aegean,1269,Paralia Kampia,false,true,false,true,true,,,0,
north-aegean-chios,north_aegean,1270,Paralia Kato Fana,false,false,false,true,true,,,1,
north-aegean-chios,north_aegean,1271,Paralia Karynta,false,false,false,true,true,,,0,
north-aegean-chios,north_aegean,1272,Paralia Lithi,true,true,true,true,true,226,,2,
north-aegean-chios,north_aegean,1273,Paralia Myrsinidi,false,true,false,true,true,,,0,
north-aegean-chios,north_aegean,1274,Paralia ton Glaron,false,true,false,true,true,27,,1,
north-aegean-chios,north_aegean,1275,Potami,false,false,false,true,true,,,0,
north-aegean-chios,north_aegean,1276,Salagona,false,false,false,true,true,,,0,
north-aegean-chios,north_aegean,1277,Tigani,false,false,false,true,true,,,0,
north-aegean-chios,north_aegean,1278,Trachili,false,false,false,true,true,,,0,
north-aegean-chios,north_aegean,3038,Chios Daskalopetra,false,false,false,true,true,155,,6,
north-aegean-chios,north_aegean,3082,Ag.Eleni,false,false,false,true,true,,,0,
north-aegean-fournoi,north_aegean,1312,Vlychada,false,false,false,true,true,,,0,
north-aegean-fournoi,north_aegean,1313,Kasidi,false,false,false,true,true,,,0,
north-aegean-fournoi,north_aegean,1314,Vitsila,false,false,false,true,true,,,0,
north-aegean-fournoi,north_aegean,1315,Petrokopi,false,false,false,true,true,,,0,
north-aegean-fournoi,north_aegean,1316,Elidaki,false,false,false,true,true,,,0,
north-aegean-fournoi,north_aegean,1317,Kampi,true,true,false,true,true,32,,2,
north-aegean-fournoi,north_aegean,1318,Koumara,false,false,false,true,true,,,0,
north-aegean-ikaria,north_aegean,1293,Aris Potamos,false,false,false,true,true,779,,1,
north-aegean-ikaria,north_aegean,1294,Agaliasma,false,false,false,true,true,,,0,
north-aegean-ikaria,north_aegean,1295,Armenistis,true,true,true,true,true,15,,10,
north-aegean-ikaria,north_aegean,1296,Iero,false,false,false,true,true,,,0,
north-aegean-ikaria,north_aegean,1297,Kampos,true,true,false,true,true,81,,4,
north-aegean-ikaria,north_aegean,1298,Kerame,false,false,false,true,true,,,0,
north-aegean-ikaria,north_aegean,1299,Kyparissi,false,false,false,true,true,,,0,
north-aegean-ikaria,north_aegean,1300,Livadi,true,true,true,true,true,103,,14,
north-aegean-ikaria,north_aegean,1301,Mesakti,true,true,false,true,true,70,,13,
north-aegean-ikaria,north_aegean,1302,Nas,false,true,false,true,true,167,,5,
north-aegean-ikaria,north_aegean,1303,Paralia Xylosyrti,false,true,false,true,true,241,,4,
north-aegean-ikaria,north_aegean,1304,Tou Kontou to Lakoma,false,false,false,true,true,753,,3,
north-aegean-ikaria,north_aegean,1305,Partheni,false,false,false,true,true,355,,3,
north-aegean-ikaria,north_aegean,1306,Prioni,false,false,false,true,true,337,,7,
north-aegean-ikaria,north_aegean,1307,Sevcheles,false,false,false,true,true,,,1,
north-aegean-ikaria,north_aegean,1308,Syrtiko,false,false,false,true,true,,,2,
north-aegean-ikaria,north_aegean,1309,Trachila,false,false,false,true,true,,,0,
north-aegean-ikaria,north_aegean,1310,Fyrodi,false,false,false,true,true,289,,7,
north-aegean-ikaria,north_aegean,1311,Fytema,false,false,false,true,true,45,,6,
north-aegean-lemnos,north_aegean,1431,Avlonas,false,true,false,true,true,157,138,4,
north-aegean-lemnos,north_aegean,1432,Diapori (dytiki akti),false,true,false,true,true,,,0,
north-aegean-lemnos,north_aegean,1433,Gomati,false,true,false,true,true,,0,1,
north-aegean-lemnos,north_aegean,1434,Karvounolakka,false,false,false,true,true,,,0,
north-aegean-lemnos,north_aegean,1435,Kaspakas,true,true,true,true,true,117,,8,
north-aegean-lemnos,north_aegean,1436,Katapodi,false,false,false,true,true,403,,8,
north-aegean-lemnos,north_aegean,1437,Kokkina (vorios ormos),false,false,false,true,true,,,0,
north-aegean-lemnos,north_aegean,1438,Limani Agias,false,false,false,true,true,,,0,
north-aegean-lemnos,north_aegean,1439,Louri,false,false,false,true,true,,,2,
north-aegean-lemnos,north_aegean,1440,Panagias Pigadeli,false,false,false,true,true,,,2,
north-aegean-lemnos,north_aegean,1441,Parthenomythos,false,false,false,true,true,,,0,
north-aegean-lemnos,north_aegean,1442,Skandali,false,false,false,true,true,,,1,
north-aegean-lemnos,north_aegean,1443,Skidi,false,false,false,true,true,,,0,
north-aegean-lemnos,north_aegean,1444,Trygi,false,false,false,true,true,,,0,
north-aegean-lemnos,north_aegean,1445,Zematas,false,false,false,true,true,80,,2,
north-aegean-lemnos,north_aegean,1446,Agios Ioannis,false,true,false,true,true,258,,6,
north-aegean-lemnos,north_aegean,1447,Vathrakas,false,false,false,true,true,,,0,
north-aegean-lemnos,north_aegean,1448,Diapori (anatoliki akti),false,true,false,true,true,377,,2,
north-aegean-lemnos,north_aegean,1449,Keros,true,true,true,true,true,765,,1,
north-aegean-lemnos,north_aegean,1450,Kallithea,false,false,false,true,true,,,0,
north-aegean-lemnos,north_aegean,1451,Katalakko,false,false,false,true,true,,,0,
north-aegean-lemnos,north_aegean,1452,Kokkina (notios ormos),false,false,false,true,true,,,0,
north-aegean-lemnos,north_aegean,1453,Mantri,false,false,false,true,true,,,0,
north-aegean-lemnos,north_aegean,1454,Megalo Fanaraki,true,true,true,true,true,353,,8,
north-aegean-lemnos,north_aegean,1455,Mikro Fanaraki,true,true,true,true,true,41,,8,
north-aegean-lemnos,north_aegean,1456,Neftina,false,false,false,true,true,,,0,
north-aegean-lemnos,north_aegean,1457,Evgatis,false,true,false,true,true,,,1,
north-aegean-lemnos,north_aegean,1458,Thanos,true,true,true,true,true,185,,5,
north-aegean-lemnos,north_aegean,1459,Paralia Kotsina,false,true,false,true,true,421,,3,
north-aegean-lemnos,north_aegean,1460,Paralia Makrys Gyalos,false,false,false,true,true,,,0,
north-aegean-lemnos,north_aegean,1461,Platy,true,true,true,true,true,286,,16,
north-aegean-lemnos,north_aegean,1462,Stivi i Plagisos Molos,false,false,false,true,true,,,0,
north-aegean-lemnos,north_aegean,1463,Plaka,false,false,false,true,true,,,0,
north-aegean-lemnos,north_aegean,1464,Richa nera,true,true,true,true,true,62,44,36,
north-aegean-lemnos,north_aegean,1465,Romaiikos Gyalos,true,true,true,true,true,93,660,57,
north-aegean-lemnos,north_aegean,1466,Saravari,false,false,false,true,true,241,,1,
north-aegean-lemnos,north_aegean,1467,Tigani,false,false,false,true,true,,,1,
north-aegean-lemnos,north_aegean,1468,Tourkikos Gialos,false,true,false,true,true,94,,41,
north-aegean-lemnos,north_aegean,1469,Faraklou,false,false,false,true,true,,,2,
north-aegean-lemnos,north_aegean,1470,Chavouli,false,true,false,true,true,75,,1,
north-aegean-lesvos,north_aegean,1319,Paralia Tokmakia,false,false,false,true,true,,,0,
north-aegean-lesvos,north_aegean,1320,Paralia Gymniston Molyvou,false,false,false,true,true,,,3,
north-aegean-lesvos,north_aegean,1321,Agios Ermogenis,true,true,true,true,true,34,,6,
north-aegean-lesvos,north_aegean,1322,Agios Isidoros,false,true,false,true,true,50,,7,
north-aegean-lesvos,north_aegean,1323,Akti Tsamakia,false,true,false,true,true,219,0,218,
north-aegean-lesvos,north_aegean,1324,Ammoudeli,false,true,false,true,true,23,,26,
north-aegean-lesvos,north_aegean,1325,Ampelia,true,true,true,true,true,57,,2,
north-aegean-lesvos,north_aegean,1326,Andromachi,false,false,false,true,true,,,0,
north-aegean-lesvos,north_aegean,1327,Apergousa,false,false,false,true,true,,,0,
north-aegean-lesvos,north_aegean,1328,Avlaki,false,true,false,true,true,,,0,
north-aegean-lesvos,north_aegean,1329,Vathy Kritiri,false,false,false,true,true,521,,2,
north-aegean-lesvos,north_aegean,1330,Vatera,false,true,false,true,true,479,,6,
north-aegean-lesvos,north_aegean,1331,Vatrachia,false,false,false,true,true,,,0,
north-aegean-lesvos,north_aegean,1332,Elevkos,false,false,false,true,true,,,0,
north-aegean-lesvos,north_aegean,1333,Kampos,false,false,false,true,true,,,0,
north-aegean-lesvos,north_aegean,1334,Kalo Limani,true,true,false,true,true,49,,1,
north-aegean-lesvos,north_aegean,1335,Katavathra,false,false,false,true,true,256,,1,
north-aegean-lesvos,north_aegean,1336,Kochylia,true,true,false,true,true,57,,9,
north-aegean-lesvos,north_aegean,1337,Lapsarna,false,false,false,true,true,,,0,
north-aegean-lesvos,north_aegean,1338,Limenas,false,false,false,true,true,,,0,
north-aegean-lesvos,north_aegean,1339,Lagkada,false,false,false,true,true,,,0,
north-aegean-lesvos,north_aegean,1340,Lamprini i Ouzoun Sokak,false,false,false,true,true,,,0,
north-aegean-lesvos,north_aegean,1341,Ligonari,false,false,false,true,true,,,0,
north-aegean-lesvos,north_aegean,1342,Limantziki,false,false,false,true,true,,,0,
north-aegean-lesvos,north_aegean,1343,Makara,false,false,false,true,true,,,0,
north-aegean-lesvos,north_aegean,1344,Malathra,false,false,false,true,true,,,0,
north-aegean-lesvos,north_aegean,1345,Bakeros,false,false,false,true,true,308,,6,
north-aegean-lesvos,north_aegean,1346,Balini,false,false,false,true,true,,,0,
north-aegean-lesvos,north_aegean,1347,Molyvos,false,true,false,true,true,317,,44,
north-aegean-lesvos,north_aegean,1348,Niselia,false,false,false,true,true,710,,6,
north-aegean-lesvos,north_aegean,1349,Dalantos,false,false,false,true,true,712,,4,
north-aegean-lesvos,north_aegean,1350,Xeres Evriakis,true,true,true,true,true,,,0,
north-aegean-lesvos,north_aegean,1351,Patos,false,false,false,true,true,,,0,
north-aegean-lesvos,north_aegean,1352,Paralia Anaxou,false,true,false,true,true,105,,26,
north-aegean-lesvos,north_aegean,1353,Paralia Ammoudi,false,false,false,true,true,,,0,
north-aegean-lesvos,north_aegean,1354,Paralia Gymniston Eresou,false,false,false,true,true,101,,26,
north-aegean-lesvos,north_aegean,1355,Paralia Gymniston Chrousos,false,true,false,true,true,55,,6,
north-aegean-lesvos,north_aegean,1356,Paralia Drotas,false,true,false,true,true,,,0,
north-aegean-lesvos,north_aegean,1357,Paralia Kagia,false,true,false,true,true,47,,5,
north-aegean-lesvos,north_aegean,1358,Paralia Nyfidas,false,true,false,true,true,310,,3,
north-aegean-lesvos,north_aegean,1359,Paralia Tarti,false,true,false,true,true,79,,12,
north-aegean-lesvos,north_aegean,1360,Paralia Tsonia,false,true,false,true,true,109,,4,
north-aegean-lesvos,north_aegean,1361,Peristeria,false,false,false,true,true,,,0,
north-aegean-lesvos,north_aegean,1362,Petalidi,true,false,true,true,true,42,,3,
north-aegean-lesvos,north_aegean,1363,Plaz Kanoni,false,true,false,true,true,62,,8,
north-aegean-lesvos,north_aegean,1364,Podaras,false,false,false,true,true,,,0,
north-aegean-lesvos,north_aegean,1365,Pyramies,false,false,false,true,true,778,,1,
north-aegean-lesvos,north_aegean,1366,Tilegrafos,false,false,false,true,true,,,0,
north-aegean-lesvos,north_aegean,1367,Tsafi,false,false,false,true,true,423,,12,
north-aegean-lesvos,north_aegean,1368,Tsilia,false,false,false,true,true,,,0,
north-aegean-lesvos,north_aegean,1369,Tsipouria,false,false,false,true,true,779,,1,
north-aegean-lesvos,north_aegean,1370,Tsichliota,false,false,false,true,true,,,0,
north-aegean-lesvos,north_aegean,1371,Tsichranta,false,true,false,true,true,347,,1,
north-aegean-lesvos,north_aegean,1372,Faneromeni,false,false,false,true,true,,,0,
north-aegean-lesvos,north_aegean,1373,Fara,false,true,false,true,true,603,,8,
north-aegean-lesvos,north_aegean,1374,Fykiotrypa,false,false,false,true,true,630,471,128,
north-aegean-lesvos,north_aegean,1375,Chalatses,false,false,false,true,true,34,,1,
north-aegean-lesvos,north_aegean,1376,Charamida,false,true,false,true,true,106,,4,
north-aegean-lesvos,north_aegean,1377,Charamida niseli,true,true,true,true,true,647,,1,
north-aegean-lesvos,north_aegean,1378,Chrousos,false,true,false,true,true,133,,6,
north-aegean-oinousses,north_aegean,1285,Kakopetria,false,false,false,true,true,331,,3,
north-aegean-oinousses,north_aegean,1286,Fasoli,false,false,false,true,true,780,,1,
north-aegean-oinousses,north_aegean,1287,Bilali,false,false,false,true,true,690,,1,
north-aegean-oinousses,north_aegean,1288,Apiganou,false,false,false,true,true,,,0,
north-aegean-oinousses,north_aegean,1289,Fokia,false,false,false,true,true,,,0,
north-aegean-oinousses,north_aegean,1290,Chochlakas,false,false,false,true,true,,,0,
north-aegean-oinousses,north_aegean,1291,Chatzali,false,false,false,true,true,,,0,
north-aegean-oinousses,north_aegean,1292,Katsika,false,false,false,true,true,,,0,
north-aegean-psara,north_aegean,1279,Archontiki,false,false,false,true,true,,,0,
north-aegean-psara,north_aegean,1280,Katsouni,false,false,false,true,true,295,,1,
north-aegean-psara,north_aegean,1281,Lakka,false,false,false,true,true,,,0,
north-aegean-psara,north_aegean,1282,Limnos,false,false,false,true,true,,,0,
north-aegean-psara,north_aegean,1283,Lazareta,false,false,false,true,true,739,,1,
north-aegean-psara,north_aegean,1284,Psili,false,false,false,true,true,,,0,
north-aegean-samos,north_aegean,1379,Agios Nikolaos,false,false,false,true,true,,,0,
north-aegean-samos,north_aegean,1380,Aspres (dytiki akti),false,false,false,true,true,374,,32,
north-aegean-samos,north_aegean,1381,Balos,false,true,false,true,true,321,,4,
north-aegean-samos,north_aegean,1382,Agios Ioannis Eleimonas,false,false,false,true,true,,,0,
north-aegean-samos,north_aegean,1383,Chantaki,false,false,false,true,true,354,,14,
north-aegean-samos,north_aegean,1384,Iraio,false,true,false,true,true,42,,34,
north-aegean-samos,north_aegean,1385,Kokkari,true,true,true,true,true,87,,43,
north-aegean-samos,north_aegean,1386,Pappa,false,true,false,true,true,21,,6,
north-aegean-samos,north_aegean,1387,Plaka (anatolikos ormos),false,false,false,true,true,,,0,
north-aegean-samos,north_aegean,1388,Plaka (dytikos ormos),false,false,false,true,true,,,0,
north-aegean-samos,north_aegean,1389,Platana,false,false,false,true,true,205,,5,
north-aegean-samos,north_aegean,1390,Pythagorio,true,true,true,true,true,68,,17,
north-aegean-samos,north_aegean,1391,Mikra Lemonakia,false,true,false,true,true,26,,43,
north-aegean-samos,north_aegean,1392,Trypiti,false,false,false,true,true,127,,12,
north-aegean-samos,north_aegean,1393,Aspros Kavos,false,false,false,true,true,,,0,
north-aegean-samos,north_aegean,1394,Klima,false,false,false,true,true,,,0,
north-aegean-samos,north_aegean,1395,Arapis,false,false,false,true,true,,,0,
north-aegean-samos,north_aegean,1396,Varsamo,false,false,false,true,true,,,0,
north-aegean-samos,north_aegean,1397,Gangou,false,true,false,true,true,636,,10,
north-aegean-samos,north_aegean,1398,Kakorema,false,false,false,true,true,,,0,
north-aegean-samos,north_aegean,1399,Kaladakia,false,true,false,true,true,,,0,
north-aegean-samos,north_aegean,1400,Koukounara,true,true,true,true,true,89,,60,
north-aegean-samos,north_aegean,1401,Kyriakou,false,false,false,true,true,,,0,
north-aegean-samos,north_aegean,1402,Lemonakia,false,true,false,true,true,282,,14,
north-aegean-samos,north_aegean,1403,Livadaki,true,true,true,true,true,24,,1,
north-aegean-samos,north_aegean,1404,Megalo Sitani,false,false,false,true,true,,,0,
north-aegean-samos,north_aegean,1405,Megali Lakka,false,false,false,true,true,,,0,
north-aegean-samos,north_aegean,1406,Mikri Lakka,false,false,false,true,true,,,2,
north-aegean-samos,north_aegean,1407,Mikro Sitani,false,false,false,true,true,,,0,
north-aegean-samos,north_aegean,1408,Mourtia,false,true,false,true,true,,,2,
north-aegean-samos,north_aegean,1409,Aspres (anatoliki akti),true,true,false,true,true,109,,42,
north-aegean-samos,north_aegean,1410,Paralia Vergis,false,false,false,true,true,,,0,
north-aegean-samos,north_aegean,1411,Paralia Kampos Marathokampou,true,true,true,true,true,95,,29,
north-aegean-samos,north_aegean,1412,Paralia Kampou Vourlioton,true,false,true,true,true,,,0,
north-aegean-samos,north_aegean,1413,Potami,false,true,false,true,true,161,,9,
north-aegean-samos,north_aegean,1414,Roditses,true,true,true,true,true,239,,22,
north-aegean-samos,north_aegean,1415,Tsampou,true,true,false,true,true,67,,4,
north-aegean-samos,north_aegean,1416,Tsamadou,true,true,true,true,true,90,,14,
north-aegean-samos,north_aegean,1417,Psili Ammos anatolikis Samou,false,true,false,true,true,33,,11,
north-aegean-samos,north_aegean,1418,Psili Ammos Marathokampou,false,true,false,true,true,80,,10,
north-aegean-samos,north_aegean,3037,Samos Vathy Maounes,true,true,false,true,true,444,,1,
north-aegean-samos,north_aegean,3106,Limnionas (Samos),false,false,false,true,true,105,,8,
north-aegean-samos,north_aegean,3107,Plaka (Samos),false,false,false,true,true,,,0,
peloponnese-argolida-mainland,mainland_peloponnese,1471,Anavalos,false,false,false,true,true,,,1,
peloponnese-argolida-mainland,mainland_peloponnese,1472,Anepisimi Gymnistiki Paralia,false,false,false,true,true,,,0,
peloponnese-argolida-mainland,mainland_peloponnese,1473,Ververonta,false,true,false,true,true,261,,3,
peloponnese-argolida-mainland,mainland_peloponnese,1474,Gliati,false,false,false,true,true,35,,5,
peloponnese-argolida-mainland,mainland_peloponnese,1475,Kalamaki,false,true,false,true,true,424,,32,
peloponnese-argolida-mainland,mainland_peloponnese,1476,Karathona,true,true,true,true,true,342,,13,
peloponnese-argolida-mainland,mainland_peloponnese,1477,Kastraki,false,false,false,false,false,30,,51,
peloponnese-argolida-mainland,mainland_peloponnese,1478,Lepitsa,false,true,false,true,true,34,,4,
peloponnese-argolida-mainland,mainland_peloponnese,1479,Mikri Vourlia,false,false,false,true,true,,,0,
peloponnese-argolida-mainland,mainland_peloponnese,1480,Bouka,false,true,false,true,true,,,0,
peloponnese-argolida-mainland,mainland_peloponnese,1481,Neraki,false,false,false,true,true,,,0,
peloponnese-argolida-mainland,mainland_peloponnese,1482,"Paralia ""Panagia Polemarchos""",false,false,false,true,true,,,1,
peloponnese-argolida-mainland,mainland_peloponnese,1483,Paralia Agiou Nikolaou - Kondyli,true,true,true,true,true,,,0,
peloponnese-argolida-mainland,mainland_peloponnese,1484,Paralia Arvanitia,true,true,true,true,true,65,,131,
peloponnese-argolida-mainland,mainland_peloponnese,1485,Paralia Asinis,false,true,false,true,true,327,,21,
peloponnese-argolida-mainland,mainland_peloponnese,1486,Paralia Vagionia,false,true,false,true,true,252,,37,
peloponnese-argolida-mainland,mainland_peloponnese,1487,Paralia Kantias,false,true,false,true,true,156,,5,
peloponnese-argolida-mainland,mainland_peloponnese,1488,Paralia Kiveriou,false,true,false,true,true,46,,18,
peloponnese-argolida-mainland,mainland_peloponnese,1489,Paralia Mylon,false,true,false,true,true,96,,13,
peloponnese-argolida-mainland,mainland_peloponnese,1490,Paralia Salanti,false,false,false,true,true,,,0,
peloponnese-argolida-mainland,mainland_peloponnese,1491,Paralia Timeniou,false,true,false,true,true,480,,2,
peloponnese-argolida-mainland,mainland_peloponnese,1492,Paralia Fournon,false,true,false,true,true,,,0,
peloponnese-argolida-mainland,mainland_peloponnese,1493,Petrothalassa,false,true,false,true,true,,,0,
peloponnese-argolida-mainland,mainland_peloponnese,1494,Plaka Drepanou,true,true,true,true,true,321,,5,
peloponnese-argolida-mainland,mainland_peloponnese,1495,Paralia Tolou - Psili Ammos,true,true,true,true,true,87,,58,
peloponnese-argolida-mainland,mainland_peloponnese,1496,Vivari,true,true,true,true,true,25,,11,
peloponnese-argolida-mainland,mainland_peloponnese,1497,Iria,true,true,true,true,true,29,,3,
peloponnese-argolida-mainland,mainland_peloponnese,1498,Gialasi,true,true,true,true,true,539,,4,
peloponnese-argolida-mainland,mainland_peloponnese,1499,Nea Epidavros - Aliotou,true,true,true,true,true,,,0,
peloponnese-argolida-mainland,mainland_peloponnese,1500,Kouverta,true,true,true,true,true,180,,1,
peloponnese-argolida-mainland,mainland_peloponnese,1501,Kounoupi,false,false,false,true,true,,,0,
peloponnese-argolida-mainland,mainland_peloponnese,1502,Chinitsa,true,false,true,true,true,437,,4,
peloponnese-argolida-mainland,mainland_peloponnese,1503,Paralia Dardeza,true,false,true,true,true,,,0,
peloponnese-argolida-mainland,mainland_peloponnese,1504,Kosta,true,true,true,true,true,629,,3,
peloponnese-arkadia-mainland,mainland_peloponnese,1505,Agios Christoforos - Zaritisi Tyrou,true,true,false,true,true,236,,2,
peloponnese-arkadia-mainland,mainland_peloponnese,1506,Ammos tou Moula,true,false,false,true,true,,,0,
peloponnese-arkadia-mainland,mainland_peloponnese,1507,Atsinganos,true,false,true,true,true,204,,9,
peloponnese-arkadia-mainland,mainland_peloponnese,1508,Viles,false,false,false,true,true,,,0,
peloponnese-arkadia-mainland,mainland_peloponnese,1509,Zaritsi,false,true,false,true,true,77,,2,
peloponnese-arkadia-mainland,mainland_peloponnese,1510,Karakatsanis,false,false,false,true,true,,,0,
peloponnese-arkadia-mainland,mainland_peloponnese,1511,Kryoneri,false,true,false,true,true,180,,1,
peloponnese-arkadia-mainland,mainland_peloponnese,1512,Lygaria,false,false,false,true,true,552,,1,
peloponnese-arkadia-mainland,mainland_peloponnese,1513,Nekrotafio,false,false,false,true,true,,,0,
peloponnese-arkadia-mainland,mainland_peloponnese,1514,Paliochano,false,false,false,true,true,316,,4,
peloponnese-arkadia-mainland,mainland_peloponnese,1515,Paralia Vervenon,false,true,false,true,true,207,,4,
peloponnese-arkadia-mainland,mainland_peloponnese,1516,Paralia Thiopavto,false,false,false,true,true,577,,6,
peloponnese-arkadia-mainland,mainland_peloponnese,1517,Paralia Xiropigadou,true,true,false,true,true,43,,10,
peloponnese-arkadia-mainland,mainland_peloponnese,1518,Plaz Paraliou Astrous,true,true,true,true,true,138,,13,
peloponnese-arkadia-mainland,mainland_peloponnese,1519,Poulithra,false,true,false,true,true,150,,11,
peloponnese-arkadia-mainland,mainland_peloponnese,1520,Tigani (Fournaka),true,true,true,true,true,135,,5,
peloponnese-korinthia-mainland,mainland_peloponnese,1521,Kalamaki,true,true,true,true,true,169,,9,
peloponnese-korinthia-mainland,mainland_peloponnese,1522,Kalamia,true,true,true,true,true,338,,29,
peloponnese-korinthia-mainland,mainland_peloponnese,1523,Kalogerolimano,false,false,false,true,true,,,0,
peloponnese-korinthia-mainland,mainland_peloponnese,1524,Kantare,true,true,true,true,true,729,,2,
peloponnese-korinthia-mainland,mainland_peloponnese,1525,Kokkosi,false,false,false,true,true,648,,3,
peloponnese-korinthia-mainland,mainland_peloponnese,1526,Kryfi,true,false,true,true,true,20,,9,
peloponnese-korinthia-mainland,mainland_peloponnese,1527,Levki,false,false,false,true,true,,,0,
peloponnese-korinthia-mainland,mainland_peloponnese,1528,Lychnari,false,false,false,true,true,,,2,
peloponnese-korinthia-mainland,mainland_peloponnese,1529,Megalo Amoni,false,false,false,true,true,98,,1,
peloponnese-korinthia-mainland,mainland_peloponnese,1530,Mikro Amoni,false,false,false,true,true,361,,1,
peloponnese-korinthia-mainland,mainland_peloponnese,1531,Paralia Agia Sotira,false,false,false,true,true,30,,9,
peloponnese-korinthia-mainland,mainland_peloponnese,1532,Paralia Agion Theodoron,true,true,true,true,true,236,,7,
peloponnese-korinthia-mainland,mainland_peloponnese,1533,Paralia Loutrakiou,true,true,true,true,true,38,20,70,
peloponnese-korinthia-mainland,mainland_peloponnese,1534,Paralia Lykoporias,true,true,true,true,true,197,,5,
peloponnese-korinthia-mainland,mainland_peloponnese,1535,Paralia Mylokopi,false,false,false,true,true,,,0,
peloponnese-korinthia-mainland,mainland_peloponnese,1536,Paralia Skalosia,false,false,false,true,true,,,1,
peloponnese-korinthia-mainland,mainland_peloponnese,1537,Plaz Alkyonidas,false,true,false,false,false,,,0,food-claim-no-osm|parking-claim-no-osm-poi
peloponnese-korinthia-mainland,mainland_peloponnese,1538,Plaz Limnis Iraiou,true,true,false,true,true,291,338,6,
peloponnese-korinthia-mainland,mainland_peloponnese,1539,Siderona,false,true,false,true,true,59,,3,
peloponnese-korinthia-mainland,mainland_peloponnese,1540,Sterna,false,true,false,true,true,247,,1,
peloponnese-korinthia-mainland,mainland_peloponnese,1541,Sykia,true,true,true,true,true,57,,15,
peloponnese-korinthia-mainland,mainland_peloponnese,3039,Loutraki Ag. Theodori,false,false,false,true,true,520,,8,
peloponnese-korinthia-mainland,mainland_peloponnese,3040,Loutraki Limni Vouliagmenis Iraiou,false,false,false,true,true,23,,2,
peloponnese-korinthia-mainland,mainland_peloponnese,3041,Loutraki Neraida,false,false,false,true,true,722,,1,
peloponnese-korinthia-mainland,mainland_peloponnese,3042,Loutraki Schinos,false,false,false,true,true,211,,3,
peloponnese-lakonia-mainland,mainland_peloponnese,1542,Agia Varvara,false,true,false,true,true,138,,10,
peloponnese-lakonia-mainland,mainland_peloponnese,1543,Agia Kyriaki,false,false,false,true,true,303,,2,
peloponnese-lakonia-mainland,mainland_peloponnese,1544,Agios Kyprianos,false,false,false,true,true,,,0,
peloponnese-lakonia-mainland,mainland_peloponnese,1545,Alypa,false,true,false,true,true,8,,2,
peloponnese-lakonia-mainland,mainland_peloponnese,1546,Ampelakia,false,true,false,true,true,48,,8,
peloponnese-lakonia-mainland,mainland_peloponnese,1547,Ampelo,false,false,false,true,true,,,0,
peloponnese-lakonia-mainland,mainland_peloponnese,1548,Androgyalos,false,false,false,true,true,,,0,
peloponnese-lakonia-mainland,mainland_peloponnese,1549,Anepisimi Gymnistiki Paralia,false,false,false,true,true,327,,7,
peloponnese-lakonia-mainland,mainland_peloponnese,1550,Artani,false,false,false,true,true,74,,44,
peloponnese-lakonia-mainland,mainland_peloponnese,1551,Vathy,true,true,true,true,true,336,,8,
peloponnese-lakonia-mainland,mainland_peloponnese,1552,Viandini (Vourkos),false,true,false,true,true,50,,17,
peloponnese-lakonia-mainland,mainland_peloponnese,1553,Vlychada,false,false,false,true,true,31,,1,
peloponnese-lakonia-mainland,mainland_peloponnese,1554,Vordonas,false,false,false,true,true,146,,10,
peloponnese-lakonia-mainland,mainland_peloponnese,1555,Gialos,false,true,false,true,true,197,,2,
peloponnese-lakonia-mainland,mainland_peloponnese,1556,Drimiskos,false,false,false,true,true,,,0,
peloponnese-lakonia-mainland,mainland_peloponnese,1557,Thyni,false,false,false,true,true,42,,2,
peloponnese-lakonia-mainland,mainland_peloponnese,1558,Kalamakia,false,true,false,true,true,25,,10,
peloponnese-lakonia-mainland,mainland_peloponnese,1559,Kamares,false,true,false,true,true,,,0,
peloponnese-lakonia-mainland,mainland_peloponnese,1560,Karavostasi Itylou,false,true,false,true,true,178,,4,
peloponnese-lakonia-mainland,mainland_peloponnese,1561,Kastella,false,false,false,true,true,,,0,
peloponnese-lakonia-mainland,mainland_peloponnese,1562,Kontogoni,true,true,true,true,true,65,,40,
peloponnese-lakonia-mainland,mainland_peloponnese,1563,Kochylas,false,false,false,true,true,,,0,
peloponnese-lakonia-mainland,mainland_peloponnese,1564,Kyani Akti,false,true,false,false,true,,,2,
peloponnese-lakonia-mainland,mainland_peloponnese,1565,Limani,false,true,false,true,true,63,,17,
peloponnese-lakonia-mainland,mainland_peloponnese,1566,Marmari,false,true,false,true,true,129,,1,
peloponnese-lakonia-mainland,mainland_peloponnese,1567,Megali Ammos,true,true,false,true,true,164,,27,
peloponnese-lakonia-mainland,mainland_peloponnese,1568,Balogkeri (Damos),false,false,false,true,true,,,0,
peloponnese-lakonia-mainland,mainland_peloponnese,1569,Bozas,false,true,false,true,true,55,,3,
peloponnese-lakonia-mainland,mainland_peloponnese,1570,Molos,false,true,false,true,true,49,,27,
peloponnese-lakonia-mainland,mainland_peloponnese,1571,Xifias,false,true,false,true,true,230,,8,
peloponnese-lakonia-mainland,mainland_peloponnese,1572,Itylo,false,true,false,true,true,108,,11,
peloponnese-lakonia-mainland,mainland_peloponnese,1573,Paralia 100 Rizes,true,true,true,true,true,,0,1,
peloponnese-lakonia-mainland,mainland_peloponnese,1574,Paralia Aglyftis,false,false,false,true,true,,,0,
peloponnese-lakonia-mainland,mainland_peloponnese,1575,Paralia Valtaki,true,false,true,true,true,614,,4,
peloponnese-lakonia-mainland,mainland_peloponnese,1576,Paralia Elias,false,true,false,true,true,124,1,2,
peloponnese-lakonia-mainland,mainland_peloponnese,1577,Paralia Kalevolou,false,false,false,true,true,503,,2,
peloponnese-lakonia-mainland,mainland_peloponnese,1578,Paralia Kato Nisi,false,true,false,true,true,387,,2,
peloponnese-lakonia-mainland,mainland_peloponnese,1579,Paralia Kokkinia,false,false,false,false,true,559,,1,
peloponnese-lakonia-mainland,mainland_peloponnese,1580,Paralia Kotrona,false,true,false,true,true,64,,8,
peloponnese-lakonia-mainland,mainland_peloponnese,1581,Paralia Levkis,false,false,false,true,true,642,,10,
peloponnese-lakonia-mainland,mainland_peloponnese,1582,Paralia Mavrovouniou,false,true,false,true,true,297,278,17,
peloponnese-lakonia-mainland,mainland_peloponnese,1583,Paralia Neratziona,false,true,false,true,true,,,0,
peloponnese-lakonia-mainland,mainland_peloponnese,1584,Paralia Sarakiniko,true,true,true,true,true,529,,13,
peloponnese-lakonia-mainland,mainland_peloponnese,1585,Paralia Selinitsas,false,true,false,true,true,105,,2,
peloponnese-lakonia-mainland,mainland_peloponnese,1586,Paralia Simos,true,true,true,true,true,233,,6,
peloponnese-lakonia-mainland,mainland_peloponnese,1587,Paralia tis Pikrias,false,false,false,true,true,630,,18,
peloponnese-lakonia-mainland,mainland_peloponnese,1588,Paralia Trinisa,false,false,false,true,true,,784,1,
peloponnese-lakonia-mainland,mainland_peloponnese,1589,Plytra - Pachia Ammos,false,true,false,true,true,274,,46,
peloponnese-lakonia-mainland,mainland_peloponnese,1590,Pori,true,true,true,true,true,80,,1,
peloponnese-lakonia-mainland,mainland_peloponnese,1591,Porto Kagio,false,true,false,true,true,31,,7,
peloponnese-lakonia-mainland,mainland_peloponnese,1592,Poulia,false,false,false,true,true,,,0,
peloponnese-lakonia-mainland,mainland_peloponnese,1593,Pounta,false,true,false,true,true,440,,3,
peloponnese-lakonia-mainland,mainland_peloponnese,1594,Proto Avlaki,false,false,false,true,true,562,,18,
peloponnese-lakonia-mainland,mainland_peloponnese,1595,Pyla,false,false,false,true,true,,,1,
peloponnese-lakonia-mainland,mainland_peloponnese,1596,Pyliza,false,false,false,true,true,,,0,
peloponnese-lakonia-mainland,mainland_peloponnese,1597,Romaiki Paralia,false,false,false,true,true,419,,2,
peloponnese-lakonia-mainland,mainland_peloponnese,1598,Skopa,false,false,false,true,true,620,,6,
peloponnese-lakonia-mainland,mainland_peloponnese,1599,Tigania,true,true,true,true,true,159,,3,
peloponnese-lakonia-mainland,mainland_peloponnese,1600,Chalikia,false,false,false,false,true,97,,4,
peloponnese-lakonia-mainland,mainland_peloponnese,1601,Chalikia Vata,false,false,false,true,true,53,,1,
peloponnese-lakonia-mainland,mainland_peloponnese,1602,Charakia,false,false,false,true,true,,,1,
peloponnese-lakonia-mainland,mainland_peloponnese,3070,Paralia Almyrou,false,false,false,true,true,,,0,
peloponnese-lakonia-mainland,mainland_peloponnese,3071,Paralia Dirou,false,false,false,true,true,,,3,
peloponnese-lakonia-mainland,mainland_peloponnese,3091,Paralia Kato Mezapos,false,false,false,true,true,389,,4,
peloponnese-lakonia-mainland,mainland_peloponnese,3108,Kalogeros (Elafonisos),false,false,false,true,true,471,,22,
peloponnese-lakonia-mainland,mainland_peloponnese,3109,Karavostasi (Plytra),false,false,false,true,true,62,,43,
peloponnese-messinia-mainland,mainland_peloponnese,1603,Agia Triada,false,false,false,true,true,,,0,
peloponnese-messinia-mainland,mainland_peloponnese,1604,Agios Nikolaos,false,true,false,true,true,358,,35,
peloponnese-messinia-mainland,mainland_peloponnese,1605,Ammos,false,false,false,true,true,,,0,
peloponnese-messinia-mainland,mainland_peloponnese,1606,Ammoudi,false,false,false,true,true,,,0,
peloponnese-messinia-mainland,mainland_peloponnese,1607,Artaki,true,true,true,true,true,150,734,67,
peloponnese-messinia-mainland,mainland_peloponnese,1608,Vidokilia,false,false,false,true,true,,,0,
peloponnese-messinia-mainland,mainland_peloponnese,1609,Vourlia,false,false,false,true,true,,,0,
peloponnese-messinia-mainland,mainland_peloponnese,1610,Vromoneri,false,true,false,true,true,,,0,
peloponnese-messinia-mainland,mainland_peloponnese,1611,Gargarou,false,false,false,true,true,,,2,
peloponnese-messinia-mainland,mainland_peloponnese,1612,Glyfada,false,false,false,true,true,,,0,
peloponnese-messinia-mainland,mainland_peloponnese,1613,Glossa (gymniston),false,false,false,true,true,,,0,
peloponnese-messinia-mainland,mainland_peloponnese,1614,Divari,true,true,true,true,true,181,,2,
peloponnese-messinia-mainland,mainland_peloponnese,1615,Zagka,true,true,true,true,true,214,209,64,
peloponnese-messinia-mainland,mainland_peloponnese,1616,Kalamaki,false,false,false,true,true,,,1,
peloponnese-messinia-mainland,mainland_peloponnese,1617,Kalogria,true,true,true,true,true,46,9,90,
peloponnese-messinia-mainland,mainland_peloponnese,1618,Kantouni,false,false,false,true,true,,,0,
peloponnese-messinia-mainland,mainland_peloponnese,1619,Koumpares,false,false,false,true,true,,,1,
peloponnese-messinia-mainland,mainland_peloponnese,1620,Kryoneri,false,false,false,true,true,133,,7,
peloponnese-messinia-mainland,mainland_peloponnese,1621,Lagkouvardos,true,true,true,true,true,,,0,
peloponnese-messinia-mainland,mainland_peloponnese,1622,Lampes,true,true,true,true,true,382,,2,
peloponnese-messinia-mainland,mainland_peloponnese,1623,Lachanou,false,false,false,true,true,797,,1,
peloponnese-messinia-mainland,mainland_peloponnese,1624,Livadia,false,true,false,true,true,385,528,62,
peloponnese-messinia-mainland,mainland_peloponnese,1625,Loutsa,true,true,true,true,true,202,,4,
peloponnese-messinia-mainland,mainland_peloponnese,1626,Mati,false,false,false,true,true,,,0,
peloponnese-messinia-mainland,mainland_peloponnese,1627,Mavrovouni,true,true,true,true,true,285,,7,
peloponnese-messinia-mainland,mainland_peloponnese,1628,Megalo Marathi,false,false,false,true,true,,,0,
peloponnese-messinia-mainland,mainland_peloponnese,1629,Memi,true,true,true,true,true,544,,4,
peloponnese-messinia-mainland,mainland_peloponnese,1630,Mikro Marathi,false,false,false,true,true,,,0,
peloponnese-messinia-mainland,mainland_peloponnese,1631,Paralia Vounaki,false,false,false,true,true,,,0,
peloponnese-messinia-mainland,mainland_peloponnese,1632,Paralia Gialova,true,true,false,true,true,205,532,22,
peloponnese-messinia-mainland,mainland_peloponnese,1633,Paralia Delfinia,false,true,false,true,true,606,,5,
peloponnese-messinia-mainland,mainland_peloponnese,1634,Paralia Kalamatas,true,true,true,true,true,179,168,31,
peloponnese-messinia-mainland,mainland_peloponnese,1635,Paralia Kalamitsi,false,false,false,true,true,,,1,
peloponnese-messinia-mainland,mainland_peloponnese,1636,Paralia Kolonides,true,true,true,true,true,713,,1,
peloponnese-messinia-mainland,mainland_peloponnese,1637,Paralia Methonis,true,true,true,true,true,50,,24,
peloponnese-messinia-mainland,mainland_peloponnese,1638,Paralia Pantazi,true,true,true,true,true,172,,8,
peloponnese-messinia-mainland,mainland_peloponnese,1639,Paralia Ritsa,true,true,true,true,true,100,92,11,
peloponnese-messinia-mainland,mainland_peloponnese,1640,Paralia Salio,false,true,false,true,true,37,250,31,
peloponnese-messinia-mainland,mainland_peloponnese,1641,Paralia Santovas,true,true,true,true,true,457,,3,
peloponnese-messinia-mainland,mainland_peloponnese,1642,Paralia Stomio,true,true,true,true,true,,,2,
peloponnese-messinia-mainland,mainland_peloponnese,1643,Paralia Filoxenia,true,true,true,true,true,624,145,15,
peloponnese-messinia-mainland,mainland_peloponnese,1644,Paralia Foneas,false,false,false,true,true,37,,6,
peloponnese-messinia-mainland,mainland_peloponnese,1645,Paralia Chomati,false,false,false,true,true,66,,6,
peloponnese-messinia-mainland,mainland_peloponnese,1646,Peroulia,true,true,true,true,true,143,,6,
peloponnese-messinia-mainland,mainland_peloponnese,1647,Petrochori,true,true,true,true,true,51,,35,
peloponnese-messinia-mainland,mainland_peloponnese,1648,Romanos,true,true,true,true,true,335,,32,
peloponnese-messinia-mainland,mainland_peloponnese,1649,Selitsa,false,false,false,true,true,,,0,
peloponnese-messinia-mainland,mainland_peloponnese,1650,Stoupa,true,true,true,true,true,85,57,92,
peloponnese-messinia-mainland,mainland_peloponnese,1651,Tsapi,false,true,false,true,true,131,,2,
peloponnese-messinia-mainland,mainland_peloponnese,1652,Chalikoura,false,false,false,true,true,72,199,74,
peloponnese-messinia-mainland,mainland_peloponnese,1653,Chelonaria,true,true,true,true,true,622,,2,
peloponnese-messinia-mainland,mainland_peloponnese,1654,Kartela,false,false,false,true,true,,,0,
peloponnese-messinia-mainland,mainland_peloponnese,1655,Oasi,false,false,false,true,true,,,0,
peloponnese-messinia-mainland,mainland_peloponnese,1656,Velonas,false,false,false,true,true,,,0,
peloponnese-messinia-mainland,mainland_peloponnese,3020,Agios Andreas,false,false,false,true,true,262,,2,
peloponnese-messinia-mainland,mainland_peloponnese,3021,Petalidi,false,false,false,true,true,50,,17,
south-aegean-agathonisi,dodecanese,2225,Vathy Pigadi,false,false,false,true,true,,,0,
south-aegean-agathonisi,dodecanese,2226,Gadourolakkos,false,false,false,true,true,646,,6,
south-aegean-agathonisi,dodecanese,2227,Palos,false,false,false,true,true,,,0,
south-aegean-agathonisi,dodecanese,2228,Paralia Spilias,false,false,false,true,true,425,,7,
south-aegean-agathonisi,dodecanese,2229,Tsagkari,false,false,false,true,true,695,,3,
south-aegean-amorgos,cyclades,1657,Agia Anna,false,true,false,true,true,122,,2,
south-aegean-amorgos,cyclades,1658,Agios Pavlos,true,true,true,true,true,41,,1,
south-aegean-amorgos,cyclades,1659,Kalokataritissa,true,true,true,true,true,51,,1,
south-aegean-amorgos,cyclades,1660,Kampi,false,false,false,true,true,303,,2,
south-aegean-amorgos,cyclades,1661,Kato Kampos,false,false,false,true,true,,,0,
south-aegean-amorgos,cyclades,1662,Levrosos,true,true,false,true,true,70,,8,
south-aegean-amorgos,cyclades,1663,Maltezi,true,true,true,true,true,,,1,
south-aegean-amorgos,cyclades,1664,Mouros,false,true,false,true,true,116,,3,
south-aegean-amorgos,cyclades,1665,Nikouria,false,false,false,true,true,,,0,
south-aegean-amorgos,cyclades,1666,Paradisia,false,true,false,true,true,,,1,
south-aegean-amorgos,cyclades,1667,Finikies,false,false,false,true,true,,,0,
south-aegean-amorgos,cyclades,1668,Chochlakas,false,false,false,true,true,626,,2,
south-aegean-amorgos,cyclades,1669,Psili Ammos,false,false,false,true,true,414,,2,
south-aegean-amorgos,cyclades,1670,Mikri Vlychada,false,false,false,true,true,,,0,
south-aegean-amorgos,cyclades,3083,Megali Vlychada,false,false,false,true,true,,,0,
south-aegean-anafi,cyclades,1671,Agii Anargyri,false,false,false,true,true,,,0,
south-aegean-anafi,cyclades,1672,Vagia,false,false,false,true,true,,,0,
south-aegean-anafi,cyclades,1673,Exo Roukounas,false,false,false,true,true,750,,2,
south-aegean-anafi,cyclades,1674,Kalagkathi,false,false,false,true,true,,,0,
south-aegean-anafi,cyclades,1675,Katalimatsa,false,false,false,true,true,321,,2,
south-aegean-anafi,cyclades,1676,Katsouni,false,false,false,true,true,416,,3,
south-aegean-anafi,cyclades,1677,Klisidi,false,true,false,true,true,112,,6,
south-aegean-anafi,cyclades,1678,Livoskopos,false,false,false,true,true,,,0,
south-aegean-anafi,cyclades,1679,Megas Potamos,false,false,false,true,true,,,0,
south-aegean-anafi,cyclades,1680,Mikros Roukounas,false,false,false,true,true,536,,2,
south-aegean-anafi,cyclades,1681,Xetrypiti,false,false,false,true,true,44,,14,
south-aegean-anafi,cyclades,1682,Prasies,false,false,false,true,true,,,0,
south-aegean-anafi,cyclades,1683,Prassa,false,false,false,true,true,,,0,
south-aegean-anafi,cyclades,1684,Roukounas,false,true,false,true,true,219,,2,
south-aegean-anafi,cyclades,1685,Flamourou,false,false,false,true,true,629,,3,
south-aegean-andros,cyclades,1686,Ag.Kyprianos,false,true,false,true,true,663,,3,
south-aegean-andros,cyclades,1687,Agios Ioannis,false,false,false,true,true,,,0,
south-aegean-andros,cyclades,1688,Agios Petros,true,true,true,true,true,88,78,24,
south-aegean-andros,cyclades,1689,Apothikes,true,true,true,true,true,41,18,2,
south-aegean-andros,cyclades,1690,Artemidi,false,false,false,true,true,,,0,
south-aegean-andros,cyclades,1691,Ateni,true,true,true,true,true,193,201,2,
south-aegean-andros,cyclades,1692,Achla,false,true,false,true,true,,,0,
south-aegean-andros,cyclades,1693,Vitali,true,true,true,true,true,38,0,6,
south-aegean-andros,cyclades,1694,Vlychada,false,false,false,true,true,,,0,
south-aegean-andros,cyclades,1695,Vori,false,false,false,true,true,,,0,
south-aegean-andros,cyclades,1696,Vintzi,false,true,false,true,true,137,,10,
south-aegean-andros,cyclades,1697,Gides,false,false,false,true,true,306,257,6,
south-aegean-andros,cyclades,1698,Gyalia,true,true,false,true,true,72,297,12,
south-aegean-andros,cyclades,1699,Zorkos,true,true,true,true,true,100,85,2,
south-aegean-andros,cyclades,1700,Kalamitsi,false,false,false,true,true,,,0,
south-aegean-andros,cyclades,1701,Kaminaki,false,false,false,true,true,,,0,
south-aegean-andros,cyclades,1702,Kolona,true,true,false,true,true,18,5,41,
south-aegean-andros,cyclades,1703,Nimporio,true,true,true,true,true,60,,62,
south-aegean-andros,cyclades,1704,Kourtali,false,false,false,true,true,,,0,
south-aegean-andros,cyclades,1705,Kypri,true,true,true,true,true,26,567,12,
south-aegean-andros,cyclades,1706,Levka,false,false,false,true,true,,,0,
south-aegean-andros,cyclades,1707,Lefkivari,false,false,false,true,true,,,0,
south-aegean-andros,cyclades,1708,Limanaki,false,false,false,true,true,,,0,
south-aegean-andros,cyclades,1709,Lydi,false,false,false,true,true,317,,10,
south-aegean-andros,cyclades,1710,Megala Peza,false,false,false,true,true,,,0,
south-aegean-andros,cyclades,1711,Mikra Peza,false,false,false,true,true,,,0,
south-aegean-andros,cyclades,1712,Mikrogiali,false,false,false,true,true,,,0,
south-aegean-andros,cyclades,1713,Batsi,true,true,true,true,true,91,163,42,
south-aegean-andros,cyclades,1714,Bouros,false,false,false,true,true,,,0,
south-aegean-andros,cyclades,1715,Palaiopoli,false,false,false,true,true,52,,2,
south-aegean-andros,cyclades,1716,Paralia Felou,false,true,false,true,true,564,,1,
south-aegean-andros,cyclades,1717,Paraporti,true,true,true,true,true,244,,64,
south-aegean-andros,cyclades,1718,Piso Gyalia,true,true,true,true,true,76,66,12,
south-aegean-andros,cyclades,1719,Piso Limnionas,false,false,false,true,true,,,0,
south-aegean-andros,cyclades,1720,Platanistos,false,false,false,true,true,,,0,
south-aegean-andros,cyclades,1721,Pyrgos,false,false,false,true,true,,,0,
south-aegean-andros,cyclades,1722,Rozos,false,false,false,true,true,,,0,
south-aegean-andros,cyclades,1723,Steno (Stavros),false,false,false,true,true,,,0,
south-aegean-andros,cyclades,1724,Syneti,false,false,false,true,true,,,1,
south-aegean-andros,cyclades,1725,Tis grias to pidima,false,false,false,true,true,442,,6,
south-aegean-andros,cyclades,1726,Chrysi Ammos,true,true,true,true,true,44,11,24,
south-aegean-antiparos,cyclades,1727,Agios Sostis,false,false,false,true,true,,,0,
south-aegean-antiparos,cyclades,1728,Akti Panagias Faneromenis,false,false,false,true,true,,,0,
south-aegean-antiparos,cyclades,1729,Devteri Psaralyki,true,true,true,true,true,151,,16,
south-aegean-antiparos,cyclades,1730,Theologos,false,false,false,true,true,308,,7,
south-aegean-antiparos,cyclades,1731,Kaloudia,false,false,false,true,true,131,,27,
south-aegean-antiparos,cyclades,1732,Livadi,false,false,false,true,true,,,0,
south-aegean-antiparos,cyclades,1733,Livadia,false,false,false,true,true,,,0,
south-aegean-antiparos,cyclades,1734,Paralia Panagias Despotikou,false,false,false,true,true,,,0,
south-aegean-antiparos,cyclades,1735,Proti Psaralyki,true,true,true,true,true,240,,26,
south-aegean-antiparos,cyclades,1736,Sifniko,false,false,false,true,true,218,,25,
south-aegean-antiparos,cyclades,1737,Soro,true,true,true,true,true,67,,3,
south-aegean-antiparos,cyclades,3072,Paralia Monatiri,false,false,false,true,true,,,0,
south-aegean-arki,dodecanese,2498,Patelia,false,false,false,true,true,175,,6,
south-aegean-arki,dodecanese,2499,Limnari,false,false,false,true,true,797,,1,
south-aegean-astypalaia,dodecanese,2230,Agios Vasilios,false,false,false,true,true,205,,13,
south-aegean-astypalaia,dodecanese,2231,Agios Ioannis Richtis,false,false,false,true,true,,,0,
south-aegean-astypalaia,dodecanese,2232,Agios Ioannis,false,false,false,true,true,,,0,
south-aegean-astypalaia,dodecanese,2233,Agios Konstantinos,true,true,true,true,true,38,,4,
south-aegean-astypalaia,dodecanese,2234,Vai,false,false,false,true,true,,,0,
south-aegean-astypalaia,dodecanese,2235,Vatses,true,true,true,true,true,,,1,
south-aegean-astypalaia,dodecanese,2236,Kaminakia,true,true,true,true,true,83,,3,
south-aegean-astypalaia,dodecanese,2237,Kounoupes,false,false,false,true,true,60,,1,
south-aegean-astypalaia,dodecanese,2238,Lantes,false,false,false,true,true,,,0,
south-aegean-astypalaia,dodecanese,2239,Livadi,true,true,true,true,true,66,,16,
south-aegean-astypalaia,dodecanese,2240,Magazaki,false,false,false,true,true,293,1,43,osm-resort-not-claimed
south-aegean-astypalaia,dodecanese,2241,Mamounia,false,false,false,true,true,,,0,
south-aegean-astypalaia,dodecanese,2242,Mikres Vatses,false,false,false,true,true,,,1,
south-aegean-astypalaia,dodecanese,2243,Ble Limanaki,false,false,false,true,true,591,,5,
south-aegean-astypalaia,dodecanese,2244,Panormos,false,false,false,true,true,,,0,
south-aegean-astypalaia,dodecanese,2245,Pappou,false,false,false,true,true,596,,4,
south-aegean-astypalaia,dodecanese,2246,Pachia Ammos,false,false,false,true,true,,,0,
south-aegean-astypalaia,dodecanese,2247,Plakes,false,false,false,true,true,,,2,
south-aegean-astypalaia,dodecanese,2248,Steno,true,true,true,true,true,,,0,
south-aegean-astypalaia,dodecanese,2249,Psili Ammos,false,false,false,true,true,,,0,
south-aegean-astypalaia,dodecanese,3073,Koutsomiti,false,false,false,true,true,,,0,
south-aegean-astypalaia,dodecanese,3092,Steno,false,false,false,true,true,,,2,
south-aegean-donousa,cyclades,2189,Kedros,false,false,false,true,true,79,,3,
south-aegean-donousa,cyclades,2190,Livadi,false,false,false,true,true,753,,1,
south-aegean-donousa,cyclades,2191,Limenari,false,false,false,true,true,,,0,
south-aegean-donousa,cyclades,2192,Stavros,true,true,false,true,true,39,,9,
south-aegean-folegandros,cyclades,1739,Agios Georgios,false,false,false,true,true,,,0,
south-aegean-folegandros,cyclades,1740,Agios Nikolaos,false,true,false,true,true,53,,6,
south-aegean-folegandros,cyclades,1741,Agkali,false,true,false,true,true,36,,11,
south-aegean-folegandros,cyclades,1742,Ampeli,false,false,false,true,true,,,0,
south-aegean-folegandros,cyclades,1743,Vardia,false,true,false,true,true,93,,4,
south-aegean-folegandros,cyclades,1744,Vitsentzou,false,false,false,true,true,484,,16,
south-aegean-folegandros,cyclades,1745,Galifos,false,false,false,true,true,305,,12,
south-aegean-folegandros,cyclades,1746,Katergo,false,false,false,true,true,,,0,
south-aegean-folegandros,cyclades,1747,Kochlidia,false,true,false,true,true,117,,4,
south-aegean-folegandros,cyclades,1748,Latinaki,false,false,false,true,true,547,,16,
south-aegean-folegandros,cyclades,1749,Livadaki,false,false,false,true,true,,,0,
south-aegean-folegandros,cyclades,1750,Livadi,false,true,false,true,true,197,,12,
south-aegean-folegandros,cyclades,1751,Lygaria,false,false,false,true,true,,,0,
south-aegean-folegandros,cyclades,1752,Paralia Vorina,false,false,false,true,true,,,0,
south-aegean-folegandros,cyclades,1753,Pountaki,false,false,false,true,true,349,,12,
south-aegean-folegandros,cyclades,1754,Fira,false,false,false,true,true,386,,10,
south-aegean-halki,dodecanese,2250,Ftenagia,false,true,false,true,true,33,0,19,
south-aegean-halki,dodecanese,2251,Kania,false,true,false,true,true,33,,1,
south-aegean-ios,cyclades,1755,Foniadiko,false,false,false,true,true,,,1,
south-aegean-ios,cyclades,1756,Gero Aggeli,false,false,false,true,true,,,0,
south-aegean-ios,cyclades,1757,Kalo Avlaki,false,false,false,true,true,,,1,
south-aegean-ios,cyclades,1758,Plakotos,false,false,false,true,true,,,0,
south-aegean-ios,cyclades,1759,Agia Theodoti,true,true,true,true,true,377,,2,
south-aegean-ios,cyclades,1760,Agia Kyriaki,false,false,false,true,true,,,0,
south-aegean-ios,cyclades,1762,Almyros,false,false,false,true,true,,,0,
south-aegean-ios,cyclades,1763,Antonarou,false,false,false,true,true,,,0,
south-aegean-ios,cyclades,1764,Vathy Rema,false,false,false,true,true,,,0,
south-aegean-ios,cyclades,1765,Valmas,false,true,false,true,true,773,,4,
south-aegean-ios,cyclades,1766,Diammoudia,false,false,false,true,true,,,0,
south-aegean-ios,cyclades,1767,Kalamos,false,false,false,true,true,,,0,
south-aegean-ios,cyclades,1768,Kampaki,false,false,false,true,true,,,0,
south-aegean-ios,cyclades,1769,Karatzas,false,false,false,true,true,,,0,
south-aegean-ios,cyclades,1771,Katsiveli,false,false,false,true,true,422,535,24,
south-aegean-ios,cyclades,1772,Klima,false,false,false,true,true,,,0,
south-aegean-ios,cyclades,1773,Kolitsani,false,false,false,true,true,670,,20,
south-aegean-ios,cyclades,1774,Koumpara,true,true,true,true,true,103,,9,
south-aegean-ios,cyclades,1776,Lorentzaina,false,false,false,true,true,,,0,
south-aegean-ios,cyclades,1777,Louka Avlaki,false,false,false,true,true,,,0,
south-aegean-ios,cyclades,1778,Manganari,true,true,true,true,true,106,114,14,
south-aegean-ios,cyclades,1779,Manousou,false,false,false,true,true,,,0,
south-aegean-ios,cyclades,1780,Mylopotas,true,true,true,true,true,190,119,30,
south-aegean-ios,cyclades,1781,Neraki,false,false,false,true,true,,,0,
south-aegean-ios,cyclades,1782,Domino,false,false,false,true,true,,,0,
south-aegean-ios,cyclades,1783,Pepa,false,false,false,true,true,,,0,
south-aegean-ios,cyclades,1785,Papas,false,false,false,true,true,,,0,
south-aegean-ios,cyclades,1789,Pikri Nero,false,false,false,true,true,,,0,
south-aegean-ios,cyclades,1790,Plakes,false,false,false,true,true,,,0,
south-aegean-ios,cyclades,1791,Roussou,false,false,false,true,true,,,0,
south-aegean-ios,cyclades,1792,Santoriniko,false,false,false,true,true,662,550,14,
south-aegean-ios,cyclades,1793,Sapounochoma,false,false,false,true,true,,,0,
south-aegean-ios,cyclades,1794,Sofias Avlaki,false,false,false,true,true,,,0,
south-aegean-ios,cyclades,1795,Tzamaria,false,false,false,true,true,407,,14,
south-aegean-ios,cyclades,1798,Tris Klisies vorios,false,false,false,true,true,,,0,
south-aegean-ios,cyclades,1799,Tris Klisies megali,false,false,false,true,true,,,0,
south-aegean-ios,cyclades,1800,Tris Klisies mikri,false,false,false,true,true,,,0,
south-aegean-ios,cyclades,1801,Trypiti,false,false,false,true,true,,,0,
south-aegean-ios,cyclades,1802,Chalara,false,false,false,true,true,,,0,
south-aegean-ios,cyclades,1803,Psathi,true,true,true,true,true,263,,1,
south-aegean-iraklia,cyclades,2219,Vorini Spilia,false,false,false,true,true,,,0,
south-aegean-iraklia,cyclades,2220,Livadi,false,true,false,true,true,233,,2,
south-aegean-kalymnos,dodecanese,2252,Exo Almyres,false,false,false,true,true,,,0,
south-aegean-kalymnos,dodecanese,2253,Chali,false,false,false,true,true,,,0,
south-aegean-kalymnos,dodecanese,2254,Kalimies,true,true,true,true,true,31,,7,
south-aegean-kalymnos,dodecanese,2255,Pezonta,false,false,false,true,true,,,0,
south-aegean-kalymnos,dodecanese,2256,Platys Gialos,true,true,false,true,true,29,,7,
south-aegean-kalymnos,dodecanese,2257,Tichi,false,false,false,true,true,560,,2,
south-aegean-kalymnos,dodecanese,2258,Vizotos,false,false,false,true,true,,,0,
south-aegean-kalymnos,dodecanese,2259,Kasonia,true,true,true,true,true,265,,27,
south-aegean-kalymnos,dodecanese,2260,Paralia Alexis,false,false,false,true,true,,,0,
south-aegean-kalymnos,dodecanese,2261,Paralia Arginonta,true,true,true,true,true,51,,10,
south-aegean-kalymnos,dodecanese,2262,Paralia Gefyra,true,true,false,true,true,680,,6,
south-aegean-kalymnos,dodecanese,2263,Paralia Elia,false,false,false,true,true,,,0,
south-aegean-kalymnos,dodecanese,2264,Paralia Therma,true,true,false,true,true,,,0,
south-aegean-kalymnos,dodecanese,2265,Paralia Kantouni,true,true,false,true,true,173,,14,
south-aegean-kalymnos,dodecanese,2266,Paralia Linaria,true,true,false,true,true,111,,14,
south-aegean-kalymnos,dodecanese,2267,Paralia Megales Almyres,false,false,false,true,true,,,0,
south-aegean-kalymnos,dodecanese,2268,Paralia Mikres Almyres,false,false,false,true,true,,,0,
south-aegean-kalymnos,dodecanese,2269,Paralia Palionisos,true,true,true,true,true,30,,5,
south-aegean-kalymnos,dodecanese,2270,Paralia Siki,false,false,false,true,true,,,0,
south-aegean-kalymnos,dodecanese,2271,Paralia Sykatis,false,false,false,true,true,,,0,
south-aegean-karpathos,dodecanese,2272,Achata,true,true,false,true,true,,,1,
south-aegean-karpathos,dodecanese,2273,Alimounta,false,false,false,true,true,,,0,
south-aegean-karpathos,dodecanese,2274,Ammoopi,true,true,false,true,true,50,,32,
south-aegean-karpathos,dodecanese,2275,Apella,true,true,false,true,true,243,,4,
south-aegean-karpathos,dodecanese,2276,Evgonymos,false,false,false,true,true,,,0,
south-aegean-karpathos,dodecanese,2277,Finiki,true,true,false,true,true,50,,4,
south-aegean-karpathos,dodecanese,2278,Fokia,true,false,true,true,true,787,,5,
south-aegean-karpathos,dodecanese,2279,Forokli,false,false,false,true,true,,,0,
south-aegean-karpathos,dodecanese,2280,Fisses,false,false,false,true,true,620,,11,
south-aegean-karpathos,dodecanese,2281,Gialou Chorafi,true,true,false,true,true,59,,42,
south-aegean-karpathos,dodecanese,2282,Kastelia,true,true,false,true,true,76,,34,
south-aegean-karpathos,dodecanese,2283,Kaminaki,false,false,false,true,true,,,0,
south-aegean-karpathos,dodecanese,2284,Kantri,false,false,false,true,true,,,0,
south-aegean-karpathos,dodecanese,2285,Kapi,false,false,false,true,true,,,0,
south-aegean-karpathos,dodecanese,2286,Lakki,true,true,false,true,true,177,,34,
south-aegean-karpathos,dodecanese,2287,Lares,false,false,false,true,true,,,0,
south-aegean-karpathos,dodecanese,2288,Mikri Ammoopi,true,true,false,true,true,52,,20,
south-aegean-karpathos,dodecanese,2289,Lala,false,false,false,true,true,,,0,
south-aegean-karpathos,dodecanese,2290,Makria,false,false,false,true,true,,,0,
south-aegean-karpathos,dodecanese,2291,Nati,false,false,false,true,true,,,0,
south-aegean-karpathos,dodecanese,2292,Palatia,false,false,false,true,true,,,0,
south-aegean-karpathos,dodecanese,2293,Limani Panagias,false,false,false,true,true,49,,36,
south-aegean-karpathos,dodecanese,2294,Papas Minas,false,false,false,true,true,,,0,
south-aegean-karpathos,dodecanese,2295,Pontikalia,false,false,false,true,true,,,0,
south-aegean-karpathos,dodecanese,2296,Potali,true,true,false,true,true,136,,16,
south-aegean-karpathos,dodecanese,2297,Tis Perdikas Potamos,false,false,false,true,true,,,0,
south-aegean-karpathos,dodecanese,2298,Vananta,false,false,false,true,true,,,1,
south-aegean-karpathos,dodecanese,2299,Votsalakia,true,true,true,true,true,53,,34,
south-aegean-karpathos,dodecanese,2300,Opsi,false,false,false,true,true,,,0,
south-aegean-karpathos,dodecanese,2301,Agios Minas,true,true,true,true,true,82,,2,
south-aegean-karpathos,dodecanese,2302,Agia Irini,false,false,false,true,true,,,0,
south-aegean-karpathos,dodecanese,2303,Argilaopotamos,true,true,false,true,true,72,,1,
south-aegean-karpathos,dodecanese,2304,Vathia,true,true,true,true,true,389,,1,
south-aegean-karpathos,dodecanese,2305,Damatria,true,true,false,true,true,654,,3,
south-aegean-karpathos,dodecanese,2306,Kato Lakkos,false,false,false,true,true,,,0,
south-aegean-karpathos,dodecanese,2307,Kipos Michaliou,true,true,true,true,true,,,0,
south-aegean-karpathos,dodecanese,2308,Kyra Panagia,true,true,true,true,true,227,45,3,
south-aegean-karpathos,dodecanese,2309,Makrygialos,false,true,false,true,true,242,,4,
south-aegean-karpathos,dodecanese,2310,Paralia Agios Theodoros,true,true,false,true,true,111,,2,
south-aegean-karpathos,dodecanese,2311,Paralia Agiou Nikolaou,true,true,true,true,true,66,,19,
south-aegean-karpathos,dodecanese,2312,Paralia Agnontia,false,false,false,true,true,,,0,
south-aegean-karpathos,dodecanese,2313,Paralia Arkasa,true,true,false,true,true,221,,33,
south-aegean-karpathos,dodecanese,2314,Paralia Diakoftis,true,true,true,true,true,74,,2,
south-aegean-karpathos,dodecanese,2315,Christou Pigadi,true,true,false,true,true,109,,4,
south-aegean-karpathos,dodecanese,2316,Psoraris,false,false,false,true,true,,,0,
south-aegean-kasos,dodecanese,2485,Chelatros,false,false,false,true,true,56,,2,
south-aegean-kasos,dodecanese,2486,Chochlakia,false,false,false,true,true,,,2,
south-aegean-kasos,dodecanese,2487,Mikro Avlaki,false,false,false,true,true,,,2,
south-aegean-kasos,dodecanese,2488,Paralia Trita,false,false,false,true,true,,,0,
south-aegean-kasos,dodecanese,2489,Ammoua,true,true,true,true,true,34,,1,
south-aegean-kastellorizo,dodecanese,2317,Mandraki,false,true,false,true,true,393,433,13,
south-aegean-kastellorizo,dodecanese,2318,Paralia Agiou Georgiou,false,true,false,true,true,33,0,3,
south-aegean-kastellorizo,dodecanese,2319,Plakes,false,false,false,true,true,,,0,
south-aegean-kea,cyclades,1804,Agios Filippos,false,false,false,true,true,,,0,
south-aegean-kea,cyclades,1805,Avythou,false,false,false,true,true,,,0,
south-aegean-kea,cyclades,1806,Vlanti,false,false,false,true,true,,,0,
south-aegean-kea,cyclades,1807,Vroskopos,false,false,false,true,true,,,0,
south-aegean-kea,cyclades,1808,Gialiskari,true,true,true,true,true,439,,11,
south-aegean-kea,cyclades,1809,Kalamitsi,false,false,false,true,true,,,0,
south-aegean-kea,cyclades,1810,Kalidonychi,false,false,false,true,true,,,0,
south-aegean-kea,cyclades,1811,Kaliskia,false,false,false,true,true,,,0,
south-aegean-kea,cyclades,1812,Kalogiros,false,false,false,true,true,,,0,
south-aegean-kea,cyclades,1813,Kampi,false,true,false,true,true,,,0,
south-aegean-kea,cyclades,1814,Kastriani,false,false,false,true,true,,,0,
south-aegean-kea,cyclades,1815,Koundouros,true,true,true,true,true,35,,4,
south-aegean-kea,cyclades,1816,Ladou,false,false,false,true,true,556,,4,
south-aegean-kea,cyclades,1817,Liparo,false,false,false,true,true,,,0,
south-aegean-kea,cyclades,1818,Lygia,false,false,false,true,true,,,0,
south-aegean-kea,cyclades,1819,Mavia,false,false,false,true,true,,,0,
south-aegean-kea,cyclades,1820,Mavrampeli,false,false,false,true,true,,,0,
south-aegean-kea,cyclades,1821,Megales Poles,false,false,false,true,true,,,0,
south-aegean-kea,cyclades,1822,Mikres Poles,false,false,false,true,true,,,0,
south-aegean-kea,cyclades,1823,Xyla,true,true,true,true,true,,,0,
south-aegean-kea,cyclades,1824,Orkos,false,false,false,true,true,,,0,
south-aegean-kea,cyclades,1825,Otzias,true,true,true,true,true,120,,6,
south-aegean-kea,cyclades,1826,Petrousa,false,false,false,true,true,,,0,
south-aegean-kea,cyclades,1827,Pisses,true,true,true,true,true,,,0,
south-aegean-kea,cyclades,1828,Siderou,false,false,false,true,true,741,,1,
south-aegean-kea,cyclades,1829,Spathi,true,true,true,true,true,77,,1,
south-aegean-kea,cyclades,1830,Stefa,false,false,false,true,true,,,0,
south-aegean-kea,cyclades,1831,Sykamia,false,false,false,true,true,,,0,
south-aegean-kea,cyclades,1832,Schinos,false,false,false,true,true,,,0,
south-aegean-kea,cyclades,1833,Tilegrafos,false,false,false,true,true,,,0,
south-aegean-kea,cyclades,1834,Freas,false,false,false,true,true,248,,4,
south-aegean-kea,cyclades,1835,Chyliamodou,false,false,false,true,true,488,,4,
south-aegean-kea,cyclades,1836,Psathi,false,false,false,true,true,,,0,
south-aegean-kea,cyclades,1837,Psili Ammos,false,false,false,true,true,,,0,
south-aegean-kimolos,cyclades,1838,Agioklima,false,false,false,true,true,,,0,
south-aegean-kimolos,cyclades,1839,Agios Minas,false,false,false,true,true,,1,2,osm-resort-not-claimed
south-aegean-kimolos,cyclades,1840,Athinia,false,false,false,true,true,,,0,
south-aegean-kimolos,cyclades,1842,Vromolimni,false,false,false,true,true,,,0,
south-aegean-kimolos,cyclades,1843,Gioni,false,false,false,true,true,,,1,
south-aegean-kimolos,cyclades,1844,Ellinika,false,false,false,true,true,448,,1,
south-aegean-kimolos,cyclades,1846,Kalamitsi,false,true,false,true,true,64,,1,
south-aegean-kimolos,cyclades,1847,Klima,false,false,false,true,true,,1,2,osm-resort-not-claimed
south-aegean-kimolos,cyclades,1848,Lakos,false,false,false,true,true,792,,1,
south-aegean-kimolos,cyclades,1849,Makropounta,false,false,false,true,true,,,0,
south-aegean-kimolos,cyclades,1850,Mavrospilia,false,true,false,true,true,31,,1,
south-aegean-kimolos,cyclades,1852,Monastiria,false,false,false,true,true,,,0,
south-aegean-kimolos,cyclades,1853,Bonatsa,true,true,true,true,true,269,,2,
south-aegean-kimolos,cyclades,1854,Paralia Pigados,false,false,false,true,true,,,1,
south-aegean-kimolos,cyclades,1855,Prassa (Agios Georgios),true,true,true,true,true,,,1,
south-aegean-kimolos,cyclades,1856,Soufi,false,false,false,true,true,,,0,
south-aegean-kimolos,cyclades,1857,Psathi,false,true,false,true,true,32,,14,
south-aegean-kos,dodecanese,2320,Kolpos Agiou Stefanou,true,true,true,true,true,245,58,18,
south-aegean-kos,dodecanese,2321,Paralia Psalidiou,true,true,true,true,true,46,,27,
south-aegean-kos,dodecanese,2322,Gymnistiki Paralia Tigkaki,true,true,true,true,true,,,0,
south-aegean-kos,dodecanese,2323,Chelona,true,false,true,true,true,384,,4,
south-aegean-kos,dodecanese,2324,Lagkada,true,true,true,true,true,482,89,18,
south-aegean-kos,dodecanese,2325,Lakitira,true,true,true,true,true,282,223,13,
south-aegean-kos,dodecanese,2326,Malimpou,true,true,true,true,true,77,,3,
south-aegean-kos,dodecanese,2327,Paralia Kardamainas,true,true,true,true,true,52,34,38,
south-aegean-kos,dodecanese,2328,Marmari,true,true,true,true,true,90,,30,
south-aegean-kos,dodecanese,2329,Paralia Mastichari (Neptoun),true,true,true,true,true,74,,27,
south-aegean-kos,dodecanese,2330,Paralia Paradisos,true,true,true,true,true,39,61,26,
south-aegean-kos,dodecanese,2331,Psilos Gremos,true,true,true,true,true,96,28,23,
south-aegean-kos,dodecanese,2332,Polemi / Magic Beach,true,true,true,true,true,,657,1,
south-aegean-kos,dodecanese,2333,Paralia Daidalos,true,true,true,true,true,55,,5,
south-aegean-kos,dodecanese,2334,Tam Tam,true,true,true,true,true,187,,61,
south-aegean-kos,dodecanese,2335,Tigkaki,true,true,true,true,true,122,,53,
south-aegean-kos,dodecanese,2336,Tropical,true,true,true,true,true,,610,12,
south-aegean-kos,dodecanese,2337,Therma,true,true,true,true,true,121,,8,
south-aegean-kos,dodecanese,2338,Kochylari,true,true,true,true,true,,,1,
south-aegean-kos,dodecanese,2339,Limnionas,true,true,true,true,true,55,,2,
south-aegean-kos,dodecanese,2340,Paralia Volcana,true,false,true,true,true,,,0,
south-aegean-kos,dodecanese,2341,Paralia Agios Stefanos,true,true,true,true,true,283,681,25,
south-aegean-kos,dodecanese,2342,Paralia Agios Fokas,true,true,true,true,true,,,2,
south-aegean-kos,dodecanese,2343,Paralia Atsa,false,true,false,true,true,,,0,
south-aegean-kos,dodecanese,2344,Paralia Achinos,true,true,true,true,true,438,,2,
south-aegean-kos,dodecanese,2345,Cavo Paradiso,true,true,true,true,true,40,,2,
south-aegean-kos,dodecanese,2346,Paralia Agiou Theologou,true,true,true,true,true,60,,2,
south-aegean-kos,dodecanese,2347,Paralia Kata,true,true,true,true,true,,,0,
south-aegean-kos,dodecanese,2348,Paralia Kamila,true,true,true,true,true,226,533,23,
south-aegean-kos,dodecanese,2349,Paralia Karnagio,false,true,false,true,true,444,,7,
south-aegean-kos,dodecanese,2350,Paralia Lampi,false,true,false,true,true,315,,2,
south-aegean-kos,dodecanese,2351,Paralia Paschali,true,true,true,true,true,102,595,11,
south-aegean-kos,dodecanese,2352,Paralia Troulos,true,true,true,true,true,95,,23,
south-aegean-kos,dodecanese,2353,Paralia Trypiti,true,true,true,true,true,,,1,
south-aegean-kos,dodecanese,2354,Protokaravos,false,true,false,true,true,423,,8,
south-aegean-kos,dodecanese,2355,Faros,true,true,true,true,true,601,,3,
south-aegean-kos,dodecanese,2356,Psalidi,true,true,true,true,true,203,,9,
south-aegean-kos,dodecanese,2357,Ormos Mastichari,true,true,true,true,true,184,,23,
south-aegean-koufonisia,cyclades,2193,Ammos,false,true,false,true,true,92,,32,
south-aegean-koufonisia,cyclades,2194,Afryania,false,false,false,true,true,,,0,
south-aegean-koufonisia,cyclades,2195,Genoupas,false,false,false,true,true,,,0,
south-aegean-koufonisia,cyclades,2196,Deti,false,false,false,true,true,,,0,
south-aegean-koufonisia,cyclades,2197,Platia Pounta (Italida),false,false,false,true,true,405,,6,
south-aegean-koufonisia,cyclades,2198,Laki,false,false,false,true,true,157,,1,
south-aegean-koufonisia,cyclades,2199,Paralia Leonida,false,false,false,true,true,,,0,
south-aegean-koufonisia,cyclades,2201,Limni Pano Koufonisiou,false,false,false,true,true,185,,14,
south-aegean-koufonisia,cyclades,2202,Limni Kato Koufonisiou,false,false,false,true,true,774,,1,
south-aegean-koufonisia,cyclades,2203,Loutro,false,false,false,true,true,35,,31,
south-aegean-koufonisia,cyclades,2204,Nero,false,false,false,true,true,,,0,
south-aegean-koufonisia,cyclades,2205,Panagia,false,true,false,true,true,133,,1,
south-aegean-koufonisia,cyclades,2206,Pori,false,true,false,true,true,88,,8,
south-aegean-koufonisia,cyclades,2207,Porta,false,false,false,true,true,122,,14,
south-aegean-koufonisia,cyclades,2208,Fanos,true,true,true,true,true,93,,8,
south-aegean-koufonisia,cyclades,2209,Finikas,false,true,false,true,true,46,,10,
south-aegean-koufonisia,cyclades,2210,Fykio,false,false,false,true,true,,,0,
south-aegean-koufonisia,cyclades,3002,Gala,false,false,false,true,true,498,,8,
south-aegean-koufonisia,cyclades,3003,Pisina,false,false,false,true,true,,,2,
south-aegean-kythnos,cyclades,1858,Agios Dimitrios,false,true,false,true,true,60,,1,
south-aegean-kythnos,cyclades,1859,Agios Ioannis,false,false,false,true,true,,,0,
south-aegean-kythnos,cyclades,1860,Agios Nikolaos,false,false,false,true,true,,,0,
south-aegean-kythnos,cyclades,1861,Agios Stefanos,false,true,false,true,true,164,,4,
south-aegean-kythnos,cyclades,1862,Agios Sostis,false,false,false,true,true,,,2,
south-aegean-kythnos,cyclades,1863,Agia Irini,false,true,false,true,true,776,,3,
south-aegean-kythnos,cyclades,1864,Agkoritsa,false,false,false,true,true,633,,2,
south-aegean-kythnos,cyclades,1865,Alyki,false,false,false,true,true,777,,1,
south-aegean-kythnos,cyclades,1866,Antonides,false,false,false,true,true,248,,8,
south-aegean-kythnos,cyclades,1867,Apokrousis,true,true,true,true,true,87,,2,
south-aegean-kythnos,cyclades,1868,Aosa,false,false,false,true,true,,,0,
south-aegean-kythnos,cyclades,1869,Vasiliko,false,false,false,true,true,,,0,
south-aegean-kythnos,cyclades,1870,Galazia Akti,false,false,false,true,true,,,0,
south-aegean-kythnos,cyclades,1871,Gaidouromantra,false,false,false,true,true,,,0,
south-aegean-kythnos,cyclades,1872,Episkopi,true,true,true,true,true,141,,6,
south-aegean-kythnos,cyclades,1873,Zogkaki,false,false,false,true,true,,,0,
south-aegean-kythnos,cyclades,1874,Kavourocheri,false,false,false,true,true,,,0,
south-aegean-kythnos,cyclades,1875,Kaki Maria,false,false,false,true,true,,,0,
south-aegean-kythnos,cyclades,1876,Kalo Livadi,false,false,false,true,true,,,0,
south-aegean-kythnos,cyclades,1877,Kastella,false,false,false,true,true,,,0,
south-aegean-kythnos,cyclades,1878,Koloveloni,false,false,false,true,true,,,0,
south-aegean-kythnos,cyclades,1879,Kouri,false,false,false,true,true,,,0,
south-aegean-kythnos,cyclades,1880,Lagkousi,false,false,false,true,true,375,,4,
south-aegean-kythnos,cyclades,1881,Levkes,false,true,false,true,true,,,0,
south-aegean-kythnos,cyclades,1882,Livadaki,false,false,false,true,true,,,0,
south-aegean-kythnos,cyclades,1883,Markouli,false,false,false,true,true,,,0,
south-aegean-kythnos,cyclades,1884,Maroula,false,false,false,true,true,260,,25,
south-aegean-kythnos,cyclades,1885,Martinakia,true,true,true,true,true,45,,22,
south-aegean-kythnos,cyclades,1886,Mikro Livadaki,false,false,false,true,true,,,0,
south-aegean-kythnos,cyclades,1887,Nika,false,false,false,true,true,632,,8,
south-aegean-kythnos,cyclades,1888,Paralia Kolona,false,true,false,true,true,161,,2,
south-aegean-kythnos,cyclades,1889,Petrousa,false,false,false,true,true,,,0,
south-aegean-kythnos,cyclades,1890,Pontikia,false,false,false,true,true,,,0,
south-aegean-kythnos,cyclades,1891,Potamia,false,false,false,true,true,,,2,
south-aegean-kythnos,cyclades,1892,Si Mou Si,false,false,false,true,true,,,0,
south-aegean-kythnos,cyclades,1893,Skinari,false,true,false,true,true,154,,28,
south-aegean-kythnos,cyclades,1894,Sklavos,false,false,false,true,true,,,0,
south-aegean-kythnos,cyclades,1895,Skylou,false,false,false,true,true,,,0,
south-aegean-kythnos,cyclades,1896,Styfos,false,false,false,true,true,,,0,
south-aegean-kythnos,cyclades,1897,Flampouria,false,true,false,true,true,205,,1,
south-aegean-leros,dodecanese,2358,Dyo Liskaria,true,true,false,true,true,45,,2,
south-aegean-leros,dodecanese,2359,Gourna,true,true,true,true,true,99,,1,
south-aegean-leros,dodecanese,2360,Kioura,false,false,false,true,true,,,0,
south-aegean-leros,dodecanese,2361,Paralia Lakkiou,false,true,false,true,true,,,0,
south-aegean-leros,dodecanese,2362,Vromolithos,true,true,false,true,true,92,,15,
south-aegean-leros,dodecanese,2363,Kokkini paralia,false,false,false,true,true,798,,1,
south-aegean-leros,dodecanese,2365,Paralia Vromolithos,true,true,true,true,true,100,,17,
south-aegean-leros,dodecanese,2366,Paralia Kryfos,false,false,false,true,true,547,,2,
south-aegean-leros,dodecanese,2367,Paralia Blefoutis,true,true,true,true,true,571,,1,
south-aegean-leros,dodecanese,2368,Ormos Belfouti,true,true,false,true,true,162,,1,
south-aegean-lipsi,dodecanese,2369,Levki Paralia Aspronisi,false,false,false,true,true,,,0,
south-aegean-lipsi,dodecanese,2370,Agios Nikolaos,false,false,false,true,true,,,0,
south-aegean-lipsi,dodecanese,2371,Kampos,false,false,false,true,true,560,,6,
south-aegean-lipsi,dodecanese,2372,Kamares,false,false,false,true,true,,,0,
south-aegean-lipsi,dodecanese,2373,Katsadia,false,true,false,true,true,78,,2,
south-aegean-lipsi,dodecanese,2374,Kissiria,false,false,false,true,true,,,0,
south-aegean-lipsi,dodecanese,2375,Kimisi,false,false,false,true,true,,,0,
south-aegean-lipsi,dodecanese,2376,Korakia,false,false,false,true,true,,,0,
south-aegean-lipsi,dodecanese,2377,Lentou,true,false,true,true,true,116,,12,
south-aegean-lipsi,dodecanese,2378,Lyra,false,false,false,true,true,755,,2,
south-aegean-lipsi,dodecanese,2379,Mersini,false,false,false,true,true,750,,4,
south-aegean-lipsi,dodecanese,2380,Xirokampos,false,false,false,true,true,,,0,
south-aegean-lipsi,dodecanese,2381,Papantria,false,false,false,true,true,347,,2,
south-aegean-lipsi,dodecanese,2382,Platys Gialos,false,true,false,true,true,51,,1,
south-aegean-lipsi,dodecanese,2383,Pnigmenos,false,false,false,true,true,775,,2,
south-aegean-lipsi,dodecanese,2384,Stifi,false,false,false,true,true,773,,2,
south-aegean-lipsi,dodecanese,2385,Tourkomnima,false,false,false,true,true,,,0,
south-aegean-lipsi,dodecanese,2386,Chochlakoura,false,false,false,true,true,,,0,
south-aegean-marathi,dodecanese,2500,Marathi,false,true,false,true,true,33,,4,
south-aegean-marathi,dodecanese,2501,Tiganakia,false,false,false,true,true,,,0,
south-aegean-milos,cyclades,1898,Agios Dimitrios,false,false,false,true,true,,,0,
south-aegean-milos,cyclades,1899,Agios Ioannis,false,false,false,true,true,,,0,
south-aegean-milos,cyclades,1900,Agios Sostis,false,false,false,true,true,453,,10,
south-aegean-milos,cyclades,1901,Agia Kyriaki,true,true,true,true,true,174,,6,
south-aegean-milos,cyclades,1902,Ammoudaraki,false,false,false,true,true,,,1,
south-aegean-milos,cyclades,1903,Achivadolimni,true,true,true,true,true,,,2,
south-aegean-milos,cyclades,1904,Gerontas,false,false,false,true,true,,,1,
south-aegean-milos,cyclades,1905,Gerania,false,false,false,true,true,146,,6,
south-aegean-milos,cyclades,1906,Thiorychio,false,false,false,true,true,,,1,
south-aegean-milos,cyclades,1907,Kalamos,false,false,false,true,true,,,2,
south-aegean-milos,cyclades,1908,Kapros,false,false,false,true,true,,,3,
south-aegean-milos,cyclades,1909,Katergo,false,false,false,true,true,,,1,
south-aegean-milos,cyclades,1910,Kipi,false,false,false,true,true,64,,2,
south-aegean-milos,cyclades,1911,Kampanes,false,false,false,true,true,,,0,
south-aegean-milos,cyclades,1912,Lagkada,false,false,false,true,true,91,,43,
south-aegean-milos,cyclades,1913,Navtikos Omilos Milou,false,false,false,true,true,324,,4,
south-aegean-milos,cyclades,1914,Nerodafni,false,false,false,true,true,,,0,
south-aegean-milos,cyclades,1915,Palaiochori,true,true,true,true,true,71,,12,
south-aegean-milos,cyclades,1916,Papafragkas,false,false,false,true,true,,,3,
south-aegean-milos,cyclades,1917,Papikinou,true,true,true,true,true,107,,17,
south-aegean-milos,cyclades,1918,Paralia Angathia,false,false,false,true,true,,,0,
south-aegean-milos,cyclades,1919,Plathiena,true,true,true,true,true,,,1,
south-aegean-milos,cyclades,1920,Provatas,true,true,true,true,true,113,,10,
south-aegean-milos,cyclades,1921,Rivari,false,false,false,true,true,,,0,
south-aegean-milos,cyclades,1922,Sarakiniko,false,false,false,true,true,,,1,
south-aegean-milos,cyclades,1923,Tourkothalassa,false,false,false,true,true,307,,6,
south-aegean-milos,cyclades,1924,Triades,false,false,false,true,true,,,0,
south-aegean-milos,cyclades,1925,Tsigkrado,false,false,false,true,true,572,,6,
south-aegean-milos,cyclades,1926,Fatourena,false,false,false,true,true,,,0,
south-aegean-milos,cyclades,1927,Fyriplaka,true,true,true,true,true,318,,4,
south-aegean-milos,cyclades,1928,Fyrlingkos,false,false,false,true,true,,,0,
south-aegean-milos,cyclades,1929,Fyropotamos,true,true,true,true,true,,,1,
south-aegean-milos,cyclades,1930,Psathi,false,false,false,true,true,,,1,
south-aegean-milos,cyclades,1931,Psarovolada,false,false,false,true,true,653,,6,
south-aegean-milos,cyclades,1932,Pollonia,true,true,true,true,true,151,,16,
south-aegean-milos,cyclades,1933,Agkali,false,true,false,true,true,,,0,
south-aegean-milos,cyclades,1934,Voudia,false,false,false,true,true,,,1,
south-aegean-milos,cyclades,1935,Kastanas,false,false,false,true,true,,,0,
south-aegean-milos,cyclades,1936,Kolympisionas,false,false,false,true,true,,,0,
south-aegean-milos,cyclades,1938,Tria Pigadia,false,false,false,true,true,,,0,
south-aegean-milos,cyclades,3000,Kleftiko,false,false,false,true,true,,,0,
south-aegean-milos,cyclades,3054,Pachaina,false,false,false,true,true,,,3,
south-aegean-mykonos,cyclades,1939,Agia Anna,false,true,false,true,true,65,,233,
south-aegean-mykonos,cyclades,1940,Agia Anna Kalafatis,true,true,true,true,true,115,24,12,
south-aegean-mykonos,cyclades,1941,Agia Anna Paragkas,true,true,true,true,true,58,,37,
south-aegean-mykonos,cyclades,1943,Agios Ioannis,true,true,true,true,true,251,,6,
south-aegean-mykonos,cyclades,1944,Agios Stefanos,true,true,true,true,true,59,,18,
south-aegean-mykonos,cyclades,1945,Agios Sostis,false,true,false,true,true,215,,5,
south-aegean-mykonos,cyclades,1946,Agios Charalampos,false,false,false,true,true,139,,225,
south-aegean-mykonos,cyclades,1947,Agrari,true,true,true,true,true,693,,2,
south-aegean-mykonos,cyclades,1948,Vathia Lagkada,false,false,false,true,true,,,0,
south-aegean-mykonos,cyclades,1949,Gymnistiki Paralia Elias,true,true,true,true,true,395,,2,
south-aegean-mykonos,cyclades,1950,Elia,true,true,true,true,true,105,,2,
south-aegean-mykonos,cyclades,1951,Kalamopodi,true,true,true,true,true,28,,30,
south-aegean-mykonos,cyclades,1952,Kalafati,true,true,true,true,true,255,207,13,
south-aegean-mykonos,cyclades,1953,Kalo Livadi,true,true,true,true,true,132,75,20,
south-aegean-mykonos,cyclades,1954,Kapari,false,false,false,true,true,385,,5,
south-aegean-mykonos,cyclades,1955,Karapetis,false,false,false,true,true,,,0,
south-aegean-mykonos,cyclades,1956,Kato Tigani,false,false,false,true,true,,,0,
south-aegean-mykonos,cyclades,1957,Korfos,false,true,false,true,true,152,,25,
south-aegean-mykonos,cyclades,1958,Lia,true,true,true,true,true,71,35,10,
south-aegean-mykonos,cyclades,1959,Loulos,false,false,false,true,true,275,532,28,
south-aegean-mykonos,cyclades,1961,Megali Ammos,true,false,true,true,true,238,,163,
south-aegean-mykonos,cyclades,1962,Mersini,false,false,false,true,true,449,,2,
south-aegean-mykonos,cyclades,1963,Merchia,false,false,false,true,true,,,0,
south-aegean-mykonos,cyclades,1964,Ornos,true,true,true,true,true,47,,27,
south-aegean-mykonos,cyclades,1965,Panormos,true,true,true,true,true,198,,5,
south-aegean-mykonos,cyclades,1966,Paragka,true,true,true,true,true,104,,28,
south-aegean-mykonos,cyclades,1967,paralia Sokratis,false,true,false,true,true,,,0,
south-aegean-mykonos,cyclades,1968,Patera Plaka,false,false,false,true,true,,,1,
south-aegean-mykonos,cyclades,1969,Platys Gialos,true,true,true,true,true,70,558,23,
south-aegean-mykonos,cyclades,1971,Tarsanas,true,true,true,true,true,65,,6,
south-aegean-mykonos,cyclades,1972,Tigani,false,false,false,true,true,,,0,
south-aegean-mykonos,cyclades,1973,Tourlos,true,true,true,true,true,54,,17,
south-aegean-mykonos,cyclades,1974,Tsagkari,false,false,false,true,true,443,364,10,
south-aegean-mykonos,cyclades,1975,Fragkia,false,false,false,true,true,,,0,
south-aegean-mykonos,cyclades,1976,Ftelia,true,true,true,true,true,273,,6,
south-aegean-mykonos,cyclades,1977,Fokos,false,true,false,true,true,135,,2,
south-aegean-mykonos,cyclades,1978,Choulakia,false,false,false,true,true,653,,8,
south-aegean-mykonos,cyclades,1979,Psarrou,true,true,true,true,true,67,34,22,
south-aegean-mykonos,cyclades,1980,Super Paradise,true,true,true,true,true,86,,1,
south-aegean-naxos,cyclades,1981,Agia Anna,true,true,true,true,true,73,71,40,
south-aegean-naxos,cyclades,1982,Agiassos,false,true,false,true,true,365,,2,
south-aegean-naxos,cyclades,1983,Agii Theodori,false,false,false,true,true,,,0,
south-aegean-naxos,cyclades,1984,Agios Georgios,true,true,true,true,true,181,125,72,
south-aegean-naxos,cyclades,1985,Agios Prokopios,true,true,true,true,true,322,107,33,
south-aegean-naxos,cyclades,1986,Azalas,false,false,false,true,true,,,0,
south-aegean-naxos,cyclades,1987,Alyko,false,false,false,true,true,,,0,
south-aegean-naxos,cyclades,1988,Ammitis,false,false,false,true,true,,,0,
south-aegean-naxos,cyclades,1989,Ampram,false,true,false,true,true,,,0,
south-aegean-naxos,cyclades,1990,Apollonas,false,true,false,true,true,111,,5,
south-aegean-naxos,cyclades,1991,Vintzi,false,false,false,true,true,29,,105,
south-aegean-naxos,cyclades,1992,Glatza,false,false,false,true,true,,,0,
south-aegean-naxos,cyclades,1993,Glyfada,false,false,false,true,true,521,,6,
south-aegean-naxos,cyclades,1994,Grotta,false,false,false,true,true,99,,109,
south-aegean-naxos,cyclades,1995,Paralia Kalantos,false,false,false,true,true,357,,1,
south-aegean-naxos,cyclades,1996,Kampos,false,false,false,true,true,,,0,
south-aegean-naxos,cyclades,1997,Kastraki,true,false,true,true,true,318,,5,
south-aegean-naxos,cyclades,1998,Kedros,false,false,false,true,true,684,,4,
south-aegean-naxos,cyclades,1999,Klidos,false,false,false,true,true,,,0,
south-aegean-naxos,cyclades,2000,Paralia Klido,false,false,false,true,true,,,0,
south-aegean-naxos,cyclades,2001,Ligaridia,false,false,false,true,true,107,,5,
south-aegean-naxos,cyclades,2002,Paralia Limnari,false,false,false,true,true,,,0,
south-aegean-naxos,cyclades,2003,Lionas,false,true,false,true,true,58,,2,
south-aegean-naxos,cyclades,2004,Melino,false,false,false,true,true,,,0,
south-aegean-naxos,cyclades,2005,Mikra,false,false,false,true,true,,,0,
south-aegean-naxos,cyclades,2006,Mikri Vigla,true,true,true,true,true,192,792,6,
south-aegean-naxos,cyclades,2007,Mikri Vigla - Notia plevra,false,false,false,true,true,,732,2,
south-aegean-naxos,cyclades,2008,Mikro Alyko,false,false,false,true,true,,,0,
south-aegean-naxos,cyclades,2009,Moutsouna,false,true,false,true,true,27,,5,
south-aegean-naxos,cyclades,2010,Orkos,false,true,false,true,true,565,,3,
south-aegean-naxos,cyclades,2011,Panormos,false,false,false,true,true,58,,5,
south-aegean-naxos,cyclades,2012,Plaka,true,true,true,true,true,114,132,8,
south-aegean-naxos,cyclades,2013,Pyrgaki,false,true,false,true,true,210,522,5,
south-aegean-naxos,cyclades,2014,Rina,false,false,false,true,true,,,0,
south-aegean-naxos,cyclades,2015,Paralia Spedo,false,false,false,true,true,,,0,
south-aegean-naxos,cyclades,2016,Chilia Vrysi,false,false,false,true,true,,,0,
south-aegean-naxos,cyclades,2017,Paralia Psili Ammos,false,false,false,true,true,,,0,
south-aegean-naxos,cyclades,2018,Paralia Psofagrilia,false,false,false,true,true,,,0,
south-aegean-naxos,cyclades,2019,Hawaii,false,false,false,true,true,,,0,
south-aegean-nisyros,dodecanese,2387,Pachia Ammos,false,false,false,true,true,,,0,
south-aegean-nisyros,dodecanese,2388,Chochlaki,false,false,false,true,true,170,,24,
south-aegean-paros,cyclades,2020,Agia Irini,true,true,true,true,true,344,313,2,
south-aegean-paros,cyclades,2021,Agios Dimitrios,true,true,false,true,true,25,,176,
south-aegean-paros,cyclades,2022,Agios Stefanos,false,false,false,true,true,377,,82,
south-aegean-paros,cyclades,2023,Ampelas,true,true,true,true,true,27,,7,
south-aegean-paros,cyclades,2024,Aspros Gremos,false,false,false,true,true,379,,6,
south-aegean-paros,cyclades,2025,Voutakos,false,false,false,true,true,,,0,
south-aegean-paros,cyclades,2026,Glyfades,false,false,false,true,true,,,0,
south-aegean-paros,cyclades,2027,Delfini,true,true,false,true,true,,,0,
south-aegean-paros,cyclades,2028,Dryos,false,true,false,true,true,45,,10,
south-aegean-paros,cyclades,2029,Kalogeros,false,false,false,true,true,,,0,
south-aegean-paros,cyclades,2030,Kolympithres,true,true,true,true,true,155,,5,
south-aegean-paros,cyclades,2031,Krios,true,true,true,true,true,375,,2,
south-aegean-paros,cyclades,2032,Langeri,false,false,false,true,true,,,3,
south-aegean-paros,cyclades,2033,Livadia,true,true,true,true,true,64,,51,
south-aegean-paros,cyclades,2034,Limnes,false,false,false,true,true,229,,4,
south-aegean-paros,cyclades,2035,Logaras,true,true,true,true,true,79,,27,
south-aegean-paros,cyclades,2036,Lolantonis,true,true,true,true,true,104,,1,
south-aegean-paros,cyclades,2037,Martselo,true,true,true,true,true,360,,2,
south-aegean-paros,cyclades,2038,Mikri Santa Maria,true,true,false,true,true,90,,3,
south-aegean-paros,cyclades,2039,Monastiri,true,true,true,true,true,44,17,9,
south-aegean-paros,cyclades,2040,Molos,false,false,false,true,true,,,0,
south-aegean-paros,cyclades,2041,Navtikos omilos Parou,true,true,true,true,true,1,,50,
south-aegean-paros,cyclades,2042,Xyfara,false,true,false,true,true,341,,1,
south-aegean-paros,cyclades,2043,Paralia Agkali Chrysis Aktis,false,true,false,true,true,518,,4,
south-aegean-paros,cyclades,2044,Paralia Alyki,true,true,true,true,true,276,,19,
south-aegean-paros,cyclades,2045,Paralia Glyfa,true,true,false,true,true,,,0,
south-aegean-paros,cyclades,2046,Paralia Parikias,true,true,true,true,true,27,,79,
south-aegean-paros,cyclades,2047,Parasporos,true,true,true,true,true,,,0,
south-aegean-paros,cyclades,2048,Piperi,false,true,false,true,true,86,,179,
south-aegean-paros,cyclades,2049,Pounta,true,true,true,true,true,92,,11,
south-aegean-paros,cyclades,2050,Pyrgaki,false,false,false,true,true,,,0,
south-aegean-paros,cyclades,2051,Santa Maria,true,true,true,true,true,67,,4,
south-aegean-paros,cyclades,2052,Tourkou Ammos,false,false,false,true,true,767,731,8,
south-aegean-paros,cyclades,2053,Tserdakia (Nea Chrysi Akti),true,true,true,true,true,121,,2,
south-aegean-paros,cyclades,2054,Tsoukalia,false,false,false,true,true,,,0,
south-aegean-paros,cyclades,2055,Farangas,true,true,true,true,true,,7,1,
south-aegean-paros,cyclades,2056,Chrysi Akti,true,true,true,true,true,518,,4,
south-aegean-patmos,dodecanese,2389,Agriolivado,true,true,true,true,true,80,47,3,
south-aegean-patmos,dodecanese,2390,Aspri,false,true,false,true,true,358,,1,
south-aegean-patmos,dodecanese,2391,Chochlakas,false,false,false,true,true,368,,50,
south-aegean-patmos,dodecanese,2392,Agios Theologos,false,true,false,true,true,64,,53,
south-aegean-patmos,dodecanese,2393,Sapsila,false,true,false,true,true,,,0,
south-aegean-patmos,dodecanese,2394,Livadi Geranou,true,true,true,true,true,112,,1,
south-aegean-patmos,dodecanese,2395,Livadi Kalogiron,false,false,false,true,true,94,,1,
south-aegean-patmos,dodecanese,2396,Paralia Vagia,false,true,false,true,true,,,0,
south-aegean-patmos,dodecanese,2397,Paralia Grikos,true,true,false,true,true,39,,5,
south-aegean-patmos,dodecanese,2398,Paralia Didymes,false,false,false,true,true,457,,1,
south-aegean-patmos,dodecanese,2399,Paralia Kampou,true,true,false,true,true,,,0,
south-aegean-patmos,dodecanese,2400,Paralia Lampi,true,true,false,true,true,107,,2,
south-aegean-patmos,dodecanese,2401,Paralia Levkes,false,false,false,true,true,46,,1,
south-aegean-patmos,dodecanese,2402,Paralia Petras,true,true,false,true,true,450,,4,
south-aegean-patmos,dodecanese,2403,Psili ammos,false,true,false,true,true,145,,1,
south-aegean-patmos,dodecanese,3015,Patmos Kampos,false,false,false,true,true,398,,52,
south-aegean-polyaigos,cyclades,2221,Amoura,false,false,false,true,true,,,0,
south-aegean-polyaigos,cyclades,2222,Kato Mersini,false,false,false,true,true,,,0,
south-aegean-polyaigos,cyclades,2223,Pano Mersini,false,false,false,true,true,,,0,
south-aegean-polyaigos,cyclades,2224,Tis Panagias t'Avlaki,false,false,false,true,true,,,0,
south-aegean-pserimos,dodecanese,2490,Paralia Avlakia,false,true,false,true,true,54,,4,
south-aegean-pserimos,dodecanese,2491,Vathy,false,false,false,true,true,,,0,
south-aegean-pserimos,dodecanese,2492,Paralia Marathounta,false,false,false,true,true,,,0,
south-aegean-rhodes,dodecanese,2404,Paralia Stegna (Grande Blue),true,true,true,true,true,34,378,50,
south-aegean-rhodes,dodecanese,2405,Paralia Kremastis,true,true,true,true,true,224,,12,
south-aegean-rhodes,dodecanese,2406,Paralia Kallitheas (Nicolas),true,true,true,true,true,29,0,24,
south-aegean-rhodes,dodecanese,2407,Paralia Kallitheas (Oasis),true,true,true,true,true,37,0,24,
south-aegean-rhodes,dodecanese,2408,Paralia Kallitheas (Tassos),true,true,true,true,true,37,0,25,
south-aegean-rhodes,dodecanese,2409,Agia Triada,false,false,false,true,true,,,0,
south-aegean-rhodes,dodecanese,2410,Glyfada,false,false,false,true,true,,,0,
south-aegean-rhodes,dodecanese,2411,Kerameni,false,false,false,true,true,,,0,
south-aegean-rhodes,dodecanese,2412,Kokkina,true,false,true,true,true,72,0,23,
south-aegean-rhodes,dodecanese,2413,Limanaki,false,true,false,true,true,60,265,59,
south-aegean-rhodes,dodecanese,2414,Paralia Antoni Kouin,true,true,true,true,true,47,379,35,
south-aegean-rhodes,dodecanese,2415,Paralia Elli,true,true,true,true,true,142,,387,
south-aegean-rhodes,dodecanese,2416,Paralia Agathi,true,true,true,true,true,18,21,6,
south-aegean-rhodes,dodecanese,2417,Paralia Agia Marina,true,true,true,true,true,193,,20,
south-aegean-rhodes,dodecanese,2418,Paralia Alyki,false,true,false,true,true,620,,8,
south-aegean-rhodes,dodecanese,2419,Paralia Afantou,true,true,true,true,true,,295,7,
south-aegean-rhodes,dodecanese,2420,Paralia Afantou-Kolympia,true,true,true,true,true,598,0,44,
south-aegean-rhodes,dodecanese,2421,Paralia Zefyros,true,true,true,true,true,217,,39,
south-aegean-rhodes,dodecanese,2422,Paralia Ixias,false,true,false,true,true,322,,5,
south-aegean-rhodes,dodecanese,2423,Paralia Kathara,true,true,true,true,true,181,85,102,
south-aegean-rhodes,dodecanese,2424,Paralia Kalavarda,false,true,false,true,true,102,,8,
south-aegean-rhodes,dodecanese,2425,Paralia Katafygio,false,false,false,true,true,113,31,213,osm-resort-not-claimed
south-aegean-rhodes,dodecanese,2426,Paralia Kolympia,true,true,true,true,true,174,82,43,
south-aegean-rhodes,dodecanese,2427,Paralia Kopria,false,false,false,true,true,43,,10,
south-aegean-rhodes,dodecanese,2428,Paralia Kouloura,false,false,false,true,true,404,,5,
south-aegean-rhodes,dodecanese,2429,Paralia Kokkini Ammos,false,false,false,true,true,,,0,
south-aegean-rhodes,dodecanese,2430,Paralia Kymata,true,false,true,true,true,28,,435,
south-aegean-rhodes,dodecanese,2431,Paralia Ladiko,true,true,true,true,true,38,2,32,
south-aegean-rhodes,dodecanese,2432,Paralia Limni,false,false,false,true,true,,,0,
south-aegean-rhodes,dodecanese,2433,Paralia Masari,false,true,false,true,true,,,0,
south-aegean-rhodes,dodecanese,2434,Paralia Mantomata,true,true,true,true,true,97,52,47,
south-aegean-rhodes,dodecanese,2435,Paralia Stegna,true,true,true,true,true,127,220,62,
south-aegean-rhodes,dodecanese,2436,Paralia Traounou,true,true,true,true,true,799,120,3,
south-aegean-rhodes,dodecanese,2437,Paralia Fourni,false,false,false,true,true,78,,8,
south-aegean-rhodes,dodecanese,2438,Paralia Charaki,true,true,true,true,true,117,116,47,
south-aegean-rhodes,dodecanese,2439,Sousounia,false,false,false,true,true,,,0,
south-aegean-rhodes,dodecanese,2440,Tsampika,true,true,true,true,true,68,236,9,
south-aegean-rhodes,dodecanese,2441,Faliraki,true,true,true,true,true,56,55,237,
south-aegean-rhodes,dodecanese,2442,Agios Georgios,false,false,false,true,true,,,0,
south-aegean-rhodes,dodecanese,2443,Paralia Lindou (Megali Paralia),true,true,true,true,true,83,,111,
south-aegean-rhodes,dodecanese,2444,Paralia Pallas,true,true,true,true,true,43,,112,
south-aegean-rhodes,dodecanese,2445,Kolpos Agiou Pavlou,true,true,true,true,true,51,,79,
south-aegean-rhodes,dodecanese,2446,Paralia Pevki,true,true,true,true,true,124,,65,
south-aegean-rhodes,dodecanese,2447,Kavos Beach,false,false,false,true,true,365,,39,
south-aegean-rhodes,dodecanese,2448,Paralia Galouni,false,true,false,true,true,269,203,23,
south-aegean-rhodes,dodecanese,2449,Paralia Kiotari,true,true,true,true,true,231,429,15,
south-aegean-rhodes,dodecanese,2450,Paralia Kalathou,true,true,true,true,true,376,676,8,
south-aegean-rhodes,dodecanese,2451,Paralia Lachanias,false,false,false,true,true,519,,2,
south-aegean-rhodes,dodecanese,2452,Paralia Gennadiou,true,true,true,true,true,423,,12,
south-aegean-rhodes,dodecanese,2453,Plimmyri,false,false,false,true,true,461,,2,
south-aegean-rhodes,dodecanese,2454,Mavros Kavos,false,false,false,true,true,,,0,
south-aegean-rhodes,dodecanese,2455,Paralia Memi Vrysia,false,false,false,true,true,359,,15,
south-aegean-rhodes,dodecanese,2456,Paralia Kalovryaki,false,false,false,true,true,452,,4,
south-aegean-rhodes,dodecanese,2457,Prasonisi,true,true,true,true,true,616,,9,
south-aegean-rhodes,dodecanese,2458,Paralia Glystra,true,true,true,true,true,340,384,18,
south-aegean-rhodes,dodecanese,2459,Paralia Plakia,true,true,true,true,true,152,,16,
south-aegean-rhodes,dodecanese,2460,Paralia Ag. Thoma,false,false,false,true,true,307,,62,
south-aegean-rhodes,dodecanese,2461,Paralia Lardou,true,true,true,true,true,634,373,10,
south-aegean-rhodes,dodecanese,2462,Paralia Kokkinogia,true,true,true,true,true,140,63,35,
south-aegean-rhodes,dodecanese,2463,Paralia Kardamis,false,false,false,true,true,48,26,36,osm-resort-not-claimed
south-aegean-rhodes,dodecanese,2464,Paralia Vlycha,true,true,true,true,true,584,198,10,
south-aegean-santorini,cyclades,2057,Agios Georgios,true,true,true,true,true,86,,26,
south-aegean-santorini,cyclades,2058,Vlychada,true,true,true,true,true,346,,8,
south-aegean-santorini,cyclades,2059,Vourvoulos,true,false,true,true,true,,,1,
south-aegean-santorini,cyclades,2060,Gymnistiki paralia Vlychada,false,false,false,true,true,314,,8,
south-aegean-santorini,cyclades,2061,Kamari,true,true,true,true,true,93,,56,
south-aegean-santorini,cyclades,2062,Kokkini Paralia,false,true,false,true,true,91,,16,
south-aegean-santorini,cyclades,2063,Levki Paralia,true,false,true,true,true,593,,3,
south-aegean-santorini,cyclades,2064,Monolithos,true,true,true,true,true,109,,5,
south-aegean-santorini,cyclades,2065,Baxes,true,true,true,true,true,,,2,
south-aegean-santorini,cyclades,2066,Paralia Kerkezou,false,false,false,true,true,,,2,
south-aegean-santorini,cyclades,2067,Perivolos,true,true,true,true,true,54,,20,
south-aegean-santorini,cyclades,2068,Perissa,true,true,true,true,true,48,,35,
south-aegean-santorini,cyclades,2069,Katharos,false,false,false,true,true,126,,18,
south-aegean-schinoussa,cyclades,2211,Gerolimnionas,false,false,false,true,true,,,0,
south-aegean-schinoussa,cyclades,2212,Livadi,false,false,false,true,true,90,,3,
south-aegean-schinoussa,cyclades,2213,Lioliou,false,true,false,true,true,82,,1,
south-aegean-schinoussa,cyclades,2214,Portokali,false,false,false,true,true,407,,5,
south-aegean-schinoussa,cyclades,2215,Tsigkouri,true,true,true,true,true,117,,13,
south-aegean-schinoussa,cyclades,2216,Fountana,false,false,false,true,true,739,,1,
south-aegean-schinoussa,cyclades,2217,Fykio,false,false,false,true,true,,,0,
south-aegean-schinoussa,cyclades,2218,Psili Ammos,false,true,false,true,true,,,0,
south-aegean-serifos,cyclades,2070,Avessalos,false,false,false,true,true,,,0,
south-aegean-serifos,cyclades,2071,Agios Sostis,false,false,false,true,true,,,0,
south-aegean-serifos,cyclades,2072,Ai Giannis,false,false,false,true,true,442,,6,
south-aegean-serifos,cyclades,2073,Alevrakia,false,false,false,true,true,,,0,
south-aegean-serifos,cyclades,2074,Avlomonas,true,true,false,true,true,166,,61,
south-aegean-serifos,cyclades,2075,Achladi,false,false,false,true,true,,,0,
south-aegean-serifos,cyclades,2076,Vagia,true,true,false,true,true,,,0,
south-aegean-serifos,cyclades,2077,Vorino,false,false,false,true,true,181,,2,
south-aegean-serifos,cyclades,2078,Ganema,false,true,false,true,true,206,,2,
south-aegean-serifos,cyclades,2079,Gialoudi,false,false,false,true,true,676,,2,
south-aegean-serifos,cyclades,2080,Kalo Ampeli,false,false,false,true,true,,,0,
south-aegean-serifos,cyclades,2081,Kalogeros,false,false,false,true,true,,,0,
south-aegean-serifos,cyclades,2082,Karavas,false,false,false,true,true,,,0,
south-aegean-serifos,cyclades,2083,Karavi,false,false,false,true,true,678,,10,
south-aegean-serifos,cyclades,2084,Kentarchos,false,false,false,true,true,,,0,
south-aegean-serifos,cyclades,2085,Koutalas,false,true,false,true,true,199,,3,
south-aegean-serifos,cyclades,2086,Lia,false,false,false,true,true,,,0,
south-aegean-serifos,cyclades,2087,Livadakia,true,true,false,true,true,148,,64,
south-aegean-serifos,cyclades,2088,Maliadiko,false,false,false,true,true,,,0,
south-aegean-serifos,cyclades,2089,Mega Livadi,false,true,false,true,true,38,,3,
south-aegean-serifos,cyclades,2090,Mesiano,false,true,false,true,true,55,,2,
south-aegean-serifos,cyclades,2091,Platys Gialos,false,true,false,true,true,228,,2,
south-aegean-serifos,cyclades,2092,Skala,false,false,false,true,true,,,0,
south-aegean-serifos,cyclades,2093,Sykamia,false,true,false,true,true,165,,3,
south-aegean-serifos,cyclades,2094,Psili Ammos,true,true,false,true,true,52,,6,
south-aegean-sifnos,cyclades,2095,Apokofto,false,true,false,true,true,79,,30,
south-aegean-sifnos,cyclades,2096,Artimoni,false,false,false,true,true,,,0,
south-aegean-sifnos,cyclades,2097,Vathi,true,true,true,true,true,157,,14,
south-aegean-sifnos,cyclades,2098,Vlychada,false,false,false,true,true,,,0,
south-aegean-sifnos,cyclades,2099,Vlycho,false,false,false,true,true,118,,28,
south-aegean-sifnos,cyclades,2100,Vroulidia,true,true,true,true,true,,,0,
south-aegean-sifnos,cyclades,2101,Kamares,true,true,true,true,true,184,111,24,
south-aegean-sifnos,cyclades,2102,Lazarou,true,true,true,true,true,16,19,10,
south-aegean-sifnos,cyclades,2103,Paralia Fikiada,false,false,false,true,true,,,0,
south-aegean-sifnos,cyclades,2104,Platys Gialos,true,true,true,true,true,95,548,13,
south-aegean-sifnos,cyclades,2105,Poulati,false,false,false,true,true,,,0,
south-aegean-sifnos,cyclades,2106,Saoures,false,false,false,true,true,293,,14,
south-aegean-sifnos,cyclades,2107,Seralia,false,true,false,true,true,44,,8,
south-aegean-sifnos,cyclades,2108,Spilia,false,false,false,true,true,255,367,24,
south-aegean-sifnos,cyclades,2109,Toso Nero,false,false,false,true,true,,,0,
south-aegean-sifnos,cyclades,2110,Tsopou,false,false,false,true,true,655,,12,
south-aegean-sifnos,cyclades,2111,Tsocha,false,false,false,true,true,,,0,
south-aegean-sifnos,cyclades,2112,Faros,true,true,false,true,true,31,,24,
south-aegean-sifnos,cyclades,2113,Fasolou,true,true,false,true,true,49,,32,
south-aegean-sifnos,cyclades,2114,Cherronisos,true,true,false,true,true,24,,5,
south-aegean-sikinos,cyclades,2115,Agios Georgios,false,true,false,true,true,63,,1,
south-aegean-sikinos,cyclades,2116,Agios Panteleimonas,false,false,false,true,true,,,0,
south-aegean-sikinos,cyclades,2117,Dialiskari,false,false,false,true,true,,,0,
south-aegean-sikinos,cyclades,2118,Malta,false,false,false,true,true,,,0,
south-aegean-sikinos,cyclades,2119,Santorinika,false,false,false,true,true,,,0,
south-aegean-symi,dodecanese,2465,Nos,true,true,true,true,true,70,,50,
south-aegean-symi,dodecanese,2466,Gymnistiki Periochi Nos,false,false,false,true,true,222,,39,
south-aegean-symi,dodecanese,2467,Pedi,true,true,true,true,true,39,,5,
south-aegean-symi,dodecanese,2468,Agios Vasilios,false,false,false,true,true,,,0,
south-aegean-symi,dodecanese,2469,Agios Nikolaos,true,true,true,true,true,26,,2,
south-aegean-symi,dodecanese,2470,Nanou,true,true,true,true,true,,,0,
south-aegean-symi,dodecanese,2471,Paralia Agiou Georgiou,false,false,false,true,true,,,0,
south-aegean-symi,dodecanese,2472,Paralia tis Sara,false,false,false,true,true,279,,31,
south-aegean-symi,dodecanese,3043,Symi Gyala,false,false,false,true,true,22,,5,
south-aegean-syros,cyclades,2125,Agkathopes,true,true,true,true,true,42,,11,
south-aegean-syros,cyclades,2126,Azolimnos,false,true,false,true,true,61,,10,
south-aegean-syros,cyclades,2127,Ai Loukas,false,false,false,true,true,,,0,
south-aegean-syros,cyclades,2128,Amerikanou,false,false,false,true,true,,,0,
south-aegean-syros,cyclades,2129,Ampela,true,true,true,true,true,42,,10,
south-aegean-syros,cyclades,2130,Armeos,false,false,false,true,true,222,,28,
south-aegean-syros,cyclades,2131,Achladi,true,true,true,true,true,37,,20,
south-aegean-syros,cyclades,2132,Vathy Gialoudi,false,false,false,true,true,,,0,
south-aegean-syros,cyclades,2133,Varvarousa,false,false,false,true,true,,,0,
south-aegean-syros,cyclades,2134,Grammata,false,false,false,true,true,,,0,
south-aegean-syros,cyclades,2135,Delfini,false,true,false,true,true,168,,3,
south-aegean-syros,cyclades,2136,Kini,true,true,true,true,true,68,,44,
south-aegean-syros,cyclades,2137,Lagkonaki,false,false,false,true,true,223,,7,
south-aegean-syros,cyclades,2138,Lia,false,false,false,true,true,,,0,
south-aegean-syros,cyclades,2139,Marmari,false,false,false,true,true,,,0,
south-aegean-syros,cyclades,2140,Megas Gialos,true,true,true,true,true,65,,12,
south-aegean-syros,cyclades,2141,Megas Lakos,false,false,false,true,true,,,0,
south-aegean-syros,cyclades,2143,Paralia Vari,true,true,true,true,true,23,,20,
south-aegean-syros,cyclades,2144,Paralia Galissa,true,true,true,true,true,144,,28,
south-aegean-syros,cyclades,2145,Paralia Komito,true,true,true,true,true,,,0,
south-aegean-syros,cyclades,2146,Paralia Loto,true,true,true,true,true,467,,44,
south-aegean-syros,cyclades,2147,Santorinii,false,false,false,true,true,,,0,
south-aegean-syros,cyclades,2148,Finikas,false,true,false,true,true,100,,13,
south-aegean-syros,cyclades,3016,Voulgari,false,false,false,true,true,379,,14,
south-aegean-telendos,dodecanese,2493,Paralia Pnigmenos,false,false,false,true,true,527,,7,
south-aegean-telendos,dodecanese,2494,Paralia Papa,false,false,false,true,true,184,,9,
south-aegean-telendos,dodecanese,2495,Paralia Chochlakas,true,false,true,true,true,101,,9,
south-aegean-telendos,dodecanese,2496,Paralia Potha,false,false,false,true,true,389,,6,
south-aegean-telendos,dodecanese,2497,Paralia Parantais,true,false,true,true,true,571,,2,
south-aegean-tilos,dodecanese,2473,Stavros,false,false,false,true,true,,,0,
south-aegean-tilos,dodecanese,2474,Agios Sergios,false,false,false,true,true,,,0,
south-aegean-tilos,dodecanese,2475,Eristos,true,true,false,true,true,107,,5,
south-aegean-tilos,dodecanese,2476,Agia Petros,false,false,false,true,true,,,0,
south-aegean-tilos,dodecanese,2477,Lethra,false,false,false,true,true,,,0,
south-aegean-tilos,dodecanese,2478,Livadia,true,true,false,true,true,301,,20,
south-aegean-tilos,dodecanese,2479,Limenari,false,false,false,true,true,,,0,
south-aegean-tilos,dodecanese,2480,Paralia Kokkini,false,false,false,true,true,,,0,
south-aegean-tilos,dodecanese,2481,Paralia Loumpoudi,false,false,false,true,true,,,0,
south-aegean-tilos,dodecanese,2482,Plaka,false,false,false,true,true,,,1,
south-aegean-tilos,dodecanese,2483,Skafi,false,false,false,true,true,,,0,
south-aegean-tilos,dodecanese,2484,Tolos,false,false,false,true,true,,,0,
south-aegean-tinos,cyclades,2149,Agia Kyriaki,true,true,true,true,true,214,90,9,
south-aegean-tinos,cyclades,2150,Agios Dimitrios,false,false,false,true,true,,,0,
south-aegean-tinos,cyclades,2151,Agios Ioannis Porto,true,true,true,true,true,109,93,9,
south-aegean-tinos,cyclades,2152,Agios Petros,false,false,false,true,true,,,0,
south-aegean-tinos,cyclades,2153,Agios Romanos,true,true,true,true,true,304,,1,
south-aegean-tinos,cyclades,2154,Agios Sostis,true,true,true,true,true,544,350,6,
south-aegean-tinos,cyclades,2155,Agios Fokas,true,true,true,true,true,71,237,6,
south-aegean-tinos,cyclades,2156,Agkali,false,true,false,true,true,314,,24,
south-aegean-tinos,cyclades,2157,Apigania,false,false,false,true,true,520,,1,
south-aegean-tinos,cyclades,2158,Apothikes,true,false,true,true,true,504,567,12,
south-aegean-tinos,cyclades,2159,Aspros Gyalos,false,false,false,true,true,,,0,
south-aegean-tinos,cyclades,2160,Vathy Ysternion,false,false,false,true,true,,,0,
south-aegean-tinos,cyclades,2161,Vathy Panormou,false,false,false,true,true,,,0,
south-aegean-tinos,cyclades,2162,Empros Dialiskar,false,false,false,true,true,,,0,
south-aegean-tinos,cyclades,2163,Kalyvia,true,true,false,true,true,46,37,4,
south-aegean-tinos,cyclades,2164,Kantani,false,false,false,true,true,,,0,
south-aegean-tinos,cyclades,2165,Kionia,true,true,true,true,true,157,26,12,
south-aegean-tinos,cyclades,2166,Kolympithra,true,true,true,true,true,136,335,13,
south-aegean-tinos,cyclades,2167,Koumelas,false,false,false,true,true,,,0,
south-aegean-tinos,cyclades,2168,Kousinia,false,false,false,true,true,,,0,
south-aegean-tinos,cyclades,2169,Livada,false,false,false,true,true,259,,1,
south-aegean-tinos,cyclades,2170,Lychnavtia,false,false,false,true,true,,,0,
south-aegean-tinos,cyclades,2171,Malli,false,false,false,true,true,,,0,
south-aegean-tinos,cyclades,2172,Mantroklisi,false,false,false,true,true,735,767,11,
south-aegean-tinos,cyclades,2173,Mikri Kolympithra,true,true,true,true,true,51,20,13,
south-aegean-tinos,cyclades,2174,Ormos Ysternion,false,true,false,true,true,59,,16,
south-aegean-tinos,cyclades,2175,Panousa,false,false,false,true,true,,,0,
south-aegean-tinos,cyclades,2176,Paralia Agia Thalassa,false,false,false,true,true,,,0,
south-aegean-tinos,cyclades,2177,Paralia Kavalourko,false,false,false,true,true,,,0,
south-aegean-tinos,cyclades,2178,Paralia Stavros,false,true,false,true,true,609,,5,
south-aegean-tinos,cyclades,2179,Pachia ammos,false,false,false,true,true,,,1,
south-aegean-tinos,cyclades,2180,Piso Dialiskar,false,false,false,true,true,,,0,
south-aegean-tinos,cyclades,2181,Platia Ammos,false,false,false,true,true,792,611,6,
south-aegean-tinos,cyclades,2182,Platys Gialos,false,false,false,true,true,,,0,
south-aegean-tinos,cyclades,2183,Rochari,true,true,true,true,true,58,43,11,
south-aegean-tinos,cyclades,2184,Santa Margarita,false,false,false,true,true,,,0,
south-aegean-tinos,cyclades,2185,Skliros,false,false,false,true,true,,,0,
south-aegean-tinos,cyclades,2186,Stafida,true,true,true,true,true,125,,13,
south-aegean-tinos,cyclades,2187,Schinaki,true,false,false,true,true,205,,16,
south-aegean-tinos,cyclades,2188,Tsampia,true,true,true,true,true,177,60,12,
thessaly-alonissos,sporades,2580,Elia,false,false,false,true,true,15,,12,
thessaly-alonissos,sporades,2581,Gerakas,true,true,true,true,true,155,,1,
thessaly-alonissos,sporades,2582,Paralia Patitiriou,false,true,false,true,true,272,,92,
thessaly-alonissos,sporades,2583,Agii Anargyri,false,false,false,true,true,,,0,
thessaly-alonissos,sporades,2584,Agios Petros,false,true,false,true,true,,,0,
thessaly-alonissos,sporades,2585,Vampakies,false,false,false,true,true,,,0,
thessaly-alonissos,sporades,2586,Vasili Bampakies,false,false,false,true,true,517,,1,
thessaly-alonissos,sporades,2587,Vrysitsa,false,false,false,true,true,639,,13,
thessaly-alonissos,sporades,2588,Glyfa,false,true,false,true,true,245,,8,
thessaly-alonissos,sporades,2589,Gyalia,false,false,false,true,true,651,,2,
thessaly-alonissos,sporades,2590,Kalyvia Alexiou,false,false,false,true,true,,,2,
thessaly-alonissos,sporades,2591,Kalyvia Stamatiou,false,false,false,true,true,,,0,
thessaly-alonissos,sporades,2592,Katerinas Vala,false,false,false,true,true,228,,82,
thessaly-alonissos,sporades,2593,Kentrorema,false,false,false,false,false,,,0,
thessaly-alonissos,sporades,2594,Kokkinokastro,false,true,false,true,true,449,,12,
thessaly-alonissos,sporades,2595,Lena,false,false,false,true,true,151,,84,
thessaly-alonissos,sporades,2596,Lefto Gialos,true,true,false,true,true,67,,10,
thessaly-alonissos,sporades,2597,Megali Ammos,false,false,false,true,true,,,0,
thessaly-alonissos,sporades,2598,Milia,false,true,false,true,true,,,0,
thessaly-alonissos,sporades,2599,Mourtitsa,false,false,false,true,true,602,,20,
thessaly-alonissos,sporades,2600,Nikola Vala,false,false,false,true,true,297,,76,
thessaly-alonissos,sporades,2601,Paralia Votsi,false,true,false,true,true,30,,18,
thessaly-alonissos,sporades,2602,Paralia Vythisma,false,false,false,true,true,493,,3,
thessaly-alonissos,sporades,2603,Paralia Megalos Mourtias,false,true,false,true,true,158,,18,
thessaly-alonissos,sporades,2604,Paralia Mikros Mourtias,false,false,false,true,true,376,,52,
thessaly-alonissos,sporades,2606,Plakes,false,false,false,true,true,35,,94,
thessaly-alonissos,sporades,2607,Rousoum Gialos,false,true,false,true,true,137,,94,
thessaly-alonissos,sporades,2608,Spartines,false,false,false,true,true,,,0,
thessaly-alonissos,sporades,2609,Splithari,false,false,false,true,true,,,0,
thessaly-alonissos,sporades,2610,Stou Malathriti Bampakies,false,false,false,true,true,,,0,
thessaly-alonissos,sporades,2611,Strovili,false,false,false,true,true,,,0,
thessaly-alonissos,sporades,2612,Tzortzi,false,true,false,true,true,35,,9,
thessaly-alonissos,sporades,2613,Tourkoneri,false,false,false,true,true,,,0,
thessaly-alonissos,sporades,2614,Tsoukalia,false,true,false,true,true,,,0,
thessaly-alonissos,sporades,3023,Alonnisos Milia,false,false,false,true,true,,,1,
thessaly-alonissos,sporades,3087,Chrysi Milia,false,false,false,true,true,,,2,
thessaly-alonissos,sporades,3093,Megali Ammos,false,false,false,true,true,,,0,
thessaly-alonissos,sporades,3095,Elias Cove,false,false,false,true,true,651,,66,
thessaly-alonissos,sporades,3112,Lechouni (Peristera),false,false,false,true,true,,,0,
thessaly-larissa-coast-agia---kissavos,mainland_thessaly,2727,Paralia Tsiligiorgos,false,false,false,true,true,493,,4,
thessaly-larissa-coast-agia---kissavos,mainland_thessaly,2729,Platia Ammos,true,true,true,true,true,212,,4,
thessaly-larissa-coast-agia---kissavos,mainland_thessaly,2731,Paralia Papakosta,true,true,true,true,true,,,0,
thessaly-larissa-coast-agia---kissavos,mainland_thessaly,2732,Paralia Paliourias,true,true,true,true,true,,,0,
thessaly-larissa-coast-agia---kissavos,mainland_thessaly,2735,Paralia Panagia,false,false,false,true,true,,,0,
thessaly-larissa-coast-agia---kissavos,mainland_thessaly,2736,Paralia Koutsoupias,true,true,true,true,true,313,44,6,
thessaly-larissa-coast-agia---kissavos,mainland_thessaly,2737,Paralia Alexandrinis,true,true,false,true,true,,,0,
thessaly-larissa-coast-agia---kissavos,mainland_thessaly,2739,Paralia Stomiou,true,true,true,true,true,82,,15,
thessaly-larissa-coast-agia---kissavos,mainland_thessaly,3110,Agia Paraskevi (Stomio),false,false,false,true,true,322,,2,
thessaly-magnesia-mainland---pelion,mainland_thessaly,2666,Dermaria (Pteleos),false,false,false,true,true,,,0,
thessaly-magnesia-mainland---pelion,mainland_thessaly,2667,Izgkoud (Trikeri),false,false,false,true,true,,,0,
thessaly-magnesia-mainland---pelion,mainland_thessaly,2671,Plakes (Volos),true,false,false,true,true,458,,6,
thessaly-magnesia-mainland---pelion,mainland_thessaly,2672,Sykitsa (Sourpi),true,true,false,true,true,45,,17,
thessaly-magnesia-mainland---pelion,mainland_thessaly,2673,Agii Saranta,true,true,true,true,true,,55,7,
thessaly-magnesia-mainland---pelion,mainland_thessaly,2674,Agios Ioannis (Zagora),true,true,true,true,true,99,79,35,
thessaly-magnesia-mainland---pelion,mainland_thessaly,2675,Anavros,true,true,true,true,true,53,,14,
thessaly-magnesia-mainland---pelion,mainland_thessaly,2676,Agia Thymia,false,false,false,true,true,45,,8,
thessaly-magnesia-mainland---pelion,mainland_thessaly,2677,Alykes (Volos),true,true,true,true,true,143,,14,
thessaly-magnesia-mainland---pelion,mainland_thessaly,2678,Ampovos,true,true,true,true,true,197,,14,
thessaly-magnesia-mainland---pelion,mainland_thessaly,2679,Vathia Spilia,false,false,false,true,true,,,0,
thessaly-magnesia-mainland---pelion,mainland_thessaly,2680,Vlachorema,false,false,false,false,true,503,,4,
thessaly-magnesia-mainland---pelion,mainland_thessaly,2681,Vromoneri,false,false,false,true,true,6,,1,
thessaly-magnesia-mainland---pelion,mainland_thessaly,2682,Gourna,false,false,false,true,true,246,,8,
thessaly-magnesia-mainland---pelion,mainland_thessaly,2683,Theotokos,false,false,false,true,true,,,0,
thessaly-magnesia-mainland---pelion,mainland_thessaly,2684,Kalamies (Agria),true,true,true,true,true,602,,2,
thessaly-magnesia-mainland---pelion,mainland_thessaly,2686,Karnagio (Agria),false,true,false,true,true,,,4,
thessaly-magnesia-mainland---pelion,mainland_thessaly,2687,Kastri,false,false,false,true,true,31,,1,
thessaly-magnesia-mainland---pelion,mainland_thessaly,2688,Klossou,false,false,false,true,true,,,0,
thessaly-magnesia-mainland---pelion,mainland_thessaly,2689,Komos,false,false,false,true,true,301,,4,
thessaly-magnesia-mainland---pelion,mainland_thessaly,2691,Lagoudi,false,false,false,true,true,305,,13,
thessaly-magnesia-mainland---pelion,mainland_thessaly,2692,Lepetous,false,false,false,true,true,664,,1,
thessaly-magnesia-mainland---pelion,mainland_thessaly,2693,Lefokastro,false,true,false,true,true,69,,8,
thessaly-magnesia-mainland---pelion,mainland_thessaly,2695,Lyri,false,false,false,true,true,,,0,
thessaly-magnesia-mainland---pelion,mainland_thessaly,2696,Melani,false,false,false,true,true,362,,9,
thessaly-magnesia-mainland---pelion,mainland_thessaly,2697,Mikro,false,true,false,true,true,70,,2,
thessaly-magnesia-mainland---pelion,mainland_thessaly,2698,Mortitsa,false,true,false,true,true,56,,8,
thessaly-magnesia-mainland---pelion,mainland_thessaly,2699,Mourtias,false,true,false,true,true,,,0,
thessaly-magnesia-mainland---pelion,mainland_thessaly,2700,Mylopotamos,true,true,true,true,true,82,,6,
thessaly-magnesia-mainland---pelion,mainland_thessaly,2701,Nea Agchialos,true,true,true,true,true,36,33,16,
thessaly-magnesia-mainland---pelion,mainland_thessaly,2702,Damouchari,false,true,false,true,true,56,,8,
thessaly-magnesia-mainland---pelion,mainland_thessaly,2703,Paltsi,false,true,false,true,true,,,0,
thessaly-magnesia-mainland---pelion,mainland_thessaly,2704,Papa Nero,true,true,true,true,true,104,59,25,
thessaly-magnesia-mainland---pelion,mainland_thessaly,2705,Parisaina,false,false,false,true,true,141,,4,
thessaly-magnesia-mainland---pelion,mainland_thessaly,2706,Paralia Analipsis,false,true,false,true,true,179,,5,
thessaly-magnesia-mainland---pelion,mainland_thessaly,2707,Paralia Elitsa,false,false,false,true,true,653,,4,
thessaly-magnesia-mainland---pelion,mainland_thessaly,2709,Paralia Kornelia,false,false,false,true,true,583,,7,
thessaly-magnesia-mainland---pelion,mainland_thessaly,2710,Paralia Kritharia,true,true,true,true,true,125,,7,
thessaly-magnesia-mainland---pelion,mainland_thessaly,2712,Paralia Banikas,false,true,false,true,true,,753,2,
thessaly-magnesia-mainland---pelion,mainland_thessaly,2713,Paralia Brianou,false,true,false,true,true,,441,7,
thessaly-magnesia-mainland---pelion,mainland_thessaly,2714,Paralia Rakopotamou,false,true,false,true,true,,,0,
thessaly-magnesia-mainland---pelion,mainland_thessaly,2715,Paralia Tourkopigis,false,false,false,true,true,234,,4,
thessaly-magnesia-mainland---pelion,mainland_thessaly,2716,Plaka (Zagora),true,false,true,true,true,133,517,14,
thessaly-magnesia-mainland---pelion,mainland_thessaly,2717,Potistika,true,true,true,true,true,151,,10,
thessaly-magnesia-mainland---pelion,mainland_thessaly,2718,Potoki,false,false,false,true,true,,,0,
thessaly-magnesia-mainland---pelion,mainland_thessaly,2719,Razi,false,true,false,true,true,478,,2,
thessaly-magnesia-mainland---pelion,mainland_thessaly,2720,Soutrali (Agria),false,true,false,true,true,,,2,
thessaly-magnesia-mainland---pelion,mainland_thessaly,2721,Fakistra,false,false,false,true,true,,,0,
thessaly-magnesia-mainland---pelion,mainland_thessaly,2723,Ftelia,false,true,false,true,true,617,,1,
thessaly-magnesia-mainland---pelion,mainland_thessaly,2724,Chondri Ammos,false,false,false,true,true,,,0,
thessaly-magnesia-mainland---pelion,mainland_thessaly,2725,Chorevto,true,true,true,true,true,370,,5,
thessaly-magnesia-mainland---pelion,mainland_thessaly,3084,Kalamies,false,false,false,true,true,549,,2,
thessaly-magnesia-mainland---pelion,mainland_thessaly,3086,paralia Nies,false,false,false,true,true,,,0,
thessaly-magnesia-mainland---pelion,mainland_thessaly,3094,Soutrali,false,false,false,true,true,75,,2,
thessaly-magnesia-mainland---pelion,mainland_thessaly,3096,Olive Bay,false,false,false,true,true,412,,7,
thessaly-magnesia-mainland---pelion,mainland_thessaly,3111,"Ai Giannis (Keramidi, Pilio)",false,false,false,true,true,,,0,
thessaly-skiathos,sporades,2615,Katharina,false,false,false,true,true,611,654,14,
thessaly-skiathos,sporades,2616,Koutsouri,true,true,true,true,true,34,,1,
thessaly-skiathos,sporades,2617,Mandraki,true,true,true,true,true,72,13,20,
thessaly-skiathos,sporades,2618,Megali Ammos,true,true,true,true,true,296,,6,
thessaly-skiathos,sporades,2619,Megas Gialos,false,false,false,true,true,,,0,
thessaly-skiathos,sporades,2620,Mystiki,true,true,true,true,true,44,364,52,
thessaly-skiathos,sporades,2621,Psarochoma,false,false,false,true,true,685,,6,
thessaly-skiathos,sporades,2622,Agia Eleni,true,true,true,true,true,525,478,24,
thessaly-skiathos,sporades,2623,Agia Paraskevi,true,true,true,true,true,87,,21,
thessaly-skiathos,sporades,2624,Achladies,true,true,true,true,true,102,50,2,
thessaly-skiathos,sporades,2625,Vromolimnos,true,true,true,true,true,143,,5,
thessaly-skiathos,sporades,2626,Kanapitsa,true,true,true,true,true,53,419,6,
thessaly-skiathos,sporades,2627,Kechria,true,true,true,true,true,79,,6,
thessaly-skiathos,sporades,2628,Kolios,true,true,true,true,true,80,,19,
thessaly-skiathos,sporades,2629,Lalaria,false,false,false,true,true,,,0,
thessaly-skiathos,sporades,2630,Megali Banana,true,true,true,true,true,61,29,44,
thessaly-skiathos,sporades,2631,Megalos Aselinos,true,true,true,true,true,145,99,8,
thessaly-skiathos,sporades,2632,Mikri Banana,true,true,true,true,true,17,22,44,
thessaly-skiathos,sporades,2633,Mikros Aselinos,true,true,true,true,true,29,,2,
thessaly-skiathos,sporades,2634,Nikotsara,false,false,false,true,true,,,0,
thessaly-skiathos,sporades,2635,Xanemo,true,true,true,true,true,49,,7,
thessaly-skiathos,sporades,2636,Paralia Agkistro,true,true,true,true,true,566,29,11,
thessaly-skiathos,sporades,2637,Paralia Kastrou,false,false,false,true,true,39,,3,
thessaly-skiathos,sporades,2638,Paralia Koukounaries,true,true,true,true,true,88,163,40,
thessaly-skiathos,sporades,2639,Paralia Kryfi Ammos,false,false,false,true,true,,,0,
thessaly-skiathos,sporades,2640,Paralia Ligaries,false,false,false,true,true,198,,6,
thessaly-skiathos,sporades,2641,Paralia Mandraki Elias,false,true,true,true,true,116,78,21,
thessaly-skiathos,sporades,2642,Paralia Maratha,true,true,true,true,true,573,,10,
thessaly-skiathos,sporades,2643,Paralia Tsougkrias,false,false,false,true,true,343,,4,
thessaly-skiathos,sporades,2644,Stygero,false,false,false,true,true,152,,7,
thessaly-skiathos,sporades,2645,Tzaneria,true,true,true,true,true,390,54,6,
thessaly-skiathos,sporades,2646,Troulos,true,true,true,true,true,83,33,22,
thessaly-skiathos,sporades,3085,Paralia Lalarias,false,false,false,true,true,561,,4,
thessaly-skopelos,sporades,2647,Glysteri,true,true,true,true,true,,,0,
thessaly-skopelos,sporades,2648,Limnonari,true,false,true,true,true,74,,2,
thessaly-skopelos,sporades,2649,Agios Ioannis,false,true,false,true,true,82,,1,
thessaly-skopelos,sporades,2650,Elios,false,true,false,true,true,40,,26,
thessaly-skopelos,sporades,2651,Armenopetra,false,false,false,true,true,708,,9,
thessaly-skopelos,sporades,2652,Vathias,false,false,false,true,true,,,0,
thessaly-skopelos,sporades,2653,Velanio,true,true,true,true,true,335,398,8,
thessaly-skopelos,sporades,2654,Glyfoneri,true,true,true,true,true,,,0,
thessaly-skopelos,sporades,2655,Ekatopenintari,false,false,false,true,true,642,,10,
thessaly-skopelos,sporades,2656,Kastani,false,false,false,true,true,,,0,
thessaly-skopelos,sporades,2657,Milia,true,true,true,true,true,522,,4,
thessaly-skopelos,sporades,2658,Neraki,true,true,false,true,true,584,,4,
thessaly-skopelos,sporades,2659,Paralia Panormou Skopelou,true,true,false,true,true,136,,3,
thessaly-skopelos,sporades,2660,Plaka,false,false,false,true,true,,,0,
thessaly-skopelos,sporades,2661,Spilia,false,false,false,true,true,232,,2,
thessaly-skopelos,sporades,2662,Stafylos,true,true,true,true,true,38,41,8,
thessaly-skopelos,sporades,2663,Trachili,false,false,false,true,true,,,0,
thessaly-skopelos,sporades,2664,Ftelia,true,true,true,true,true,771,,2,
thessaly-skopelos,sporades,2665,Chovolo,false,true,false,true,true,371,,24,
thessaly-skopelos,sporades,3074,Angeletou beach,false,false,false,true,true,,,0,
thessaly-skopelos,sporades,3075,Perivoliou Beach,false,false,false,true,true,,,0,
thessaly-skopelos,sporades,3113,Plaka (Chora Skopelou),false,false,false,true,true,66,,29,
west-greece-achaia-mainland,mainland_peloponnese,2502,Akoli,false,false,false,true,true,191,,8,
west-greece-achaia-mainland,mainland_peloponnese,2503,Ammolofos,false,false,false,true,true,75,107,25,
west-greece-achaia-mainland,mainland_peloponnese,2504,Vathi,false,false,false,true,true,,,1,
west-greece-achaia-mainland,mainland_peloponnese,2505,Digeliotika,true,true,true,true,true,44,,1,
west-greece-achaia-mainland,mainland_peloponnese,2506,Mikro Gianiskari,false,false,false,true,true,,,0,
west-greece-achaia-mainland,mainland_peloponnese,2507,Nikolaiika,true,true,true,true,true,,,0,
west-greece-achaia-mainland,mainland_peloponnese,2508,Paralia Akratas,true,false,true,true,true,232,,7,
west-greece-achaia-mainland,mainland_peloponnese,2509,Paralia Alyki,true,false,true,true,true,371,,12,
west-greece-achaia-mainland,mainland_peloponnese,2510,Paralia Gianiskari,true,true,true,true,true,750,,1,
west-greece-achaia-mainland,mainland_peloponnese,2511,Paralia Egkali,true,false,true,true,true,63,175,16,
west-greece-achaia-mainland,mainland_peloponnese,2512,Paralia Kalogrias,true,true,true,true,true,,,0,
west-greece-achaia-mainland,mainland_peloponnese,2513,Paralia Pounta,true,true,true,true,true,122,,10,
west-greece-achaia-mainland,mainland_peloponnese,2514,Plaz Patron,false,true,false,true,true,,,8,
west-greece-achaia-mainland,mainland_peloponnese,2515,Temeni,true,true,false,true,true,148,,12,
west-greece-achaia-mainland,mainland_peloponnese,2516,Trypia,false,false,false,true,true,188,,2,
west-greece-achaia-mainland,mainland_peloponnese,3047,PDE Kastelokampos,false,false,false,true,true,63,,17,
west-greece-achaia-mainland,mainland_peloponnese,3048,PDE Kato Achaias,false,false,false,true,true,713,,1,
west-greece-achaia-mainland,mainland_peloponnese,3049,PDE Lakkopetra,false,false,false,true,true,,,0,
west-greece-achaia-mainland,mainland_peloponnese,3052,PDE Pounta Aigialias,false,false,false,true,true,103,,10,
west-greece-aetolia-acarnania-mainland,mainland_central,2517,Abelakia,false,false,false,true,true,324,,4,
west-greece-aetolia-acarnania-mainland,mainland_central,2518,Agrapidia,false,false,false,true,true,552,,1,
west-greece-aetolia-acarnania-mainland,mainland_central,2519,Athiki,false,false,false,true,true,,,0,
west-greece-aetolia-acarnania-mainland,mainland_central,2520,Bouka Beach,true,true,true,true,true,78,,1,
west-greece-aetolia-acarnania-mainland,mainland_central,2521,Drepano Kite Surfer's Paradise Beach,false,false,false,true,true,,,1,
west-greece-aetolia-acarnania-mainland,mainland_central,2522,Kitesurf Spot,false,false,false,true,true,,1,6,osm-resort-not-claimed
west-greece-aetolia-acarnania-mainland,mainland_central,2523,Mirtia Strand,false,true,false,true,true,582,,6,
west-greece-aetolia-acarnania-mainland,mainland_central,2524,Mylos beach,false,true,false,true,true,64,,4,
west-greece-aetolia-acarnania-mainland,mainland_central,2525,Vali,false,false,false,true,true,495,,4,
west-greece-aetolia-acarnania-mainland,mainland_central,2526,Agrilia,false,false,false,true,true,,,0,
west-greece-aetolia-acarnania-mainland,mainland_central,2528,Asprogiali,false,true,false,true,true,,,0,
west-greece-aetolia-acarnania-mainland,mainland_central,2529,Vathia Vali,false,false,false,true,true,,,0,
west-greece-aetolia-acarnania-mainland,mainland_central,2530,Vela,false,false,false,true,true,,,1,
west-greece-aetolia-acarnania-mainland,mainland_central,2531,Giannitsa,false,false,false,true,true,,,0,
west-greece-aetolia-acarnania-mainland,mainland_central,2532,Grimpovo,true,true,true,true,true,102,745,115,
west-greece-aetolia-acarnania-mainland,mainland_central,2533,Louros,true,false,true,true,true,,,0,
west-greece-aetolia-acarnania-mainland,mainland_central,2534,Marathaki,false,false,false,true,true,,,5,
west-greece-aetolia-acarnania-mainland,mainland_central,2535,Marathias,false,false,false,false,true,,,1,
west-greece-aetolia-acarnania-mainland,mainland_central,2536,Myrtari,false,false,false,true,true,,,0,
west-greece-aetolia-acarnania-mainland,mainland_central,2537,Myrtia,false,true,false,true,true,,,0,
west-greece-aetolia-acarnania-mainland,mainland_central,2538,Palionisi,false,false,false,true,true,,,0,
west-greece-aetolia-acarnania-mainland,mainland_central,2539,Paliopotamos,false,true,false,true,true,,,0,
west-greece-aetolia-acarnania-mainland,mainland_central,2540,Parathalasso,false,false,false,true,true,144,,7,
west-greece-aetolia-acarnania-mainland,mainland_central,2542,Paralia Ag. Spyridona Loutrakiou,false,true,false,true,true,46,,6,
west-greece-aetolia-acarnania-mainland,mainland_central,2544,Paralia Agiou Ioanni,false,false,false,true,true,,,0,
west-greece-aetolia-acarnania-mainland,mainland_central,2545,Paralia Amfilochias,false,true,false,true,true,33,,6,
west-greece-aetolia-acarnania-mainland,mainland_central,2547,Paralia Vathyavali,true,true,true,true,true,,,1,
west-greece-aetolia-acarnania-mainland,mainland_central,2548,Paralia Vlycha,false,false,false,true,true,,,0,
west-greece-aetolia-acarnania-mainland,mainland_central,2549,Paralia Dioni,false,true,false,false,true,77,,1,
west-greece-aetolia-acarnania-mainland,mainland_central,2551,Paralia Katergaki,true,true,true,true,true,624,,4,
west-greece-aetolia-acarnania-mainland,mainland_central,2552,Paralia Koulouri,true,true,true,true,true,42,,5,
west-greece-aetolia-acarnania-mainland,mainland_central,2553,Paralia Limnopoula,false,false,false,true,true,,,0,
west-greece-aetolia-acarnania-mainland,mainland_central,2554,Paralia Loutrakiou,false,true,false,true,true,409,,6,
west-greece-aetolia-acarnania-mainland,mainland_central,2555,Paralia Plataniti,false,true,false,true,true,730,,2,
west-greece-aetolia-acarnania-mainland,mainland_central,2556,Paralia Rizas,false,false,false,true,true,,,3,
west-greece-aetolia-acarnania-mainland,mainland_central,2558,Paralia Rougas,true,true,false,true,true,111,,2,
west-greece-aetolia-acarnania-mainland,mainland_central,2559,Paralia Tourlidas,true,false,true,true,true,150,,7,
west-greece-aetolia-acarnania-mainland,mainland_central,2563,Chioni,false,false,false,true,true,,,0,
west-greece-aetolia-acarnania-mainland,mainland_central,2564,Psani,true,true,true,true,true,197,525,86,
west-greece-aetolia-acarnania-mainland,mainland_central,3017,Mesolongi Tourlida,false,false,false,true,true,151,,7,
west-greece-aetolia-acarnania-mainland,mainland_central,3044,Aktio Vonitsas Ag. Dimitrios,false,false,false,true,true,257,,18,
west-greece-aetolia-acarnania-mainland,mainland_central,3045,Aktio Vonitsas Palairos,false,false,false,true,true,76,,17,
west-greece-aetolia-acarnania-mainland,mainland_central,3046,PDE Arachovitika,false,false,false,true,true,,,0,
west-greece-aetolia-acarnania-mainland,mainland_central,3050,PDE Makynia,false,false,false,true,true,352,,3,
west-greece-aetolia-acarnania-mainland,mainland_central,3051,PDE Patra Ag.Vasilios,false,false,false,true,true,16,,7,
west-greece-aetolia-acarnania-mainland,mainland_central,1153,Asprogialos,false,false,false,true,true,608,,4,
west-greece-aetolia-acarnania-mainland,mainland_central,1170,Plaka (Vagia),false,false,false,true,true,,,2,
west-greece-aetolia-acarnania-mainland,mainland_central,1173,Fteri,false,false,false,true,true,,,0,
west-greece-ileia-mainland,mainland_central,2565,Agios Andreas,true,true,true,true,true,92,138,11,
west-greece-ileia-mainland,mainland_central,2566,Arkoudi,true,true,true,true,true,121,,20,
west-greece-ileia-mainland,mainland_central,2567,Kounoupelaki,false,false,false,true,true,173,,1,
west-greece-ileia-mainland,mainland_central,2568,Kounoupeli,true,false,true,true,true,,,1,
west-greece-ileia-mainland,mainland_central,2569,Matzakoura,false,true,false,true,true,602,648,10,
west-greece-ileia-mainland,mainland_central,2570,Melissa,false,true,false,true,true,350,,8,
west-greece-ileia-mainland,mainland_central,2571,Brinia,false,false,false,true,true,704,,2,
west-greece-ileia-mainland,mainland_central,2572,Paralia Agias Marinas,true,true,true,true,true,75,,3,
west-greece-ileia-mainland,mainland_central,2573,Paralia Agiou Ilia,true,true,true,true,true,39,21,4,
west-greece-ileia-mainland,mainland_central,2574,Paralia Kourouta,true,true,true,true,true,58,8,18,
west-greece-ileia-mainland,mainland_central,2575,Paralia Kyllinis,true,true,true,true,true,101,0,19,
west-greece-ileia-mainland,mainland_central,2576,Paralia Leventochoriou,false,true,false,true,true,757,,2,
west-greece-ileia-mainland,mainland_central,2577,Paralia Marathias,false,true,false,true,true,176,,1,
west-greece-ileia-mainland,mainland_central,2578,Skafidia,true,true,true,true,true,61,,8,
west-greece-ileia-mainland,mainland_central,2579,Falari,false,false,false,true,true,619,,3,
west-greece-ileia-mainland,mainland_central,3053,Pinios Glyfa,false,false,false,true,true,219,,3,